ean,url,host,kind,suggested_file,already_on_cdn
1100000015512,https://cdn.shopify.com/s/files/1/0679/9792/5684/products/8435415011280-9.jpg?v=1671874669,cdn.shopify.com,shopify,files/remote/cdn.shopify.com/1100000015512.jpg,0
1210000800114,https://cdn.shopify.com/s/files/1/0679/9792/5684/products/1210000800114-9.jpg?v=1673056534,cdn.shopify.com,shopify,files/remote/cdn.shopify.com/1210000800114.jpg,0
1210000800152,https://cdn.shopify.com/s/files/1/0679/9792/5684/products/1210000800152-1.jpg?v=1673056489,cdn.shopify.com,shopify,files/remote/cdn.shopify.com/1210000800152.jpg,0
1210000800220,https://cdn.shopify.com/s/files/1/0679/9792/5684/products/1210000800220-9.jpg?v=1671848784,cdn.shopify.com,shopify,files/remote/cdn.shopify.com/1210000800220.jpg,0
1210000800251,https://cdn.shopify.com/s/files/1/0679/9792/5684/products/1210000800251-9.jpg?v=1671848752,cdn.shopify.com,shopify,files/remote/cdn.shopify.com/1210000800251.jpg,0
1210000800268,https://cdn.shopify.com/s/files/1/0679/9792/5684/products/1210000800268-9.jpg?v=1673056540,cdn.shopify.com,shopify,files/remote/cdn.shopify.com/1210000800268.jpg,0
1214564564161,https://cdn.shopify.com/s/files/1/0679/9792/5684/files/E811386.jpg?v=1740614015,cdn.shopify.com,shopify,files/remote/cdn.shopify.com/1214564564161.jpg,0
12345678905,https://cdn.shopify.com/s/files/1/0679/9792/5684/files/D46969.jpg?v=1740611295,cdn.shopify.com,shopify,files/remote/cdn.shopify.com/12345678905.jpg,0
12345911521,https://cdn.shopify.com/s/files/1/0679/9792/5684/products/783320402555-9.jpg?v=1671870896,cdn.shopify.com,shopify,files/remote/cdn.shopify.com/12345911521.jpg,0
1635713960953,https://cdn.shopify.com/s/files/1/0679/9792/5684/files/I066986.jpg?v=1740629738,cdn.shopify.com,shopify,files/remote/cdn.shopify.com/1635713960953.jpg,0
17854064836,https://cdn.shopify.com/s/files/1/0679/9792/5684/files/J019881.jpg?v=1740637316,cdn.shopify.com,shopify,files/remote/cdn.shopify.com/17854064836.jpg,0
17854078413,https://cdn.shopify.com/s/files/1/0679/9792/5684/files/P397220.jpg?v=1740637313,cdn.shopify.com,shopify,files/remote/cdn.shopify.com/17854078413.jpg,0
17854113985,https://cdn.shopify.com/s/files/1/0679/9792/5684/files/F548951.jpg?v=1740636190,cdn.shopify.com,shopify,files/remote/cdn.shopify.com/17854113985.jpg,0
1792551500700,https://cdn.shopify.com/s/files/1/0679/9792/5684/products/8057714450234-9.jpg?v=1673061197,cdn.shopify.com,shopify,files/remote/cdn.shopify.com/1792551500700.jpg,0
18084014325,https://images.btswholesaler.com/imgs/productos_cosmetica/imagenes/0018084014325.webp,images.btswholesaler.com,bts_cdn,files/remote/images.btswholesaler.com/18084014325.webp,0
18084016107,https://cdn.shopify.com/s/files/1/0679/9792/5684/files/J026981.jpg?v=1740625796,cdn.shopify.com,shopify,files/remote/cdn.shopify.com/18084016107.jpg,0
18084016510,https://cdn.shopify.com/s/files/1/0679/9792/5684/files/B346473.jpg?v=1740625789,cdn.shopify.com,shopify,files/remote/cdn.shopify.com/18084016510.jpg,0
18084019313,https://cdn.shopify.com/s/files/1/0679/9792/5684/files/P931225.jpg?v=1740626114,cdn.shopify.com,shopify,files/remote/cdn.shopify.com/18084019313.jpg,0
18084814017,https://cdn.shopify.com/s/files/1/0679/9792/5684/files/T899259.jpg?v=1740635108,cdn.shopify.com,shopify,files/remote/cdn.shopify.com/18084814017.jpg,0
18084814031,https://cdn.shopify.com/s/files/1/0679/9792/5684/products/018084814031-1.jpg?v=1673064935,cdn.shopify.com,shopify,files/remote/cdn.shopify.com/18084814031.jpg,0
18084850985,https://cdn.shopify.com/s/files/1/0679/9792/5684/files/H422575.jpg?v=1740624529,cdn.shopify.com,shopify,files/remote/cdn.shopify.com/18084850985.jpg,0
18084875896,https://cdn.shopify.com/s/files/1/0679/9792/5684/files/S213183.jpg?v=1740626593,cdn.shopify.com,shopify,files/remote/cdn.shopify.com/18084875896.jpg,0
18084885000,https://cdn.shopify.com/s/files/1/0679/9792/5684/files/J014781.jpg?v=1740627315,cdn.shopify.com,shopify,files/remote/cdn.shopify.com/18084885000.jpg,0
18084927960,https://cdn.shopify.com/s/files/1/0679/9792/5684/files/N398549.jpg?v=1740626120,cdn.shopify.com,shopify,files/remote/cdn.shopify.com/18084927960.jpg,0
18084929476,https://cdn.shopify.com/s/files/1/0679/9792/5684/files/X923790.jpg?v=1740627000,cdn.shopify.com,shopify,files/remote/cdn.shopify.com/18084929476.jpg,0
18084945421,https://cdn.shopify.com/s/files/1/0679/9792/5684/files/Y165621.jpg?v=1740624526,cdn.shopify.com,shopify,files/remote/cdn.shopify.com/18084945421.jpg,0
18084967232,https://images.btswholesaler.com/imgs/productos_cosmetica/imagenes/0018084967232.webp,images.btswholesaler.com,bts_cdn,files/remote/images.btswholesaler.com/18084967232.webp,0
18084998182,https://cdn.shopify.com/s/files/1/0679/9792/5684/products/018084998182-1.jpg?v=1673064978,cdn.shopify.com,shopify,files/remote/cdn.shopify.com/18084998182.jpg,0
18787243008,https://images.btswholesaler.com/imgs/productos_cosmetica/imagenes/0018787243008.webp,images.btswholesaler.com,bts_cdn,files/remote/images.btswholesaler.com/18787243008.webp,0
192333027219,https://cdn.shopify.com/s/files/1/0679/9792/5684/files/W680761.jpg?v=1740628878,cdn.shopify.com,shopify,files/remote/cdn.shopify.com/192333027219.jpg,0
192333074633,https://cdn.shopify.com/s/files/1/0679/9792/5684/products/192333074633-9.jpg?v=1673046948,cdn.shopify.com,shopify,files/remote/cdn.shopify.com/192333074633.jpg,0
192333074640,https://www.oceanfragrances.com/Foto/0020714149673.jpg,www.oceanfragrances.com,oceanfragrances,files/remote/www.oceanfragrances.com/192333074640.jpg,0
192333074664,https://cdn.shopify.com/s/files/1/0679/9792/5684/products/192333074664-9_1.jpg?v=1673046989,cdn.shopify.com,shopify,files/remote/cdn.shopify.com/192333074664.jpg,0
192333116203,https://cdn.shopify.com/s/files/1/0679/9792/5684/products/192333116203-1.jpg?v=1673047608,cdn.shopify.com,shopify,files/remote/cdn.shopify.com/192333116203.jpg,0
192333127896,https://cdn.shopify.com/s/files/1/0679/9792/5684/files/L924902.jpg?v=1740627218,cdn.shopify.com,shopify,files/remote/cdn.shopify.com/192333127896.jpg,0
192333128695,https://www.oceanfragrances.com/Foto/0192333128695.jpg,www.oceanfragrances.com,oceanfragrances,files/remote/www.oceanfragrances.com/192333128695.jpg,0
192333211779,https://www.oceanfragrances.com/Foto/0192333211779.jpg,www.oceanfragrances.com,oceanfragrances,files/remote/www.oceanfragrances.com/192333211779.jpg,0
192333232323,https://www.oceanfragrances.com/Foto/0192333232323.jpg,www.oceanfragrances.com,oceanfragrances,files/remote/www.oceanfragrances.com/192333232323.jpg,0
195106001324,https://cdn.shopify.com/s/files/1/0679/9792/5684/files/B126465.jpg?v=1740616311,cdn.shopify.com,shopify,files/remote/cdn.shopify.com/195106001324.jpg,0
195106001348,https://cdn.shopify.com/s/files/1/0679/9792/5684/files/N9536213.jpg?v=1740616319,cdn.shopify.com,shopify,files/remote/cdn.shopify.com/195106001348.jpg,0
195106001386,https://cdn.shopify.com/s/files/1/0679/9792/5684/files/D5276108.jpg?v=1740616315,cdn.shopify.com,shopify,files/remote/cdn.shopify.com/195106001386.jpg,0
195106001409,https://cdn.shopify.com/s/files/1/0679/9792/5684/files/L726201.jpg?v=1740616307,cdn.shopify.com,shopify,files/remote/cdn.shopify.com/195106001409.jpg,0
195106504849,https://cdn.shopify.com/s/files/1/0679/9792/5684/files/N0715214.jpg?v=1740627170,cdn.shopify.com,shopify,files/remote/cdn.shopify.com/195106504849.jpg,0
197575027461,https://images.btswholesaler.com/imgs/productos_cosmetica/imagenes/0197575027461.webp,images.btswholesaler.com,bts_cdn,files/remote/images.btswholesaler.com/197575027461.webp,0
197575132288,https://images.btswholesaler.com/imgs/productos_cosmetica/imagenes/0667556605068.webp,images.btswholesaler.com,bts_cdn,files/remote/images.btswholesaler.com/197575132288.webp,0
2050000926242,https://cdn.shopify.com/s/files/1/0679/9792/5684/files/V081948.jpg?v=1740619663,cdn.shopify.com,shopify,files/remote/cdn.shopify.com/2050000926242.jpg,0
20714001230,https://cdn.shopify.com/s/files/1/0679/9792/5684/products/020714462758-9.jpg?v=1673046690,cdn.shopify.com,shopify,files/remote/cdn.shopify.com/20714001230.jpg,0
20714066116,https://cdn.shopify.com/s/files/1/0679/9792/5684/products/020714066116-9.jpg?v=1673046626,cdn.shopify.com,shopify,files/remote/cdn.shopify.com/20714066116.jpg,0
20714066123,https://cdn.shopify.com/s/files/1/0679/9792/5684/products/020714066123-9.jpg?v=1673046339,cdn.shopify.com,shopify,files/remote/cdn.shopify.com/20714066123.jpg,0
20714080310,https://cdn.shopify.com/s/files/1/0679/9792/5684/files/V41103.jpg?v=1740618006,cdn.shopify.com,shopify,files/remote/cdn.shopify.com/20714080310.jpg,0
20714170479,https://cdn.shopify.com/s/files/1/0679/9792/5684/files/D6895.jpg?v=1740610278,cdn.shopify.com,shopify,files/remote/cdn.shopify.com/20714170479.jpg,0
20714170486,https://cdn.shopify.com/s/files/1/0679/9792/5684/files/Y65568.jpg?v=1740610275,cdn.shopify.com,shopify,files/remote/cdn.shopify.com/20714170486.jpg,0
20714235901,https://cdn.shopify.com/s/files/1/0679/9792/5684/products/020714235901-9.jpg?v=1672678145,cdn.shopify.com,shopify,files/remote/cdn.shopify.com/20714235901.jpg,0
20714324674,https://cdn.shopify.com/s/files/1/0679/9792/5684/products/020714324674-9_1.jpg?v=1673046552,cdn.shopify.com,shopify,files/remote/cdn.shopify.com/20714324674.jpg,0
20714325312,https://cdn.shopify.com/s/files/1/0679/9792/5684/files/U77844.jpg?v=1740630176,cdn.shopify.com,shopify,files/remote/cdn.shopify.com/20714325312.jpg,0
20714426774,https://cdn.shopify.com/s/files/1/0679/9792/5684/products/020714426774-9_1.jpg?v=1671826274,cdn.shopify.com,shopify,files/remote/cdn.shopify.com/20714426774.jpg,0
20714495428,https://cdn.shopify.com/s/files/1/0679/9792/5684/products/020714495428-9.jpg?v=1673046893,cdn.shopify.com,shopify,files/remote/cdn.shopify.com/20714495428.jpg,0
20714495442,https://cdn.shopify.com/s/files/1/0679/9792/5684/products/020714495442-9.jpg?v=1671826834,cdn.shopify.com,shopify,files/remote/cdn.shopify.com/20714495442.jpg,0
20714561468,https://www.oceanfragrances.com/Foto/0020714561468.jpg,www.oceanfragrances.com,oceanfragrances,files/remote/www.oceanfragrances.com/20714561468.jpg,0
20714672072,https://cdn.shopify.com/s/files/1/0679/9792/5684/products/020714672072-9_1.jpg?v=1673047041,cdn.shopify.com,shopify,files/remote/cdn.shopify.com/20714672072.jpg,0
20714711870,https://cdn.shopify.com/s/files/1/0679/9792/5684/products/020714711870-9_2.jpg?v=1673047101,cdn.shopify.com,shopify,files/remote/cdn.shopify.com/20714711870.jpg,0
20714711900,https://cdn.shopify.com/s/files/1/0679/9792/5684/files/K34668.jpg?v=1740630183,cdn.shopify.com,shopify,files/remote/cdn.shopify.com/20714711900.jpg,0
20714711979,https://cdn.shopify.com/s/files/1/0679/9792/5684/files/O22812.jpg?v=1740630186,cdn.shopify.com,shopify,files/remote/cdn.shopify.com/20714711979.jpg,0
20714776114,https://cdn.shopify.com/s/files/1/0679/9792/5684/products/020714776114-9_1.jpg?v=1673046599,cdn.shopify.com,shopify,files/remote/cdn.shopify.com/20714776114.jpg,0
20714939472,https://cdn.shopify.com/s/files/1/0679/9792/5684/files/O63586.jpg?v=1740627434,cdn.shopify.com,shopify,files/remote/cdn.shopify.com/20714939472.jpg,0
20714949563,https://cdn.shopify.com/s/files/1/0679/9792/5684/products/020714949563-9.jpg?v=1673047427,cdn.shopify.com,shopify,files/remote/cdn.shopify.com/20714949563.jpg,0
20714977016,https://cdn.shopify.com/s/files/1/0679/9792/5684/products/020714977016-9.jpg?v=1671826821,cdn.shopify.com,shopify,files/remote/cdn.shopify.com/20714977016.jpg,0
20714977061,https://cdn.shopify.com/s/files/1/0679/9792/5684/products/020714977061-9.jpg?v=1671826817,cdn.shopify.com,shopify,files/remote/cdn.shopify.com/20714977061.jpg,0
20714979089,https://cdn.shopify.com/s/files/1/0679/9792/5684/products/020714979089-9_1.jpg?v=1673046492,cdn.shopify.com,shopify,files/remote/cdn.shopify.com/20714979089.jpg,0
2200003105094,https://cdn.shopify.com/s/files/1/0679/9792/5684/files/D856734.jpg?v=1740620307,cdn.shopify.com,shopify,files/remote/cdn.shopify.com/2200003105094.jpg,0
22548010150,https://cdn.shopify.com/s/files/1/0679/9792/5684/files/Y0390.jpg?v=1740617162,cdn.shopify.com,shopify,files/remote/cdn.shopify.com/22548010150.jpg,0
22548024317,https://cdn.shopify.com/s/files/1/0679/9792/5684/products/022548024317-9.jpg?v=1671877923,cdn.shopify.com,shopify,files/remote/cdn.shopify.com/22548024317.jpg,0
22548040119,https://cdn.shopify.com/s/files/1/0679/9792/5684/products/022548040119-9.jpg?v=1671877905,cdn.shopify.com,shopify,files/remote/cdn.shopify.com/22548040119.jpg,0
22548040126,https://cdn.shopify.com/s/files/1/0679/9792/5684/products/022548040126-9.jpg?v=1671877911,cdn.shopify.com,shopify,files/remote/cdn.shopify.com/22548040126.jpg,0
22548055373,https://cdn.shopify.com/s/files/1/0679/9792/5684/products/022548055373-9.jpg?v=1671877918,cdn.shopify.com,shopify,files/remote/cdn.shopify.com/22548055373.jpg,0
22548055380,https://cdn.shopify.com/s/files/1/0679/9792/5684/products/022548055380-9.jpg?v=1671877900,cdn.shopify.com,shopify,files/remote/cdn.shopify.com/22548055380.jpg,0
22548147528,https://cdn.shopify.com/s/files/1/0679/9792/5684/products/022548423967-9.jpg?v=1671859478,cdn.shopify.com,shopify,files/remote/cdn.shopify.com/22548147528.jpg,0
22548151631,https://cdn.shopify.com/s/files/1/0679/9792/5684/files/F115651.jpg?v=1740621925,cdn.shopify.com,shopify,files/remote/cdn.shopify.com/22548151631.jpg,0
22548172971,https://cdn.shopify.com/s/files/1/0679/9792/5684/products/022548172971-9.jpg?v=1673061363,cdn.shopify.com,shopify,files/remote/cdn.shopify.com/22548172971.jpg,0
22548181089,https://cdn.shopify.com/s/files/1/0679/9792/5684/products/022548181089-9.jpg?v=1673061351,cdn.shopify.com,shopify,files/remote/cdn.shopify.com/22548181089.jpg,0
22548221594,https://cdn.shopify.com/s/files/1/0679/9792/5684/files/Z81425.jpg?v=1740610574,cdn.shopify.com,shopify,files/remote/cdn.shopify.com/22548221594.jpg,0
22548223475,https://cdn.shopify.com/s/files/1/0679/9792/5684/files/O74212.jpg?v=1740610617,cdn.shopify.com,shopify,files/remote/cdn.shopify.com/22548223475.jpg,0
22548228562,https://cdn.shopify.com/s/files/1/0679/9792/5684/products/022548228562-9.jpg?v=1671884038,cdn.shopify.com,shopify,files/remote/cdn.shopify.com/22548228562.jpg,0
22548228586,https://cdn.shopify.com/s/files/1/0679/9792/5684/products/022548228586-9.jpg?v=1671884029,cdn.shopify.com,shopify,files/remote/cdn.shopify.com/22548228586.jpg,0
22548230930,https://cdn.shopify.com/s/files/1/0679/9792/5684/files/T39263.jpg?v=1740610676,cdn.shopify.com,shopify,files/remote/cdn.shopify.com/22548230930.jpg,0
22548230947,https://images.btswholesaler.com/imgs/productos_cosmetica/imagenes/0085715950291_1.webp,images.btswholesaler.com,bts_cdn,files/remote/images.btswholesaler.com/22548230947.webp,0
22548266816,https://cdn.shopify.com/s/files/1/0679/9792/5684/products/022548266816-9.jpg?v=1671877936,cdn.shopify.com,shopify,files/remote/cdn.shopify.com/22548266816.jpg,0
22548289655,https://cdn.shopify.com/s/files/1/0679/9792/5684/files/J78381.jpg?v=1740614248,cdn.shopify.com,shopify,files/remote/cdn.shopify.com/22548289655.jpg,0
22548355114,https://cdn.shopify.com/s/files/1/0679/9792/5684/files/N350030.jpg?v=1740610651,cdn.shopify.com,shopify,files/remote/cdn.shopify.com/22548355114.jpg,0
22548371039,https://cdn.shopify.com/s/files/1/0679/9792/5684/files/R965029.jpg?v=1740610657,cdn.shopify.com,shopify,files/remote/cdn.shopify.com/22548371039.jpg,0
22548371053,https://cdn.shopify.com/s/files/1/0679/9792/5684/files/L602996.jpg?v=1740610661,cdn.shopify.com,shopify,files/remote/cdn.shopify.com/22548371053.jpg,0
22548386903,https://cdn.shopify.com/s/files/1/0679/9792/5684/files/F22325.jpg?v=1740610692,cdn.shopify.com,shopify,files/remote/cdn.shopify.com/22548386903.jpg,0
22548386910,https://cdn.shopify.com/s/files/1/0679/9792/5684/files/D3016106.jpg?v=1740610698,cdn.shopify.com,shopify,files/remote/cdn.shopify.com/22548386910.jpg,0
22548387504,https://cdn.shopify.com/s/files/1/0679/9792/5684/files/O81034.jpg?v=1740616287,cdn.shopify.com,shopify,files/remote/cdn.shopify.com/22548387504.jpg,0
22548407912,https://cdn.shopify.com/s/files/1/0679/9792/5684/files/Z983814.jpg?v=1740621929,cdn.shopify.com,shopify,files/remote/cdn.shopify.com/22548407912.jpg,0
22548408032,https://cdn.shopify.com/s/files/1/0679/9792/5684/files/J49207.jpg?v=1740616299,cdn.shopify.com,shopify,files/remote/cdn.shopify.com/22548408032.jpg,0
22548424902,https://cdn.shopify.com/s/files/1/0679/9792/5684/files/P737221.jpg?v=1740634943,cdn.shopify.com,shopify,files/remote/cdn.shopify.com/22548424902.jpg,0
22548427026,https://cdn.shopify.com/s/files/1/0679/9792/5684/files/T064252.jpg?v=1740610613,cdn.shopify.com,shopify,files/remote/cdn.shopify.com/22548427026.jpg,0
22548430514,https://cdn.shopify.com/s/files/1/0679/9792/5684/files/F002551.jpg?v=1740616295,cdn.shopify.com,shopify,files/remote/cdn.shopify.com/22548430514.jpg,0
22548432655,https://cdn.shopify.com/s/files/1/0679/9792/5684/files/J491781.jpg?v=1740610592,cdn.shopify.com,shopify,files/remote/cdn.shopify.com/22548432655.jpg,0
22548433621,https://cdn.shopify.com/s/files/1/0679/9792/5684/files/F545051.jpg?v=1740610605,cdn.shopify.com,shopify,files/remote/cdn.shopify.com/22548433621.jpg,0
22548435649,https://cdn.shopify.com/s/files/1/0679/9792/5684/files/Z757423.jpg?v=1740621897,cdn.shopify.com,shopify,files/remote/cdn.shopify.com/22548435649.jpg,0
22548435670,https://cdn.shopify.com/s/files/1/0679/9792/5684/files/Z561423.jpg?v=1740621900,cdn.shopify.com,shopify,files/remote/cdn.shopify.com/22548435670.jpg,0
22548437490,https://cdn.shopify.com/s/files/1/0679/9792/5684/files/B236427.jpg?v=1740621890,cdn.shopify.com,shopify,files/remote/cdn.shopify.com/22548437490.jpg,0
25929127140,https://cdn.shopify.com/s/files/1/0679/9792/5684/files/V381921.jpg?v=1740620428,cdn.shopify.com,shopify,files/remote/cdn.shopify.com/25929127140.jpg,0
25929127201,https://cdn.shopify.com/s/files/1/0679/9792/5684/files/J535781.jpg?v=1740614319,cdn.shopify.com,shopify,files/remote/cdn.shopify.com/25929127201.jpg,0
25929129304,https://cdn.shopify.com/s/files/1/0679/9792/5684/files/Z03432.jpg?v=1740620456,cdn.shopify.com,shopify,files/remote/cdn.shopify.com/25929129304.jpg,0
25929129342,https://cdn.shopify.com/s/files/1/0679/9792/5684/files/J60181.jpg?v=1740620452,cdn.shopify.com,shopify,files/remote/cdn.shopify.com/25929129342.jpg,0
25929129823,https://cdn.shopify.com/s/files/1/0679/9792/5684/files/P713230.jpg?v=1740620464,cdn.shopify.com,shopify,files/remote/cdn.shopify.com/25929129823.jpg,0
25929129885,https://cdn.shopify.com/s/files/1/0679/9792/5684/files/F535651.jpg?v=1740620460,cdn.shopify.com,shopify,files/remote/cdn.shopify.com/25929129885.jpg,0
25929168402,https://cdn.shopify.com/s/files/1/0679/9792/5684/files/S963201.jpg?v=1740614374,cdn.shopify.com,shopify,files/remote/cdn.shopify.com/25929168402.jpg,0
25929169737,https://cdn.shopify.com/s/files/1/0679/9792/5684/files/U166216.jpg?v=1740620491,cdn.shopify.com,shopify,files/remote/cdn.shopify.com/25929169737.jpg,0
25929169836,https://cdn.shopify.com/s/files/1/0679/9792/5684/files/I634644.jpg?v=1740614371,cdn.shopify.com,shopify,files/remote/cdn.shopify.com/25929169836.jpg,0
25929180008,https://cdn.shopify.com/s/files/1/0679/9792/5684/files/F96651.jpg?v=1740616087,cdn.shopify.com,shopify,files/remote/cdn.shopify.com/25929180008.jpg,0
25929180039,https://cdn.shopify.com/s/files/1/0679/9792/5684/files/F19351.jpg?v=1740637230,cdn.shopify.com,shopify,files/remote/cdn.shopify.com/25929180039.jpg,0
25929180053,https://cdn.shopify.com/s/files/1/0679/9792/5684/files/P07232.jpg?v=1740637076,cdn.shopify.com,shopify,files/remote/cdn.shopify.com/25929180053.jpg,0
25929180107,https://cdn.shopify.com/s/files/1/0679/9792/5684/files/L26617.jpg?v=1740616090,cdn.shopify.com,shopify,files/remote/cdn.shopify.com/25929180107.jpg,0
25929180206,https://cdn.shopify.com/s/files/1/0679/9792/5684/files/L27649.jpg?v=1740616101,cdn.shopify.com,shopify,files/remote/cdn.shopify.com/25929180206.jpg,0
25929180282,https://cdn.shopify.com/s/files/1/0679/9792/5684/files/F60351.jpg?v=1740637082,cdn.shopify.com,shopify,files/remote/cdn.shopify.com/25929180282.jpg,0
25929180381,https://cdn.shopify.com/s/files/1/0679/9792/5684/files/U28216.jpg?v=1740637091,cdn.shopify.com,shopify,files/remote/cdn.shopify.com/25929180381.jpg,0
25929180404,https://cdn.shopify.com/s/files/1/0679/9792/5684/files/L24681.jpg?v=1740616114,cdn.shopify.com,shopify,files/remote/cdn.shopify.com/25929180404.jpg,0
25929180732,https://cdn.shopify.com/s/files/1/0679/9792/5684/files/P93229.jpg?v=1740616084,cdn.shopify.com,shopify,files/remote/cdn.shopify.com/25929180732.jpg,0
25929180930,https://cdn.shopify.com/s/files/1/0679/9792/5684/files/Z15439.jpg?v=1740616094,cdn.shopify.com,shopify,files/remote/cdn.shopify.com/25929180930.jpg,0
25929181036,https://cdn.shopify.com/s/files/1/0679/9792/5684/files/Z53434.jpg?v=1740616097,cdn.shopify.com,shopify,files/remote/cdn.shopify.com/25929181036.jpg,0
25929181135,https://cdn.shopify.com/s/files/1/0679/9792/5684/files/N749216.jpg?v=1740616104,cdn.shopify.com,shopify,files/remote/cdn.shopify.com/25929181135.jpg,0
25929181234,https://cdn.shopify.com/s/files/1/0679/9792/5684/files/A33337.jpg?v=1740616111,cdn.shopify.com,shopify,files/remote/cdn.shopify.com/25929181234.jpg,0
25929202892,https://cdn.shopify.com/s/files/1/0679/9792/5684/files/B051114.jpg?v=1740615170,cdn.shopify.com,shopify,files/remote/cdn.shopify.com/25929202892.jpg,0
25929203257,https://cdn.shopify.com/s/files/1/0679/9792/5684/files/L726141.jpg?v=1740614292,cdn.shopify.com,shopify,files/remote/cdn.shopify.com/25929203257.jpg,0
25929203288,https://cdn.shopify.com/s/files/1/0679/9792/5684/files/V261921.jpg?v=1740614295,cdn.shopify.com,shopify,files/remote/cdn.shopify.com/25929203288.jpg,0
25929203462,https://cdn.shopify.com/s/files/1/0679/9792/5684/files/T774276.jpg?v=1740620467,cdn.shopify.com,shopify,files/remote/cdn.shopify.com/25929203462.jpg,0
25929203493,https://cdn.shopify.com/s/files/1/0679/9792/5684/files/Q394052.jpg?v=1740620470,cdn.shopify.com,shopify,files/remote/cdn.shopify.com/25929203493.jpg,0
25929203578,https://cdn.shopify.com/s/files/1/0679/9792/5684/files/G627848.jpg?v=1740614364,cdn.shopify.com,shopify,files/remote/cdn.shopify.com/25929203578.jpg,0
25929203622,https://cdn.shopify.com/s/files/1/0679/9792/5684/files/A294337.jpg?v=1740620487,cdn.shopify.com,shopify,files/remote/cdn.shopify.com/25929203622.jpg,0
25929204117,https://cdn.shopify.com/s/files/1/0679/9792/5684/files/F535751.jpg?v=1740614335,cdn.shopify.com,shopify,files/remote/cdn.shopify.com/25929204117.jpg,0
25929205176,https://cdn.shopify.com/s/files/1/0679/9792/5684/files/J535481.jpg?v=1740614305,cdn.shopify.com,shopify,files/remote/cdn.shopify.com/25929205176.jpg,0
25929205237,https://cdn.shopify.com/s/files/1/0679/9792/5684/files/Z709430.jpg?v=1740614309,cdn.shopify.com,shopify,files/remote/cdn.shopify.com/25929205237.jpg,0
25929205268,https://cdn.shopify.com/s/files/1/0679/9792/5684/files/F535451.jpg?v=1740620416,cdn.shopify.com,shopify,files/remote/cdn.shopify.com/25929205268.jpg,0
25929207330,https://cdn.shopify.com/s/files/1/0679/9792/5684/files/N216299.jpg?v=1740621116,cdn.shopify.com,shopify,files/remote/cdn.shopify.com/25929207330.jpg,0
25929209204,https://cdn.shopify.com/s/files/1/0679/9792/5684/files/L925298.jpg?v=1740614361,cdn.shopify.com,shopify,files/remote/cdn.shopify.com/25929209204.jpg,0
25929209358,https://cdn.shopify.com/s/files/1/0679/9792/5684/files/B016461.jpg?v=1740623799,cdn.shopify.com,shopify,files/remote/cdn.shopify.com/25929209358.jpg,0
25929209419,https://cdn.shopify.com/s/files/1/0679/9792/5684/files/L926146.jpg?v=1740623803,cdn.shopify.com,shopify,files/remote/cdn.shopify.com/25929209419.jpg,0
25929212112,https://cdn.shopify.com/s/files/1/0679/9792/5684/files/N8186213.jpg?v=1740620424,cdn.shopify.com,shopify,files/remote/cdn.shopify.com/25929212112.jpg,0
27131043287,https://cdn.shopify.com/s/files/1/0679/9792/5684/files/D6118.jpg?v=1740611613,cdn.shopify.com,shopify,files/remote/cdn.shopify.com/27131043287.jpg,0
27131240303,https://cdn.shopify.com/s/files/1/0679/9792/5684/products/027131240303-9.jpg?v=1671830942,cdn.shopify.com,shopify,files/remote/cdn.shopify.com/27131240303.jpg,0
27131261612,https://cdn.shopify.com/s/files/1/0679/9792/5684/files/D646118.jpg?v=1740611606,cdn.shopify.com,shopify,files/remote/cdn.shopify.com/27131261612.jpg,0
27131267256,https://cdn.shopify.com/s/files/1/0679/9792/5684/products/027131267256-9.jpg?v=1671830896,cdn.shopify.com,shopify,files/remote/cdn.shopify.com/27131267256.jpg,0
27131495284,https://cdn.shopify.com/s/files/1/0679/9792/5684/files/K04665.jpg?v=1740632664,cdn.shopify.com,shopify,files/remote/cdn.shopify.com/27131495284.jpg,0
27131521433,https://cdn.shopify.com/s/files/1/0679/9792/5684/files/E31355.jpg?v=1740618644,cdn.shopify.com,shopify,files/remote/cdn.shopify.com/27131521433.jpg,0
27131763529,https://cdn.shopify.com/s/files/1/0679/9792/5684/products/027131763529-9.jpg?v=1671830820,cdn.shopify.com,shopify,files/remote/cdn.shopify.com/27131763529.jpg,0
27131771944,https://cdn.shopify.com/s/files/1/0679/9792/5684/files/C88844.jpg?v=1740632668,cdn.shopify.com,shopify,files/remote/cdn.shopify.com/27131771944.jpg,0
3014230021039,https://cdn.shopify.com/s/files/1/0679/9792/5684/files/X47453.jpg?v=1740617468,cdn.shopify.com,shopify,files/remote/cdn.shopify.com/3014230021039.jpg,0
3014230021404,https://cdn.shopify.com/s/files/1/0679/9792/5684/files/A69985.jpg?v=1740634496,cdn.shopify.com,shopify,files/remote/cdn.shopify.com/3014230021404.jpg,0
3014230022401,https://cdn.shopify.com/s/files/1/0679/9792/5684/files/A804151.jpg?v=1740634505,cdn.shopify.com,shopify,files/remote/cdn.shopify.com/3014230022401.jpg,0
30150676,https://cdn.shopify.com/s/files/1/0679/9792/5684/files/N7316210.jpg?v=1740633010,cdn.shopify.com,shopify,files/remote/cdn.shopify.com/30150676.jpg,0
3052503883601,https://cdn.shopify.com/s/files/1/0679/9792/5684/files/W164315.jpg?v=1740630983,cdn.shopify.com,shopify,files/remote/cdn.shopify.com/3052503883601.jpg,0
309970006433,https://cdn.shopify.com/s/files/1/0679/9792/5684/files/N4355210.jpg?v=1740629815,cdn.shopify.com,shopify,files/remote/cdn.shopify.com/309970006433.jpg,0
309970030384,https://cdn.shopify.com/s/files/1/0679/9792/5684/files/F491551.jpg?v=1740634814,cdn.shopify.com,shopify,files/remote/cdn.shopify.com/309970030384.jpg,0
309970038885,https://cdn.shopify.com/s/files/1/0679/9792/5684/files/F425851.jpg?v=1740634818,cdn.shopify.com,shopify,files/remote/cdn.shopify.com/309970038885.jpg,0
309970054625,https://cdn.shopify.com/s/files/1/0679/9792/5684/files/T659276.jpg?v=1740631596,cdn.shopify.com,shopify,files/remote/cdn.shopify.com/309970054625.jpg,0
309970060015,https://cdn.shopify.com/s/files/1/0679/9792/5684/files/P527615.jpg?v=1740632433,cdn.shopify.com,shopify,files/remote/cdn.shopify.com/309970060015.jpg,0
309970088088,https://cdn.shopify.com/s/files/1/0679/9792/5684/files/F114751.jpg?v=1740629358,cdn.shopify.com,shopify,files/remote/cdn.shopify.com/309970088088.jpg,0
309971370175,https://cdn.shopify.com/s/files/1/0679/9792/5684/files/R265028.jpg?v=1740632954,cdn.shopify.com,shopify,files/remote/cdn.shopify.com/309971370175.jpg,0
309971370182,https://cdn.shopify.com/s/files/1/0679/9792/5684/files/D215366.jpg?v=1740632961,cdn.shopify.com,shopify,files/remote/cdn.shopify.com/309971370182.jpg,0
309971370199,https://cdn.shopify.com/s/files/1/0679/9792/5684/files/Z806810.jpg?v=1740632964,cdn.shopify.com,shopify,files/remote/cdn.shopify.com/309971370199.jpg,0
309971370205,https://cdn.shopify.com/s/files/1/0679/9792/5684/files/N085547.jpg?v=1740632968,cdn.shopify.com,shopify,files/remote/cdn.shopify.com/309971370205.jpg,0
309971370212,https://cdn.shopify.com/s/files/1/0679/9792/5684/files/J40355.jpg?v=1740632971,cdn.shopify.com,shopify,files/remote/cdn.shopify.com/309971370212.jpg,0
309971370229,https://cdn.shopify.com/s/files/1/0679/9792/5684/files/X547418.jpg?v=1740632975,cdn.shopify.com,shopify,files/remote/cdn.shopify.com/309971370229.jpg,0
309971370274,https://cdn.shopify.com/s/files/1/0679/9792/5684/files/T017727.jpg?v=1740632989,cdn.shopify.com,shopify,files/remote/cdn.shopify.com/309971370274.jpg,0
309971370281,https://cdn.shopify.com/s/files/1/0679/9792/5684/files/D665382.jpg?v=1740632993,cdn.shopify.com,shopify,files/remote/cdn.shopify.com/309971370281.jpg,0
309973103078,https://cdn.shopify.com/s/files/1/0679/9792/5684/files/L803798.jpg?v=1740631589,cdn.shopify.com,shopify,files/remote/cdn.shopify.com/309973103078.jpg,0
309973112018,https://cdn.shopify.com/s/files/1/0679/9792/5684/files/L26657.jpg?v=1740615609,cdn.shopify.com,shopify,files/remote/cdn.shopify.com/309973112018.jpg,0
309974103015,https://cdn.shopify.com/s/files/1/0679/9792/5684/files/P503615.jpg?v=1740632399,cdn.shopify.com,shopify,files/remote/cdn.shopify.com/309974103015.jpg,0
309974103022,https://cdn.shopify.com/s/files/1/0679/9792/5684/files/T760238.jpg?v=1740632396,cdn.shopify.com,shopify,files/remote/cdn.shopify.com/309974103022.jpg,0
309974103046,https://cdn.shopify.com/s/files/1/0679/9792/5684/files/V153465.jpg?v=1740632402,cdn.shopify.com,shopify,files/remote/cdn.shopify.com/309974103046.jpg,0
309974103107,https://cdn.shopify.com/s/files/1/0679/9792/5684/files/T019259.jpg?v=1740632409,cdn.shopify.com,shopify,files/remote/cdn.shopify.com/309974103107.jpg,0
309974372251,https://cdn.shopify.com/s/files/1/0679/9792/5684/files/K220260.jpg?v=1740632437,cdn.shopify.com,shopify,files/remote/cdn.shopify.com/309974372251.jpg,0
309974755481,https://cdn.shopify.com/s/files/1/0679/9792/5684/files/K125202.jpg?v=1740634779,cdn.shopify.com,shopify,files/remote/cdn.shopify.com/309974755481.jpg,0
309974755641,https://cdn.shopify.com/s/files/1/0679/9792/5684/files/H321874.jpg?v=1740634803,cdn.shopify.com,shopify,files/remote/cdn.shopify.com/309974755641.jpg,0
309974755658,https://cdn.shopify.com/s/files/1/0679/9792/5684/files/H323074.jpg?v=1740634833,cdn.shopify.com,shopify,files/remote/cdn.shopify.com/309974755658.jpg,0
309974755665,https://cdn.shopify.com/s/files/1/0679/9792/5684/files/H314074.jpg?v=1740634825,cdn.shopify.com,shopify,files/remote/cdn.shopify.com/309974755665.jpg,0
309975122053,https://cdn.shopify.com/s/files/1/0679/9792/5684/files/T294275.jpg?v=1740634760,cdn.shopify.com,shopify,files/remote/cdn.shopify.com/309975122053.jpg,0
309975122060,https://cdn.shopify.com/s/files/1/0679/9792/5684/files/J465881.jpg?v=1740634799,cdn.shopify.com,shopify,files/remote/cdn.shopify.com/309975122060.jpg,0
309975122107,https://cdn.shopify.com/s/files/1/0679/9792/5684/files/N1931213.jpg?v=1740634783,cdn.shopify.com,shopify,files/remote/cdn.shopify.com/309975122107.jpg,0
309976012278,https://cdn.shopify.com/s/files/1/0679/9792/5684/files/N429032.jpg?v=1740633368,cdn.shopify.com,shopify,files/remote/cdn.shopify.com/309976012278.jpg,0
309976012544,https://cdn.shopify.com/s/files/1/0679/9792/5684/files/J180381.jpg?v=1740633364,cdn.shopify.com,shopify,files/remote/cdn.shopify.com/309976012544.jpg,0
309976012582,https://cdn.shopify.com/s/files/1/0679/9792/5684/files/L724715.jpg?v=1740633361,cdn.shopify.com,shopify,files/remote/cdn.shopify.com/309976012582.jpg,0
309977862056,https://cdn.shopify.com/s/files/1/0679/9792/5684/files/R028223.jpg?v=1740632429,cdn.shopify.com,shopify,files/remote/cdn.shopify.com/309977862056.jpg,0
3137370180333,https://cdn.shopify.com/s/files/1/0679/9792/5684/products/3137370180333-9.jpg?v=1671876575,cdn.shopify.com,shopify,files/remote/cdn.shopify.com/3137370180333.jpg,0
3137370203995,https://cdn.shopify.com/s/files/1/0679/9792/5684/files/F83451.jpg?v=1740634869,cdn.shopify.com,shopify,files/remote/cdn.shopify.com/3137370203995.jpg,0
3137370207016,https://images.btswholesaler.com/imgs/productos_cosmetica/imagenes/3137370207016_2.webp,images.btswholesaler.com,bts_cdn,files/remote/images.btswholesaler.com/3137370207016.webp,0
3137370207030,https://cdn.shopify.com/s/files/1/0679/9792/5684/products/3137370207030-9.jpg?v=1671876478,cdn.shopify.com,shopify,files/remote/cdn.shopify.com/3137370207030.jpg,0
3137370207085,https://images.btswholesaler.com/imgs/productos_cosmetica/imagenes/3137370207085_1.webp,images.btswholesaler.com,bts_cdn,files/remote/images.btswholesaler.com/3137370207085.webp,0
3137370351436,https://cdn.shopify.com/s/files/1/0679/9792/5684/products/3137370351436-9.jpg?v=1671858687,cdn.shopify.com,shopify,files/remote/cdn.shopify.com/3137370351436.jpg,0
3137370352174,https://images.btswholesaler.com/imgs/productos_cosmetica/imagenes/3137370352174.webp,images.btswholesaler.com,bts_cdn,files/remote/images.btswholesaler.com/3137370352174.webp,0
3137370352518,https://cdn.shopify.com/s/files/1/0679/9792/5684/products/3137370352518-9.jpg?v=1671858600,cdn.shopify.com,shopify,files/remote/cdn.shopify.com/3137370352518.jpg,0
3137370357339,https://images.btswholesaler.com/imgs/productos_cosmetica/imagenes/3137370357339.webp,images.btswholesaler.com,bts_cdn,files/remote/images.btswholesaler.com/3137370357339.webp,0
3137370359487,https://www.oceanfragrances.com/Foto/3137370359487.jpg,www.oceanfragrances.com,oceanfragrances,files/remote/www.oceanfragrances.com/3137370359487.jpg,0
3139093035228,https://cdn.shopify.com/s/files/1/0679/9792/5684/files/N59213.jpg?v=1740620123,cdn.shopify.com,shopify,files/remote/cdn.shopify.com/3139093035228.jpg,0
3139420225018,https://cdn.shopify.com/s/files/1/0679/9792/5684/files/J9081.jpg?v=1740618512,cdn.shopify.com,shopify,files/remote/cdn.shopify.com/3139420225018.jpg,0
3139431653480,https://images.btswholesaler.com/imgs/productos_parafarmacia/imagenes/3139431653480.webp,images.btswholesaler.com,bts_cdn,files/remote/images.btswholesaler.com/3139431653480.webp,0
3139432080001,https://images.btswholesaler.com/imgs/productos_parafarmacia/imagenes/3139432080001_1.webp,images.btswholesaler.com,bts_cdn,files/remote/images.btswholesaler.com/3139432080001.webp,0
3139434552308,https://images.btswholesaler.com/imgs/productos_parafarmacia/imagenes/3139434552308_1.webp,images.btswholesaler.com,bts_cdn,files/remote/images.btswholesaler.com/3139434552308.webp,0
3139436552528,https://images.btswholesaler.com/imgs/productos_parafarmacia/imagenes/3139436552528_1.webp,images.btswholesaler.com,bts_cdn,files/remote/images.btswholesaler.com/3139436552528.webp,0
3139436552573,https://images.btswholesaler.com/imgs/productos_parafarmacia/imagenes/3139436552573.webp,images.btswholesaler.com,bts_cdn,files/remote/images.btswholesaler.com/3139436552573.webp,0
3145891204001,https://cdn.shopify.com/s/files/1/0679/9792/5684/products/3145891204001-9.jpg?v=1671862896,cdn.shopify.com,shopify,files/remote/cdn.shopify.com/3145891204001.jpg,0
3145891870145,https://cdn.shopify.com/s/files/1/0679/9792/5684/products/3145891870145-9.jpg?v=1673045787,cdn.shopify.com,shopify,files/remote/cdn.shopify.com/3145891870145.jpg,0
3145891870169,https://cdn.shopify.com/s/files/1/0679/9792/5684/products/3145891870169-9_1.jpg?v=1673045794,cdn.shopify.com,shopify,files/remote/cdn.shopify.com/3145891870169.jpg,0
31655095004,https://cdn.shopify.com/s/files/1/0679/9792/5684/files/G53849.jpg?v=1740610383,cdn.shopify.com,shopify,files/remote/cdn.shopify.com/31655095004.jpg,0
31655513027,https://cdn.shopify.com/s/files/1/0679/9792/5684/products/031655513027-9.jpg?v=1673061345,cdn.shopify.com,shopify,files/remote/cdn.shopify.com/31655513027.jpg,0
31655644844,https://cdn.shopify.com/s/files/1/0679/9792/5684/files/V1650.jpg?v=1740617635,cdn.shopify.com,shopify,files/remote/cdn.shopify.com/31655644844.jpg,0
31655876580,https://cdn.shopify.com/s/files/1/0679/9792/5684/files/V01107.jpg?v=1740613043,cdn.shopify.com,shopify,files/remote/cdn.shopify.com/31655876580.jpg,0
3194453930452,https://images.btswholesaler.com/imgs/productos_cosmetica/imagenes/0810912031555.webp,images.btswholesaler.com,bts_cdn,files/remote/images.btswholesaler.com/3194453930452.webp,0
3252550205900,https://cdn.shopify.com/s/files/1/0679/9792/5684/files/U3854.jpg?v=1740620852,cdn.shopify.com,shopify,files/remote/cdn.shopify.com/3252550205900.jpg,0
3252550602891,https://cdn.shopify.com/s/files/1/0679/9792/5684/files/T29269.jpg?v=1740614874,cdn.shopify.com,shopify,files/remote/cdn.shopify.com/3252550602891.jpg,0
3252550812573,https://cdn.shopify.com/s/files/1/0679/9792/5684/files/Q91357.jpg?v=1740614884,cdn.shopify.com,shopify,files/remote/cdn.shopify.com/3252550812573.jpg,0
3252550832540,https://cdn.shopify.com/s/files/1/0679/9792/5684/files/D00215.jpg?v=1740614899,cdn.shopify.com,shopify,files/remote/cdn.shopify.com/3252550832540.jpg,0
3252559603349,https://cdn.shopify.com/s/files/1/0679/9792/5684/files/N77213.jpg?v=1740614893,cdn.shopify.com,shopify,files/remote/cdn.shopify.com/3252559603349.jpg,0
3253581107812,https://cdn.shopify.com/s/files/1/0679/9792/5684/files/R554215.jpg?v=1740636417,cdn.shopify.com,shopify,files/remote/cdn.shopify.com/3253581107812.jpg,0
3253581245293,https://images.btswholesaler.com/imgs/productos_cosmetica/imagenes/3253581781913.webp,images.btswholesaler.com,bts_cdn,files/remote/images.btswholesaler.com/3253581245293.webp,0
3253581286746,https://cdn.shopify.com/s/files/1/0679/9792/5684/products/3253581479995-1.jpg?v=1671837354,cdn.shopify.com,shopify,files/remote/cdn.shopify.com/3253581286746.jpg,0
3253581311165,https://cdn.shopify.com/s/files/1/0679/9792/5684/products/3253581499634-9.jpg?v=1671837633,cdn.shopify.com,shopify,files/remote/cdn.shopify.com/3253581311165.jpg,0
3253581679777,https://www.oceanfragrances.com/Foto/3253581679777.jpg,www.oceanfragrances.com,oceanfragrances,files/remote/www.oceanfragrances.com/3253581679777.jpg,0
3264680012273,https://cdn.shopify.com/s/files/1/0679/9792/5684/files/E891553.jpg?v=1740629027,cdn.shopify.com,shopify,files/remote/cdn.shopify.com/3264680012273.jpg,0
3264680012310,https://www.oceanfragrances.com/Foto/3264680029028.jpg,www.oceanfragrances.com,oceanfragrances,files/remote/www.oceanfragrances.com/3264680012310.jpg,0
3264680014871,https://cdn.shopify.com/s/files/1/0679/9792/5684/files/O92286.jpg?v=1740629196,cdn.shopify.com,shopify,files/remote/cdn.shopify.com/3264680014871.jpg,0
3264680014888,https://cdn.shopify.com/s/files/1/0679/9792/5684/files/Q143462.jpg?v=1740627839,cdn.shopify.com,shopify,files/remote/cdn.shopify.com/3264680014888.jpg,0
3264680016080,https://cdn.shopify.com/s/files/1/0679/9792/5684/files/H513874.jpg?v=1740637911,cdn.shopify.com,shopify,files/remote/cdn.shopify.com/3264680016080.jpg,0
3264680022067,https://cdn.shopify.com/s/files/1/0679/9792/5684/products/3264680022067-1.jpg?v=1671995088,cdn.shopify.com,shopify,files/remote/cdn.shopify.com/3264680022067.jpg,0
3264680022173,https://cdn.shopify.com/s/files/1/0679/9792/5684/files/J94129.jpg?v=1740627862,cdn.shopify.com,shopify,files/remote/cdn.shopify.com/3264680022173.jpg,0
3264680023057,https://cdn.shopify.com/s/files/1/0679/9792/5684/files/V581622.jpg?v=1740629023,cdn.shopify.com,shopify,files/remote/cdn.shopify.com/3264680023057.jpg,0
3264680023101,https://cdn.shopify.com/s/files/1/0679/9792/5684/files/D436783.jpg?v=1740627843,cdn.shopify.com,shopify,files/remote/cdn.shopify.com/3264680023101.jpg,0
3264680023187,https://cdn.shopify.com/s/files/1/0679/9792/5684/files/J037681.jpg?v=1740627849,cdn.shopify.com,shopify,files/remote/cdn.shopify.com/3264680023187.jpg,0
3264680023279,https://cdn.shopify.com/s/files/1/0679/9792/5684/files/T884251.jpg?v=1740628684,cdn.shopify.com,shopify,files/remote/cdn.shopify.com/3264680023279.jpg,0
3264680023569,https://cdn.shopify.com/s/files/1/0679/9792/5684/products/3264680023569-9.jpg?v=1671845134,cdn.shopify.com,shopify,files/remote/cdn.shopify.com/3264680023569.jpg,0
3264680023910,https://cdn.shopify.com/s/files/1/0679/9792/5684/files/P753220.jpg?v=1740628688,cdn.shopify.com,shopify,files/remote/cdn.shopify.com/3264680023910.jpg,0
3264680024948,https://cdn.shopify.com/s/files/1/0679/9792/5684/files/J119481.jpg?v=1740627846,cdn.shopify.com,shopify,files/remote/cdn.shopify.com/3264680024948.jpg,0
3264680025488,https://cdn.shopify.com/s/files/1/0679/9792/5684/files/N5371211.jpg?v=1740627852,cdn.shopify.com,shopify,files/remote/cdn.shopify.com/3264680025488.jpg,0
3264680027901,https://www.oceanfragrances.com/Foto/3264680027901.jpg,www.oceanfragrances.com,oceanfragrances,files/remote/www.oceanfragrances.com/3264680027901.jpg,0
3264680028007,https://www.oceanfragrances.com/Foto/3264680028007.jpg,www.oceanfragrances.com,oceanfragrances,files/remote/www.oceanfragrances.com/3264680028007.jpg,0
3264680028014,https://www.oceanfragrances.com/Foto/3264680028014.jpg,www.oceanfragrances.com,oceanfragrances,files/remote/www.oceanfragrances.com/3264680028014.jpg,0
3264680028878,https://www.oceanfragrances.com/Foto/3264680028878.jpg,www.oceanfragrances.com,oceanfragrances,files/remote/www.oceanfragrances.com/3264680028878.jpg,0
3264680043390,https://www.oceanfragrances.com/Foto/3264680043390.jpg,www.oceanfragrances.com,oceanfragrances,files/remote/www.oceanfragrances.com/3264680043390.jpg,0
3264680043413,https://www.oceanfragrances.com/Foto/3264680043413.jpg,www.oceanfragrances.com,oceanfragrances,files/remote/www.oceanfragrances.com/3264680043413.jpg,0
3274870002731,https://images.btswholesaler.com/imgs/productos_cosmetica/imagenes/3274870002731.webp,images.btswholesaler.com,bts_cdn,files/remote/images.btswholesaler.com/3274870002731.webp,0
3274870012136,https://cdn.shopify.com/s/files/1/0679/9792/5684/products/3274870012136-9.jpg?v=1671887618,cdn.shopify.com,shopify,files/remote/cdn.shopify.com/3274870012136.jpg,0
3274870052262,https://www.oceanfragrances.com/Foto/3274872428782.jpg,www.oceanfragrances.com,oceanfragrances,files/remote/www.oceanfragrances.com/3274870052262.jpg,0
3274870303166,https://cdn.shopify.com/s/files/1/0679/9792/5684/files/A52552.jpg?v=1740618848,cdn.shopify.com,shopify,files/remote/cdn.shopify.com/3274870303166.jpg,0
3274871932020,https://cdn.shopify.com/s/files/1/0679/9792/5684/files/G447626.jpg?v=1740616081,cdn.shopify.com,shopify,files/remote/cdn.shopify.com/3274871932020.jpg,0
3274872297180,https://cdn.shopify.com/s/files/1/0679/9792/5684/files/O50012.jpg?v=1740613637,cdn.shopify.com,shopify,files/remote/cdn.shopify.com/3274872297180.jpg,0
3274872333963,https://cdn.shopify.com/s/files/1/0679/9792/5684/files/F175151.jpg?v=1740619885,cdn.shopify.com,shopify,files/remote/cdn.shopify.com/3274872333963.jpg,0
3274872357129,https://cdn.shopify.com/s/files/1/0679/9792/5684/files/T480238.jpg?v=1740613502,cdn.shopify.com,shopify,files/remote/cdn.shopify.com/3274872357129.jpg,0
3274872357211,https://cdn.shopify.com/s/files/1/0679/9792/5684/products/3274872357211-9.jpg?v=1673060319,cdn.shopify.com,shopify,files/remote/cdn.shopify.com/3274872357211.jpg,0
3274872368026,https://images.btswholesaler.com/imgs/productos_cosmetica/imagenes/3274872441033.webp,images.btswholesaler.com,bts_cdn,files/remote/images.btswholesaler.com/3274872368026.webp,0
3274872372139,https://cdn.shopify.com/s/files/1/0679/9792/5684/products/3274872372139-9.jpg?v=1671903021,cdn.shopify.com,shopify,files/remote/cdn.shopify.com/3274872372139.jpg,0
3274872372146,https://cdn.shopify.com/s/files/1/0679/9792/5684/files/G612839.jpg?v=1740612107,cdn.shopify.com,shopify,files/remote/cdn.shopify.com/3274872372146.jpg,0
3274872372153,https://cdn.shopify.com/s/files/1/0679/9792/5684/files/Q143301.jpg?v=1740612110,cdn.shopify.com,shopify,files/remote/cdn.shopify.com/3274872372153.jpg,0
3274872386969,https://cdn.shopify.com/s/files/1/0679/9792/5684/files/J245581.jpg?v=1740628622,cdn.shopify.com,shopify,files/remote/cdn.shopify.com/3274872386969.jpg,0
3274872386976,https://cdn.shopify.com/s/files/1/0679/9792/5684/files/D644655.jpg?v=1740628947,cdn.shopify.com,shopify,files/remote/cdn.shopify.com/3274872386976.jpg,0
3274872388222,https://cdn.shopify.com/s/files/1/0679/9792/5684/products/3274872388222-9.jpg?v=1671903044,cdn.shopify.com,shopify,files/remote/cdn.shopify.com/3274872388222.jpg,0
3274872388246,https://cdn.shopify.com/s/files/1/0679/9792/5684/products/3274872388246-9.jpg?v=1671903062,cdn.shopify.com,shopify,files/remote/cdn.shopify.com/3274872388246.jpg,0
3274872389960,https://cdn.shopify.com/s/files/1/0679/9792/5684/products/3274872389960-9.jpg?v=1673062078,cdn.shopify.com,shopify,files/remote/cdn.shopify.com/3274872389960.jpg,0
3274872389977,https://cdn.shopify.com/s/files/1/0679/9792/5684/products/3274872389977-9.jpg?v=1673062069,cdn.shopify.com,shopify,files/remote/cdn.shopify.com/3274872389977.jpg,0
3274872390669,https://www.oceanfragrances.com/Foto/3274872440975.jpg,www.oceanfragrances.com,oceanfragrances,files/remote/www.oceanfragrances.com/3274872390669.jpg,0
3274872390676,https://cdn.shopify.com/s/files/1/0679/9792/5684/products/3274872390676-9.jpg?v=1671865558,cdn.shopify.com,shopify,files/remote/cdn.shopify.com/3274872390676.jpg,0
3274872390737,https://cdn.shopify.com/s/files/1/0679/9792/5684/products/3274872390737-9.jpg?v=1671865549,cdn.shopify.com,shopify,files/remote/cdn.shopify.com/3274872390737.jpg,0
3274872392304,https://cdn.shopify.com/s/files/1/0679/9792/5684/files/T729278.jpg?v=1740629165,cdn.shopify.com,shopify,files/remote/cdn.shopify.com/3274872392304.jpg,0
3274872394551,https://cdn.shopify.com/s/files/1/0679/9792/5684/products/3274872394551-9.jpg?v=1671873414,cdn.shopify.com,shopify,files/remote/cdn.shopify.com/3274872394551.jpg,0
3274872395503,https://cdn.shopify.com/s/files/1/0679/9792/5684/products/3274872395503-9.jpg?v=1671883578,cdn.shopify.com,shopify,files/remote/cdn.shopify.com/3274872395503.jpg,0
3274872400719,https://cdn.shopify.com/s/files/1/0679/9792/5684/products/3274872400719-9.jpg?v=1671858322,cdn.shopify.com,shopify,files/remote/cdn.shopify.com/3274872400719.jpg,0
3274872404182,https://cdn.shopify.com/s/files/1/0679/9792/5684/products/3274872404182-9.jpg?v=1672436619,cdn.shopify.com,shopify,files/remote/cdn.shopify.com/3274872404182.jpg,0
3274872404281,https://cdn.shopify.com/s/files/1/0679/9792/5684/files/U853.jpg?v=1740613564,cdn.shopify.com,shopify,files/remote/cdn.shopify.com/3274872404281.jpg,0
3274872404298,https://cdn.shopify.com/s/files/1/0679/9792/5684/files/U5845.jpg?v=1740613567,cdn.shopify.com,shopify,files/remote/cdn.shopify.com/3274872404298.jpg,0
3274872404304,https://cdn.shopify.com/s/files/1/0679/9792/5684/files/A28252.jpg?v=1740613560,cdn.shopify.com,shopify,files/remote/cdn.shopify.com/3274872404304.jpg,0
3274872404328,https://cdn.shopify.com/s/files/1/0679/9792/5684/files/P662610.jpg?v=1740613533,cdn.shopify.com,shopify,files/remote/cdn.shopify.com/3274872404328.jpg,0
3274872407084,https://cdn.shopify.com/s/files/1/0679/9792/5684/files/B426309.jpg?v=1740613508,cdn.shopify.com,shopify,files/remote/cdn.shopify.com/3274872407084.jpg,0
3274872407145,https://cdn.shopify.com/s/files/1/0679/9792/5684/files/J465381.jpg?v=1740619846,cdn.shopify.com,shopify,files/remote/cdn.shopify.com/3274872407145.jpg,0
3274872407268,https://images.btswholesaler.com/imgs/productos_cosmetica/imagenes/3274872407268.webp,images.btswholesaler.com,bts_cdn,files/remote/images.btswholesaler.com/3274872407268.webp,0
3274872407480,https://cdn.shopify.com/s/files/1/0679/9792/5684/files/J366981.jpg?v=1740626193,cdn.shopify.com,shopify,files/remote/cdn.shopify.com/3274872407480.jpg,0
3274872411678,https://cdn.shopify.com/s/files/1/0679/9792/5684/files/R807039.jpg?v=1740612113,cdn.shopify.com,shopify,files/remote/cdn.shopify.com/3274872411678.jpg,0
3274872412866,https://cdn.shopify.com/s/files/1/0679/9792/5684/files/F574851.jpg?v=1740628159,cdn.shopify.com,shopify,files/remote/cdn.shopify.com/3274872412866.jpg,0
3274872416239,https://cdn.shopify.com/s/files/1/0679/9792/5684/files/T589259.jpg?v=1740613556,cdn.shopify.com,shopify,files/remote/cdn.shopify.com/3274872416239.jpg,0
3274872419292,https://images.btswholesaler.com/imgs/productos_cosmetica/imagenes/3274872419292.webp,images.btswholesaler.com,bts_cdn,files/remote/images.btswholesaler.com/3274872419292.webp,0
3274872419308,https://cdn.shopify.com/s/files/1/0679/9792/5684/files/F092951.jpg?v=1740612096,cdn.shopify.com,shopify,files/remote/cdn.shopify.com/3274872419308.jpg,0
3274872419315,https://images.btswholesaler.com/imgs/productos_cosmetica/imagenes/3274872419315.webp,images.btswholesaler.com,bts_cdn,files/remote/images.btswholesaler.com/3274872419315.webp,0
3274872420847,https://www.oceanfragrances.com/Foto/3352817517057.jpg,www.oceanfragrances.com,oceanfragrances,files/remote/www.oceanfragrances.com/3274872420847.jpg,0
3274872421479,https://cdn.shopify.com/s/files/1/0679/9792/5684/files/D636780.jpg?v=1740612103,cdn.shopify.com,shopify,files/remote/cdn.shopify.com/3274872421479.jpg,0
3274872424982,https://images.btswholesaler.com/imgs/productos_cosmetica/imagenes/3274872424982_1.webp,images.btswholesaler.com,bts_cdn,files/remote/images.btswholesaler.com/3274872424982.webp,0
3274872424999,https://images.btswholesaler.com/imgs/productos_cosmetica/imagenes/3274872424999.webp,images.btswholesaler.com,bts_cdn,files/remote/images.btswholesaler.com/3274872424999.webp,0
3274872425002,https://images.btswholesaler.com/imgs/productos_cosmetica/imagenes/3274872425002.webp,images.btswholesaler.com,bts_cdn,files/remote/images.btswholesaler.com/3274872425002.webp,0
3274872428034,https://images.btswholesaler.com/imgs/productos_cosmetica/imagenes/3274872428034.webp,images.btswholesaler.com,bts_cdn,files/remote/images.btswholesaler.com/3274872428034.webp,0
3274872428041,https://images.btswholesaler.com/imgs/productos_cosmetica/imagenes/3274872428041.webp,images.btswholesaler.com,bts_cdn,files/remote/images.btswholesaler.com/3274872428041.webp,0
3274872438811,https://images.btswholesaler.com/imgs/productos_cosmetica/imagenes/3274872438811.webp,images.btswholesaler.com,bts_cdn,files/remote/images.btswholesaler.com/3274872438811.webp,0
3274872439061,https://cdn.shopify.com/s/files/1/0679/9792/5684/files/B726345.jpg?v=1740618824,cdn.shopify.com,shopify,files/remote/cdn.shopify.com/3274872439061.jpg,0
3274872439078,https://cdn.shopify.com/s/files/1/0679/9792/5684/files/L724609.jpg?v=1740618820,cdn.shopify.com,shopify,files/remote/cdn.shopify.com/3274872439078.jpg,0
3274872439597,https://images.btswholesaler.com/imgs/productos_cosmetica/imagenes/3274872439597_1.webp,images.btswholesaler.com,bts_cdn,files/remote/images.btswholesaler.com/3274872439597.webp,0
3274872439603,https://images.btswholesaler.com/imgs/productos_cosmetica/imagenes/3274872439603.webp,images.btswholesaler.com,bts_cdn,files/remote/images.btswholesaler.com/3274872439603.webp,0
3274872441972,https://cdn.shopify.com/s/files/1/0679/9792/5684/files/N4946213.jpg?v=1740612100,cdn.shopify.com,shopify,files/remote/cdn.shopify.com/3274872441972.jpg,0
3274872442160,https://cdn.shopify.com/s/files/1/0679/9792/5684/files/J396581.jpg?v=1740612131,cdn.shopify.com,shopify,files/remote/cdn.shopify.com/3274872442160.jpg,0
3274872443853,https://www.oceanfragrances.com/Foto/3274872443853.jpg,www.oceanfragrances.com,oceanfragrances,files/remote/www.oceanfragrances.com/3274872443853.jpg,0
3274872448780,https://images.btswholesaler.com/imgs/productos_cosmetica/imagenes/3274872448780.webp,images.btswholesaler.com,bts_cdn,files/remote/images.btswholesaler.com/3274872448780.webp,0
3274872451605,https://www.oceanfragrances.com/Foto/3274872451605.jpg,www.oceanfragrances.com,oceanfragrances,files/remote/www.oceanfragrances.com/3274872451605.jpg,0
3274872451629,https://www.oceanfragrances.com/Foto/3274872451629.jpg,www.oceanfragrances.com,oceanfragrances,files/remote/www.oceanfragrances.com/3274872451629.jpg,0
3274872451698,https://images.btswholesaler.com/imgs/productos_cosmetica/imagenes/3274872451698.webp,images.btswholesaler.com,bts_cdn,files/remote/images.btswholesaler.com/3274872451698.webp,0
3274872456334,https://cdn.shopify.com/s/files/1/0679/9792/5684/files/V221910.jpg?v=1740612120,cdn.shopify.com,shopify,files/remote/cdn.shopify.com/3274872456334.jpg,0
3274872456341,https://images.btswholesaler.com/imgs/productos_cosmetica/imagenes/3274872456341.webp,images.btswholesaler.com,bts_cdn,files/remote/images.btswholesaler.com/3274872456341.webp,0
3274872463226,https://cdn.shopify.com/s/files/1/0679/9792/5684/files/N1642214.jpg?v=1740612088,cdn.shopify.com,shopify,files/remote/cdn.shopify.com/3274872463226.jpg,0
3274872464094,https://cdn.shopify.com/s/files/1/0679/9792/5684/files/B376473.jpg?v=1740613515,cdn.shopify.com,shopify,files/remote/cdn.shopify.com/3274872464094.jpg,0
3274872467965,https://cdn.shopify.com/s/files/1/0679/9792/5684/files/J550481.jpg?v=1740618828,cdn.shopify.com,shopify,files/remote/cdn.shopify.com/3274872467965.jpg,0
3274872472891,https://cdn.shopify.com/s/files/1/0679/9792/5684/files/L526310.jpg?v=1740613591,cdn.shopify.com,shopify,files/remote/cdn.shopify.com/3274872472891.jpg,0
3274872473232,https://images.btswholesaler.com/imgs/productos_cosmetica/imagenes/3274872473232.webp,images.btswholesaler.com,bts_cdn,files/remote/images.btswholesaler.com/3274872473232.webp,0
3274872483835,https://cdn.shopify.com/s/files/1/0679/9792/5684/files/V581946.jpg?v=1740613530,cdn.shopify.com,shopify,files/remote/cdn.shopify.com/3274872483835.jpg,0
3274872485006,https://images.btswholesaler.com/imgs/productos_cosmetica/imagenes/3274872485006.webp,images.btswholesaler.com,bts_cdn,files/remote/images.btswholesaler.com/3274872485006.webp,0
3274872495487,https://images.btswholesaler.com/imgs/productos_cosmetica/imagenes/3274872495487.webp,images.btswholesaler.com,bts_cdn,files/remote/images.btswholesaler.com/3274872495487.webp,0
3274872505773,https://cdn.shopify.com/s/files/1/0679/9792/5684/files/N0218.jpg?v=1740612058,cdn.shopify.com,shopify,files/remote/cdn.shopify.com/3274872505773.jpg,0
3274872505780,https://www.oceanfragrances.com/Foto/3274871122506.jpg,www.oceanfragrances.com,oceanfragrances,files/remote/www.oceanfragrances.com/3274872505780.jpg,0
3282770147605,https://www.oceanfragrances.com/Foto/3282770147605.jpg,www.oceanfragrances.com,oceanfragrances,files/remote/www.oceanfragrances.com/3282770147605.jpg,0
3282770153170,https://images.btswholesaler.com/imgs/productos_parafarmacia/imagenes/3282770153170.webp,images.btswholesaler.com,bts_cdn,files/remote/images.btswholesaler.com/3282770153170.webp,0
3282770200898,https://cdn.shopify.com/s/files/1/0679/9792/5684/products/3282770200898-1.jpg?v=1671905932,cdn.shopify.com,shopify,files/remote/cdn.shopify.com/3282770200898.jpg,0
3282770203493,https://images.btswholesaler.com/imgs/productos_parafarmacia/imagenes/3282770203493_1.webp,images.btswholesaler.com,bts_cdn,files/remote/images.btswholesaler.com/3282770203493.webp,0
3282770208689,https://www.oceanfragrances.com/Foto/3282779008686.jpg,www.oceanfragrances.com,oceanfragrances,files/remote/www.oceanfragrances.com/3282770208689.jpg,0
3282770208962,https://images.btswholesaler.com/imgs/productos_parafarmacia/imagenes/3282770208962_1.webp,images.btswholesaler.com,bts_cdn,files/remote/images.btswholesaler.com/3282770208962.webp,0
3282770209396,https://cdn.shopify.com/s/files/1/0679/9792/5684/products/3282770209396-9.jpg?v=1671818893,cdn.shopify.com,shopify,files/remote/cdn.shopify.com/3282770209396.jpg,0
3282770393507,https://images.btswholesaler.com/imgs/productos_parafarmacia/imagenes/3282770393507.webp,images.btswholesaler.com,bts_cdn,files/remote/images.btswholesaler.com/3282770393507.webp,0
3282770396331,https://www.oceanfragrances.com/Foto/3282770100617.jpg,www.oceanfragrances.com,oceanfragrances,files/remote/www.oceanfragrances.com/3282770396331.jpg,0
3282770397635,https://www.oceanfragrances.com/Foto/3282770397635.jpg,www.oceanfragrances.com,oceanfragrances,files/remote/www.oceanfragrances.com/3282770397635.jpg,0
3282770399530,https://cdn.shopify.com/s/files/1/0679/9792/5684/products/3282779405485-9.jpg?v=1671818878,cdn.shopify.com,shopify,files/remote/cdn.shopify.com/3282770399530.jpg,0
3282779035576,https://images.btswholesaler.com/imgs/productos_parafarmacia/imagenes/3282779035576_1.webp,images.btswholesaler.com,bts_cdn,files/remote/images.btswholesaler.com/3282779035576.webp,0
3282779355773,https://www.oceanfragrances.com/Foto/3282779355773.jpg,www.oceanfragrances.com,oceanfragrances,files/remote/www.oceanfragrances.com/3282779355773.jpg,0
3291770132085,https://cdn.shopify.com/s/files/1/0679/9792/5684/files/T325239.jpg?v=1740613937,cdn.shopify.com,shopify,files/remote/cdn.shopify.com/3291770132085.jpg,0
3331430900033,https://cdn.shopify.com/s/files/1/0679/9792/5684/products/3331430900033-9.jpg?v=1671859731,cdn.shopify.com,shopify,files/remote/cdn.shopify.com/3331430900033.jpg,0
3331438600034,https://cdn.shopify.com/s/files/1/0679/9792/5684/products/3331438600034-9.jpg?v=1671864322,cdn.shopify.com,shopify,files/remote/cdn.shopify.com/3331438600034.jpg,0
3331849015991,https://cdn.shopify.com/s/files/1/0679/9792/5684/files/N8440211.jpg?v=1740622763,cdn.shopify.com,shopify,files/remote/cdn.shopify.com/3331849015991.jpg,0
3337871330262,https://images.btswholesaler.com/imgs/productos_parafarmacia/imagenes/3337871330262_1.webp,images.btswholesaler.com,bts_cdn,files/remote/images.btswholesaler.com/3337871330262.webp,0
3337875549530,https://cdn.shopify.com/s/files/1/0679/9792/5684/files/R504222.jpg?v=1740638212,cdn.shopify.com,shopify,files/remote/cdn.shopify.com/3337875549530.jpg,0
3337875585231,https://cdn.shopify.com/s/files/1/0679/9792/5684/files/F093951.jpg?v=1740626975,cdn.shopify.com,shopify,files/remote/cdn.shopify.com/3337875585231.jpg,0
3337875597296,https://cdn.shopify.com/s/files/1/0679/9792/5684/files/P003221.jpg?v=1740637618,cdn.shopify.com,shopify,files/remote/cdn.shopify.com/3337875597296.jpg,0
3337875607254,https://cdn.shopify.com/s/files/1/0679/9792/5684/products/3337875607254-9.jpg?v=1671855778,cdn.shopify.com,shopify,files/remote/cdn.shopify.com/3337875607254.jpg,0
3337875646796,https://cdn.shopify.com/s/files/1/0679/9792/5684/files/T039257.jpg?v=1740628840,cdn.shopify.com,shopify,files/remote/cdn.shopify.com/3337875646796.jpg,0
3337875684095,https://cdn.shopify.com/s/files/1/0679/9792/5684/files/N527294.jpg?v=1740635182,cdn.shopify.com,shopify,files/remote/cdn.shopify.com/3337875684095.jpg,0
3337875840620,https://cdn.shopify.com/s/files/1/0679/9792/5684/files/T269269.jpg?v=1740627397,cdn.shopify.com,shopify,files/remote/cdn.shopify.com/3337875840620.jpg,0
3346400003751,https://cdn.shopify.com/s/files/1/0679/9792/5684/files/T084279.jpg?v=1740619463,cdn.shopify.com,shopify,files/remote/cdn.shopify.com/3346400003751.jpg,0
3346400003775,https://cdn.shopify.com/s/files/1/0679/9792/5684/files/J580581.jpg?v=1740619459,cdn.shopify.com,shopify,files/remote/cdn.shopify.com/3346400003775.jpg,0
3346470114692,https://cdn.shopify.com/s/files/1/0679/9792/5684/files/B36585.jpg?v=1740612421,cdn.shopify.com,shopify,files/remote/cdn.shopify.com/3346470114692.jpg,0
3346470114739,https://cdn.shopify.com/s/files/1/0679/9792/5684/products/3346470114739-9.jpg?v=1671884620,cdn.shopify.com,shopify,files/remote/cdn.shopify.com/3346470114739.jpg,0
3346470114746,https://cdn.shopify.com/s/files/1/0679/9792/5684/files/N024212.jpg?v=1740612456,cdn.shopify.com,shopify,files/remote/cdn.shopify.com/3346470114746.jpg,0
3346470148376,https://www.oceanfragrances.com/Foto/3346470148376.jpg,www.oceanfragrances.com,oceanfragrances,files/remote/www.oceanfragrances.com/3346470148376.jpg,0
3346470148949,https://cdn.shopify.com/s/files/1/0679/9792/5684/files/F576851.jpg?v=1740612538,cdn.shopify.com,shopify,files/remote/cdn.shopify.com/3346470148949.jpg,0
3346470185005,https://cdn.shopify.com/s/files/1/0679/9792/5684/files/Q42050.jpg?v=1740613065,cdn.shopify.com,shopify,files/remote/cdn.shopify.com/3346470185005.jpg,0
3346470432147,https://www.oceanfragrances.com/Foto/3346470432147.jpg,www.oceanfragrances.com,oceanfragrances,files/remote/www.oceanfragrances.com/3346470432147.jpg,0
3346470435810,https://www.oceanfragrances.com/Foto/3346470435810.jpg,www.oceanfragrances.com,oceanfragrances,files/remote/www.oceanfragrances.com/3346470435810.jpg,0
3346470616837,https://cdn.shopify.com/s/files/1/0679/9792/5684/files/L925066.jpg?v=1740628954,cdn.shopify.com,shopify,files/remote/cdn.shopify.com/3346470616837.jpg,0
3346470617971,https://cdn.shopify.com/s/files/1/0679/9792/5684/files/L725825.jpg?v=1740627094,cdn.shopify.com,shopify,files/remote/cdn.shopify.com/3346470617971.jpg,0
3348900010048,https://cdn.shopify.com/s/files/1/0679/9792/5684/products/3348900010048-9.jpg?v=1671871082,cdn.shopify.com,shopify,files/remote/cdn.shopify.com/3348900010048.jpg,0
3348900011595,https://cdn.shopify.com/s/files/1/0679/9792/5684/products/3348900011595-9.jpg?v=1671871280,cdn.shopify.com,shopify,files/remote/cdn.shopify.com/3348900011595.jpg,0
3348900012219,https://cdn.shopify.com/s/files/1/0679/9792/5684/products/3348900012219-9.jpg?v=1671871101,cdn.shopify.com,shopify,files/remote/cdn.shopify.com/3348900012219.jpg,0
3348900103870,https://cdn.shopify.com/s/files/1/0679/9792/5684/files/D6860.jpg?v=1740610093,cdn.shopify.com,shopify,files/remote/cdn.shopify.com/3348900103870.jpg,0
3348900236738,https://cdn.shopify.com/s/files/1/0679/9792/5684/files/P9221.jpg?v=1740610090,cdn.shopify.com,shopify,files/remote/cdn.shopify.com/3348900236738.jpg,0
3348900378551,https://cdn.shopify.com/s/files/1/0679/9792/5684/products/3348900378551-9.jpg?v=1671871140,cdn.shopify.com,shopify,files/remote/cdn.shopify.com/3348900378551.jpg,0
3348900417878,https://cdn.shopify.com/s/files/1/0679/9792/5684/products/3348900417878-9.jpg?v=1671871188,cdn.shopify.com,shopify,files/remote/cdn.shopify.com/3348900417878.jpg,0
3348900417885,https://cdn.shopify.com/s/files/1/0679/9792/5684/files/F2751.jpg?v=1740610116,cdn.shopify.com,shopify,files/remote/cdn.shopify.com/3348900417885.jpg,0
3348900489226,https://images.btswholesaler.com/imgs/productos_cosmetica/imagenes/3348900489226.webp,images.btswholesaler.com,bts_cdn,files/remote/images.btswholesaler.com/3348900489226.webp,0
3348900539570,https://cdn.shopify.com/s/files/1/0679/9792/5684/files/A23752.jpg?v=1740610066,cdn.shopify.com,shopify,files/remote/cdn.shopify.com/3348900539570.jpg,0
3348900606692,https://cdn.shopify.com/s/files/1/0679/9792/5684/files/K4701.jpg?v=1740610207,cdn.shopify.com,shopify,files/remote/cdn.shopify.com/3348900606692.jpg,0
3348900627536,https://images.btswholesaler.com/imgs/productos_cosmetica/imagenes/3348900627536.webp,images.btswholesaler.com,bts_cdn,files/remote/images.btswholesaler.com/3348900627536.webp,0
3348900681019,https://images.btswholesaler.com/imgs/productos_cosmetica/imagenes/3348901333139.webp,images.btswholesaler.com,bts_cdn,files/remote/images.btswholesaler.com/3348900681019.webp,0
3348900801035,https://cdn.shopify.com/s/files/1/0679/9792/5684/files/C9168.jpg?v=1740610129,cdn.shopify.com,shopify,files/remote/cdn.shopify.com/3348900801035.jpg,0
3348900852655,https://cdn.shopify.com/s/files/1/0679/9792/5684/products/3348900852655-9.jpg?v=1672056385,cdn.shopify.com,shopify,files/remote/cdn.shopify.com/3348900852655.jpg,0
3348900871977,https://cdn.shopify.com/s/files/1/0679/9792/5684/products/3348900871977-9.jpg?v=1671881404,cdn.shopify.com,shopify,files/remote/cdn.shopify.com/3348900871977.jpg,0
3348901116817,https://images.btswholesaler.com/imgs/productos_cosmetica/imagenes/3348901116817_1.webp,images.btswholesaler.com,bts_cdn,files/remote/images.btswholesaler.com/3348901116817.webp,0
3348901206174,https://cdn.shopify.com/s/files/1/0679/9792/5684/files/K94665.jpg?v=1740610075,cdn.shopify.com,shopify,files/remote/cdn.shopify.com/3348901206174.jpg,0
3348901250269,https://cdn.shopify.com/s/files/1/0679/9792/5684/files/G696614.jpg?v=1740617960,cdn.shopify.com,shopify,files/remote/cdn.shopify.com/3348901250269.jpg,0
3348901250283,https://images.btswholesaler.com/imgs/productos_cosmetica/imagenes/3348901484879.webp,images.btswholesaler.com,bts_cdn,files/remote/images.btswholesaler.com/3348901250283.webp,0
3348901250351,https://cdn.shopify.com/s/files/1/0679/9792/5684/files/C89976.jpg?v=1740610106,cdn.shopify.com,shopify,files/remote/cdn.shopify.com/3348901250351.jpg,0
3348901292269,https://cdn.shopify.com/s/files/1/0679/9792/5684/products/3348901292269-9.jpg?v=1671888591,cdn.shopify.com,shopify,files/remote/cdn.shopify.com/3348901292269.jpg,0
3348901292276,https://cdn.shopify.com/s/files/1/0679/9792/5684/files/X627283.jpg?v=1740634540,cdn.shopify.com,shopify,files/remote/cdn.shopify.com/3348901292276.jpg,0
3348901293822,https://cdn.shopify.com/s/files/1/0679/9792/5684/files/W622318.jpg?v=1740610182,cdn.shopify.com,shopify,files/remote/cdn.shopify.com/3348901293822.jpg,0
3348901293839,https://cdn.shopify.com/s/files/1/0679/9792/5684/files/G962615.jpg?v=1740610185,cdn.shopify.com,shopify,files/remote/cdn.shopify.com/3348901293839.jpg,0
3348901296625,https://cdn.shopify.com/s/files/1/0679/9792/5684/products/3348901296625-9.jpg?v=1671889322,cdn.shopify.com,shopify,files/remote/cdn.shopify.com/3348901296625.jpg,0
3348901363471,https://cdn.shopify.com/s/files/1/0679/9792/5684/files/D335360.jpg?v=1740617939,cdn.shopify.com,shopify,files/remote/cdn.shopify.com/3348901363471.jpg,0
3348901395366,https://cdn.shopify.com/s/files/1/0679/9792/5684/files/R297030.jpg?v=1740610163,cdn.shopify.com,shopify,files/remote/cdn.shopify.com/3348901395366.jpg,0
3348901428545,https://cdn.shopify.com/s/files/1/0679/9792/5684/files/Z113814.jpg?v=1740617967,cdn.shopify.com,shopify,files/remote/cdn.shopify.com/3348901428545.jpg,0
3348901486385,https://cdn.shopify.com/s/files/1/0679/9792/5684/files/F65677.jpg?v=1740617991,cdn.shopify.com,shopify,files/remote/cdn.shopify.com/3348901486385.jpg,0
3348901487511,https://cdn.shopify.com/s/files/1/0679/9792/5684/files/R821030.jpg?v=1740610152,cdn.shopify.com,shopify,files/remote/cdn.shopify.com/3348901487511.jpg,0
3348901487528,https://cdn.shopify.com/s/files/1/0679/9792/5684/files/B162231.jpg?v=1740610156,cdn.shopify.com,shopify,files/remote/cdn.shopify.com/3348901487528.jpg,0
3348901497275,https://cdn.shopify.com/s/files/1/0679/9792/5684/files/H460975.jpg?v=1740610144,cdn.shopify.com,shopify,files/remote/cdn.shopify.com/3348901497275.jpg,0
3348901500838,https://cdn.shopify.com/s/files/1/0679/9792/5684/products/3348901507653-9.jpg?v=1671865511,cdn.shopify.com,shopify,files/remote/cdn.shopify.com/3348901500838.jpg,0
3348901544092,https://cdn.shopify.com/s/files/1/0679/9792/5684/files/P061222.jpg?v=1740617957,cdn.shopify.com,shopify,files/remote/cdn.shopify.com/3348901544092.jpg,0
3348901550635,https://cdn.shopify.com/s/files/1/0679/9792/5684/files/D696721.jpg?v=1740631656,cdn.shopify.com,shopify,files/remote/cdn.shopify.com/3348901550635.jpg,0
3348901553254,https://cdn.shopify.com/s/files/1/0679/9792/5684/files/L724783.jpg?v=1740636266,cdn.shopify.com,shopify,files/remote/cdn.shopify.com/3348901553254.jpg,0
3348901571449,https://cdn.shopify.com/s/files/1/0679/9792/5684/files/F149251.jpg?v=1740610170,cdn.shopify.com,shopify,files/remote/cdn.shopify.com/3348901571449.jpg,0
3348901627375,https://cdn.shopify.com/s/files/1/0679/9792/5684/files/J360481.jpg?v=1740610159,cdn.shopify.com,shopify,files/remote/cdn.shopify.com/3348901627375.jpg,0
3348901635998,https://www.oceanfragrances.com/Foto/3348901635998.jpg,www.oceanfragrances.com,oceanfragrances,files/remote/www.oceanfragrances.com/3348901635998.jpg,0
3348901636261,https://www.oceanfragrances.com/Foto/3348901636261.jpg,www.oceanfragrances.com,oceanfragrances,files/remote/www.oceanfragrances.com/3348901636261.jpg,0
3348901642781,https://www.oceanfragrances.com/Foto/3348901642781.jpg,www.oceanfragrances.com,oceanfragrances,files/remote/www.oceanfragrances.com/3348901642781.jpg,0
3348901642873,https://www.oceanfragrances.com/Foto/3348901642873.jpg,www.oceanfragrances.com,oceanfragrances,files/remote/www.oceanfragrances.com/3348901642873.jpg,0
3349666006016,https://cdn.shopify.com/s/files/1/0679/9792/5684/products/3349666006016-9.jpg?v=1671880294,cdn.shopify.com,shopify,files/remote/cdn.shopify.com/3349666006016.jpg,0
3349666007891,https://cdn.shopify.com/s/files/1/0679/9792/5684/products/3349666007891-9.jpg?v=1673063455,cdn.shopify.com,shopify,files/remote/cdn.shopify.com/3349666007891.jpg,0
3349666007921,https://cdn.shopify.com/s/files/1/0679/9792/5684/files/O3112.jpg?v=1740620855,cdn.shopify.com,shopify,files/remote/cdn.shopify.com/3349666007921.jpg,0
3349666007983,https://www.oceanfragrances.com/Foto/3349666007983.jpg,www.oceanfragrances.com,oceanfragrances,files/remote/www.oceanfragrances.com/3349666007983.jpg,0
3349666007990,https://www.oceanfragrances.com/Foto/3349666007990.jpg,www.oceanfragrances.com,oceanfragrances,files/remote/www.oceanfragrances.com/3349666007990.jpg,0
3349666010532,https://www.oceanfragrances.com/Foto/3349666010532.jpg,www.oceanfragrances.com,oceanfragrances,files/remote/www.oceanfragrances.com/3349666010532.jpg,0
3349668011346,https://images.btswholesaler.com/imgs/productos_cosmetica/imagenes/3349668566730_1.webp,images.btswholesaler.com,bts_cdn,files/remote/images.btswholesaler.com/3349668011346.webp,0
3349668021246,https://www.oceanfragrances.com/Foto/3349668021246.jpg,www.oceanfragrances.com,oceanfragrances,files/remote/www.oceanfragrances.com/3349668021246.jpg,0
3349668022304,https://cdn.shopify.com/s/files/1/0679/9792/5684/products/3349668022304-9.jpg?v=1671877078,cdn.shopify.com,shopify,files/remote/cdn.shopify.com/3349668022304.jpg,0
3349668081318,https://cdn.shopify.com/s/files/1/0679/9792/5684/products/3349668081318-9.jpg?v=1671882078,cdn.shopify.com,shopify,files/remote/cdn.shopify.com/3349668081318.jpg,0
3349668508471,https://www.oceanfragrances.com/Foto/3349668508471.jpg,www.oceanfragrances.com,oceanfragrances,files/remote/www.oceanfragrances.com/3349668508471.jpg,0
3349668508488,https://cdn.shopify.com/s/files/1/0679/9792/5684/products/3349668508488-9.jpg?v=1671867970,cdn.shopify.com,shopify,files/remote/cdn.shopify.com/3349668508488.jpg,0
3349668508525,https://cdn.shopify.com/s/files/1/0679/9792/5684/products/3349668508525-9.jpg?v=1671867958,cdn.shopify.com,shopify,files/remote/cdn.shopify.com/3349668508525.jpg,0
3349668509669,https://cdn.shopify.com/s/files/1/0679/9792/5684/products/3349668566372-9.jpg?v=1673063449,cdn.shopify.com,shopify,files/remote/cdn.shopify.com/3349668509669.jpg,0
3349668515097,https://images.btswholesaler.com/imgs/productos_cosmetica/imagenes/3349668642502.webp,images.btswholesaler.com,bts_cdn,files/remote/images.btswholesaler.com/3349668515097.webp,0
3349668515349,https://cdn.shopify.com/s/files/1/0679/9792/5684/files/P19223.jpg?v=1740620884,cdn.shopify.com,shopify,files/remote/cdn.shopify.com/3349668515349.jpg,0
3349668515653,https://cdn.shopify.com/s/files/1/0679/9792/5684/files/T64275.jpg?v=1740620933,cdn.shopify.com,shopify,files/remote/cdn.shopify.com/3349668515653.jpg,0
3349668528677,https://cdn.shopify.com/s/files/1/0679/9792/5684/products/3349668528677-9.jpg?v=1671888174,cdn.shopify.com,shopify,files/remote/cdn.shopify.com/3349668528677.jpg,0
3349668528790,https://cdn.shopify.com/s/files/1/0679/9792/5684/products/3349668582679-9.jpg?v=1671888125,cdn.shopify.com,shopify,files/remote/cdn.shopify.com/3349668528790.jpg,0
3349668529636,https://cdn.shopify.com/s/files/1/0679/9792/5684/files/A471052.jpg?v=1740620895,cdn.shopify.com,shopify,files/remote/cdn.shopify.com/3349668529636.jpg,0
3349668534524,https://cdn.shopify.com/s/files/1/0679/9792/5684/files/K14688.jpg?v=1740614965,cdn.shopify.com,shopify,files/remote/cdn.shopify.com/3349668534524.jpg,0
3349668540792,https://cdn.shopify.com/s/files/1/0679/9792/5684/products/3349668540792-9.jpg?v=1671867945,cdn.shopify.com,shopify,files/remote/cdn.shopify.com/3349668540792.jpg,0
3349668545667,https://www.oceanfragrances.com/Foto/3349668545667.jpg,www.oceanfragrances.com,oceanfragrances,files/remote/www.oceanfragrances.com/3349668545667.jpg,0
3349668545759,https://images.btswholesaler.com/imgs/productos_cosmetica/imagenes/3349668576166.webp,images.btswholesaler.com,bts_cdn,files/remote/images.btswholesaler.com/3349668545759.webp,0
3349668554188,https://cdn.shopify.com/s/files/1/0679/9792/5684/products/3349668596966-9.jpg?v=1671884735,cdn.shopify.com,shopify,files/remote/cdn.shopify.com/3349668554188.jpg,0
3349668559435,https://cdn.shopify.com/s/files/1/0679/9792/5684/products/3349668582730-9.jpg?v=1671884713,cdn.shopify.com,shopify,files/remote/cdn.shopify.com/3349668559435.jpg,0
3349668571741,https://cdn.shopify.com/s/files/1/0679/9792/5684/products/3349668571741-9.jpg?v=1671877122,cdn.shopify.com,shopify,files/remote/cdn.shopify.com/3349668571741.jpg,0
3349668571789,https://cdn.shopify.com/s/files/1/0679/9792/5684/products/3349668571789-9.jpg?v=1671888118,cdn.shopify.com,shopify,files/remote/cdn.shopify.com/3349668571789.jpg,0
3349668571802,https://cdn.shopify.com/s/files/1/0679/9792/5684/products/3349668571802-9.jpg?v=1671884749,cdn.shopify.com,shopify,files/remote/cdn.shopify.com/3349668571802.jpg,0
3349668571819,https://cdn.shopify.com/s/files/1/0679/9792/5684/products/3349668571819-9.jpg?v=1671884706,cdn.shopify.com,shopify,files/remote/cdn.shopify.com/3349668571819.jpg,0
3349668572755,https://cdn.shopify.com/s/files/1/0679/9792/5684/files/C763223.jpg?v=1740635429,cdn.shopify.com,shopify,files/remote/cdn.shopify.com/3349668572755.jpg,0
3349668573189,https://cdn.shopify.com/s/files/1/0679/9792/5684/files/Z467815.jpg?v=1740634884,cdn.shopify.com,shopify,files/remote/cdn.shopify.com/3349668573189.jpg,0
3349668573257,https://images.btswholesaler.com/imgs/productos_cosmetica/imagenes/3349668656608.webp,images.btswholesaler.com,bts_cdn,files/remote/images.btswholesaler.com/3349668573257.webp,0
3349668579822,https://cdn.shopify.com/s/files/1/0679/9792/5684/files/W483760.jpg?v=1740620910,cdn.shopify.com,shopify,files/remote/cdn.shopify.com/3349668579822.jpg,0
3349668579839,https://cdn.shopify.com/s/files/1/0679/9792/5684/files/G843851.jpg?v=1740620906,cdn.shopify.com,shopify,files/remote/cdn.shopify.com/3349668579839.jpg,0
3349668581948,https://cdn.shopify.com/s/files/1/0679/9792/5684/products/3349668581948-9.jpg?v=1671877200,cdn.shopify.com,shopify,files/remote/cdn.shopify.com/3349668581948.jpg,0
3349668582365,https://cdn.shopify.com/s/files/1/0679/9792/5684/files/D346728.jpg?v=1740620980,cdn.shopify.com,shopify,files/remote/cdn.shopify.com/3349668582365.jpg,0
3349668586677,https://cdn.shopify.com/s/files/1/0679/9792/5684/products/3349668586677-1.jpg?v=1673059860,cdn.shopify.com,shopify,files/remote/cdn.shopify.com/3349668586677.jpg,0
3349668588688,https://cdn.shopify.com/s/files/1/0679/9792/5684/files/R727038.jpg?v=1740614995,cdn.shopify.com,shopify,files/remote/cdn.shopify.com/3349668588688.jpg,0
3349668588732,https://cdn.shopify.com/s/files/1/0679/9792/5684/files/V903594.jpg?v=1740620953,cdn.shopify.com,shopify,files/remote/cdn.shopify.com/3349668588732.jpg,0
3349668588749,https://cdn.shopify.com/s/files/1/0679/9792/5684/files/H879775.jpg?v=1740620956,cdn.shopify.com,shopify,files/remote/cdn.shopify.com/3349668588749.jpg,0
3349668589678,https://cdn.shopify.com/s/files/1/0679/9792/5684/products/3349668589678-9.jpg?v=1673064293,cdn.shopify.com,shopify,files/remote/cdn.shopify.com/3349668589678.jpg,0
3349668592364,https://cdn.shopify.com/s/files/1/0679/9792/5684/products/3349668592364-9.jpg?v=1672670811,cdn.shopify.com,shopify,files/remote/cdn.shopify.com/3349668592364.jpg,0
3349668592449,https://cdn.shopify.com/s/files/1/0679/9792/5684/files/X963785.jpg?v=1740614947,cdn.shopify.com,shopify,files/remote/cdn.shopify.com/3349668592449.jpg,0
3349668595044,https://cdn.shopify.com/s/files/1/0679/9792/5684/files/J233681.jpg?v=1740635425,cdn.shopify.com,shopify,files/remote/cdn.shopify.com/3349668595044.jpg,0
3349668596348,https://images.btswholesaler.com/imgs/productos_cosmetica/imagenes/3349668596348.webp,images.btswholesaler.com,bts_cdn,files/remote/images.btswholesaler.com/3349668596348.webp,0
3349668596355,https://cdn.shopify.com/s/files/1/0679/9792/5684/files/F051751.jpg?v=1740620977,cdn.shopify.com,shopify,files/remote/cdn.shopify.com/3349668596355.jpg,0
3349668597277,https://cdn.shopify.com/s/files/1/0679/9792/5684/files/N7874210.jpg?v=1740614998,cdn.shopify.com,shopify,files/remote/cdn.shopify.com/3349668597277.jpg,0
3349668599417,https://images.btswholesaler.com/imgs/productos_cosmetica/imagenes/3349668599417.webp,images.btswholesaler.com,bts_cdn,files/remote/images.btswholesaler.com/3349668599417.webp,0
3349668599448,https://cdn.shopify.com/s/files/1/0679/9792/5684/files/P015223.jpg?v=1740615022,cdn.shopify.com,shopify,files/remote/cdn.shopify.com/3349668599448.jpg,0
3349668600298,https://cdn.shopify.com/s/files/1/0679/9792/5684/files/J108281.jpg?v=1740620876,cdn.shopify.com,shopify,files/remote/cdn.shopify.com/3349668600298.jpg,0
3349668600304,https://cdn.shopify.com/s/files/1/0679/9792/5684/files/L924432.jpg?v=1740620872,cdn.shopify.com,shopify,files/remote/cdn.shopify.com/3349668600304.jpg,0
3349668601073,https://cdn.shopify.com/s/files/1/0679/9792/5684/files/B466332.jpg?v=1740620880,cdn.shopify.com,shopify,files/remote/cdn.shopify.com/3349668601073.jpg,0
3349668603633,https://cdn.shopify.com/s/files/1/0679/9792/5684/files/F102651.jpg?v=1740620989,cdn.shopify.com,shopify,files/remote/cdn.shopify.com/3349668603633.jpg,0
3349668606764,https://cdn.shopify.com/s/files/1/0679/9792/5684/files/J268281.jpg?v=1740614920,cdn.shopify.com,shopify,files/remote/cdn.shopify.com/3349668606764.jpg,0
3349668611959,https://cdn.shopify.com/s/files/1/0679/9792/5684/files/J509781.jpg?v=1740620985,cdn.shopify.com,shopify,files/remote/cdn.shopify.com/3349668611959.jpg,0
3349668614530,https://images.btswholesaler.com/imgs/productos_cosmetica/imagenes/3349668614530.webp,images.btswholesaler.com,bts_cdn,files/remote/images.btswholesaler.com/3349668614530.webp,0
3349668614585,https://cdn.shopify.com/s/files/1/0679/9792/5684/files/J458781.jpg?v=1740621005,cdn.shopify.com,shopify,files/remote/cdn.shopify.com/3349668614585.jpg,0
3349668614608,https://images.btswholesaler.com/imgs/productos_cosmetica/imagenes/3349668614608_2.webp,images.btswholesaler.com,bts_cdn,files/remote/images.btswholesaler.com/3349668614608.webp,0
3349668614646,https://cdn.shopify.com/s/files/1/0679/9792/5684/files/T934272.jpg?v=1740614933,cdn.shopify.com,shopify,files/remote/cdn.shopify.com/3349668614646.jpg,0
3349668614653,https://cdn.shopify.com/s/files/1/0679/9792/5684/files/D1086102.jpg?v=1740614937,cdn.shopify.com,shopify,files/remote/cdn.shopify.com/3349668614653.jpg,0
3349668614660,https://cdn.shopify.com/s/files/1/0679/9792/5684/files/B616437.jpg?v=1740614941,cdn.shopify.com,shopify,files/remote/cdn.shopify.com/3349668614660.jpg,0
3349668617166,https://images.btswholesaler.com/imgs/productos_cosmetica/imagenes/3349668617166.webp,images.btswholesaler.com,bts_cdn,files/remote/images.btswholesaler.com/3349668617166.webp,0
3349668617173,https://images.btswholesaler.com/imgs/productos_cosmetica/imagenes/3349668617173.webp,images.btswholesaler.com,bts_cdn,files/remote/images.btswholesaler.com/3349668617173.webp,0
3349668623488,https://cdn.shopify.com/s/files/1/0679/9792/5684/files/D3976104.jpg?v=1740621009,cdn.shopify.com,shopify,files/remote/cdn.shopify.com/3349668623488.jpg,0
3349668624942,https://cdn.shopify.com/s/files/1/0679/9792/5684/files/Z169430.jpg?v=1740620859,cdn.shopify.com,shopify,files/remote/cdn.shopify.com/3349668624942.jpg,0
3349668627462,https://images.btswholesaler.com/imgs/productos_cosmetica/imagenes/3349668627462.webp,images.btswholesaler.com,bts_cdn,files/remote/images.btswholesaler.com/3349668627462.webp,0
3349668627479,https://images.btswholesaler.com/imgs/productos_cosmetica/imagenes/3349668627479.webp,images.btswholesaler.com,bts_cdn,files/remote/images.btswholesaler.com/3349668627479.webp,0
3349668627486,https://images.btswholesaler.com/imgs/productos_cosmetica/imagenes/3349668627486.webp,images.btswholesaler.com,bts_cdn,files/remote/images.btswholesaler.com/3349668627486.webp,0
3349668627523,https://images.btswholesaler.com/imgs/productos_cosmetica/imagenes/3349668627523.webp,images.btswholesaler.com,bts_cdn,files/remote/images.btswholesaler.com/3349668627523.webp,0
3349668627547,https://images.btswholesaler.com/imgs/productos_cosmetica/imagenes/3349668627547.webp,images.btswholesaler.com,bts_cdn,files/remote/images.btswholesaler.com/3349668627547.webp,0
3349668628124,https://cdn.shopify.com/s/files/1/0679/9792/5684/files/F15951.jpg?v=1740620892,cdn.shopify.com,shopify,files/remote/cdn.shopify.com/3349668628124.jpg,0
3349668628292,https://images.btswholesaler.com/imgs/productos_cosmetica/imagenes/3349668656264.webp,images.btswholesaler.com,bts_cdn,files/remote/images.btswholesaler.com/3349668628292.webp,0
3349668628759,https://cdn.shopify.com/s/files/1/0679/9792/5684/files/F548851.jpg?v=1740614916,cdn.shopify.com,shopify,files/remote/cdn.shopify.com/3349668628759.jpg,0
3349668630110,https://cdn.shopify.com/s/files/1/0679/9792/5684/files/Z955429.jpg?v=1740614927,cdn.shopify.com,shopify,files/remote/cdn.shopify.com/3349668630110.jpg,0
3349668630127,https://images.btswholesaler.com/imgs/productos_cosmetica/imagenes/3349668630127.webp,images.btswholesaler.com,bts_cdn,files/remote/images.btswholesaler.com/3349668630127.webp,0
3349668630240,https://images.btswholesaler.com/imgs/productos_cosmetica/imagenes/3349668630240.webp,images.btswholesaler.com,bts_cdn,files/remote/images.btswholesaler.com/3349668630240.webp,0
3349668630257,https://cdn.shopify.com/s/files/1/0679/9792/5684/files/T764277.jpg?v=1740614972,cdn.shopify.com,shopify,files/remote/cdn.shopify.com/3349668630257.jpg,0
3349668630264,https://images.btswholesaler.com/imgs/productos_cosmetica/imagenes/3349668630264.webp,images.btswholesaler.com,bts_cdn,files/remote/images.btswholesaler.com/3349668630264.webp,0
3349668630332,https://cdn.shopify.com/s/files/1/0679/9792/5684/files/V201933.jpg?v=1740620968,cdn.shopify.com,shopify,files/remote/cdn.shopify.com/3349668630332.jpg,0
3349668630349,https://cdn.shopify.com/s/files/1/0679/9792/5684/files/F555351.jpg?v=1740620964,cdn.shopify.com,shopify,files/remote/cdn.shopify.com/3349668630349.jpg,0
3349668630813,https://cdn.shopify.com/s/files/1/0679/9792/5684/files/V481926.jpg?v=1740614982,cdn.shopify.com,shopify,files/remote/cdn.shopify.com/3349668630813.jpg,0
3349668630820,https://images.btswholesaler.com/imgs/productos_cosmetica/imagenes/3349668630820_1.webp,images.btswholesaler.com,bts_cdn,files/remote/images.btswholesaler.com/3349668630820.webp,0
3349668635108,https://images.btswholesaler.com/imgs/productos_cosmetica/imagenes/3349668635108_1.webp,images.btswholesaler.com,bts_cdn,files/remote/images.btswholesaler.com/3349668635108.webp,0
3349668635337,https://cdn.shopify.com/s/files/1/0679/9792/5684/files/I30693.jpg?v=1740614954,cdn.shopify.com,shopify,files/remote/cdn.shopify.com/3349668635337.jpg,0
3349668635344,https://cdn.shopify.com/s/files/1/0679/9792/5684/files/T029279.jpg?v=1740614975,cdn.shopify.com,shopify,files/remote/cdn.shopify.com/3349668635344.jpg,0
3349668635504,https://images.btswholesaler.com/imgs/productos_cosmetica/imagenes/3349668635504_1.webp,images.btswholesaler.com,bts_cdn,files/remote/images.btswholesaler.com/3349668635504.webp,0
3349668637980,https://images.btswholesaler.com/imgs/productos_cosmetica/imagenes/3349668637980.webp,images.btswholesaler.com,bts_cdn,files/remote/images.btswholesaler.com/3349668637980.webp,0
3349668641758,https://images.btswholesaler.com/imgs/productos_cosmetica/imagenes/3349668641758.webp,images.btswholesaler.com,bts_cdn,files/remote/images.btswholesaler.com/3349668641758.webp,0
3349668644025,https://images.btswholesaler.com/imgs/productos_cosmetica/imagenes/3349668644025.webp,images.btswholesaler.com,bts_cdn,files/remote/images.btswholesaler.com/3349668644025.webp,0
3349668644063,https://images.btswholesaler.com/imgs/productos_cosmetica/imagenes/3349668644063.webp,images.btswholesaler.com,bts_cdn,files/remote/images.btswholesaler.com/3349668644063.webp,0
3349668644933,https://images.btswholesaler.com/imgs/productos_cosmetica/imagenes/3349668644933.webp,images.btswholesaler.com,bts_cdn,files/remote/images.btswholesaler.com/3349668644933.webp,0
3349668644940,https://images.btswholesaler.com/imgs/productos_cosmetica/imagenes/3349668644940.webp,images.btswholesaler.com,bts_cdn,files/remote/images.btswholesaler.com/3349668644940.webp,0
3349668644957,https://images.btswholesaler.com/imgs/productos_cosmetica/imagenes/3349668644957.webp,images.btswholesaler.com,bts_cdn,files/remote/images.btswholesaler.com/3349668644957.webp,0
3349668645206,https://images.btswholesaler.com/imgs/productos_cosmetica/imagenes/3349668645206.webp,images.btswholesaler.com,bts_cdn,files/remote/images.btswholesaler.com/3349668645206.webp,0
3349668656165,https://images.btswholesaler.com/imgs/productos_cosmetica/imagenes/3349668656165.webp,images.btswholesaler.com,bts_cdn,files/remote/images.btswholesaler.com/3349668656165.webp,0
3349668656219,https://images.btswholesaler.com/imgs/productos_cosmetica/imagenes/3349668656219.webp,images.btswholesaler.com,bts_cdn,files/remote/images.btswholesaler.com/3349668656219.webp,0
3349668675432,https://images.btswholesaler.com/imgs/productos_cosmetica/imagenes/3349668675432.webp,images.btswholesaler.com,bts_cdn,files/remote/images.btswholesaler.com/3349668675432.webp,0
3350900000035,https://cdn.shopify.com/s/files/1/0679/9792/5684/products/3350900000035-9_1.jpg?v=1671831438,cdn.shopify.com,shopify,files/remote/cdn.shopify.com/3350900000035.jpg,0
3350900000394,https://cdn.shopify.com/s/files/1/0679/9792/5684/products/3350900000394-9_1.jpg?v=1673049980,cdn.shopify.com,shopify,files/remote/cdn.shopify.com/3350900000394.jpg,0
3355800001793,https://cdn.shopify.com/s/files/1/0679/9792/5684/products/3355800001793-9.jpg?v=1671869878,cdn.shopify.com,shopify,files/remote/cdn.shopify.com/3355800001793.jpg,0
3355991005846,https://cdn.shopify.com/s/files/1/0679/9792/5684/files/Z545431.jpg?v=1740619365,cdn.shopify.com,shopify,files/remote/cdn.shopify.com/3355991005846.jpg,0
3355991005976,https://cdn.shopify.com/s/files/1/0679/9792/5684/files/L526308.jpg?v=1740619343,cdn.shopify.com,shopify,files/remote/cdn.shopify.com/3355991005976.jpg,0
3355991006003,https://cdn.shopify.com/s/files/1/0679/9792/5684/files/N1921214.jpg?v=1740619354,cdn.shopify.com,shopify,files/remote/cdn.shopify.com/3355991006003.jpg,0
3355996044017,https://www.oceanfragrances.com/Foto/3355996044017.jpg,www.oceanfragrances.com,oceanfragrances,files/remote/www.oceanfragrances.com/3355996044017.jpg,0
3355996050063,https://www.oceanfragrances.com/Foto/3355996050063.jpg,www.oceanfragrances.com,oceanfragrances,files/remote/www.oceanfragrances.com/3355996050063.jpg,0
3355998002879,https://images.btswholesaler.com/imgs/productos_cosmetica/imagenes/3355998002879.webp,images.btswholesaler.com,bts_cdn,files/remote/images.btswholesaler.com/3355998002879.webp,0
3355998040376,https://images.btswholesaler.com/imgs/productos_cosmetica/imagenes/3355998040376_1.webp,images.btswholesaler.com,bts_cdn,files/remote/images.btswholesaler.com/3355998040376.webp,0
3355998700898,https://cdn.shopify.com/s/files/1/0679/9792/5684/files/T400239.jpg?v=1740627108,cdn.shopify.com,shopify,files/remote/cdn.shopify.com/3355998700898.jpg,0
3355998701154,https://www.oceanfragrances.com/Foto/3355998701154.jpg,www.oceanfragrances.com,oceanfragrances,files/remote/www.oceanfragrances.com/3355998701154.jpg,0
3355998701192,https://www.oceanfragrances.com/Foto/3355998701192.jpg,www.oceanfragrances.com,oceanfragrances,files/remote/www.oceanfragrances.com/3355998701192.jpg,0
3355998701208,https://images.btswholesaler.com/imgs/productos_cosmetica/imagenes/3355998701208.webp,images.btswholesaler.com,bts_cdn,files/remote/images.btswholesaler.com/3355998701208.webp,0
3355998701499,https://www.oceanfragrances.com/Foto/3355998701499.jpg,www.oceanfragrances.com,oceanfragrances,files/remote/www.oceanfragrances.com/3355998701499.jpg,0
3355998701567,https://www.oceanfragrances.com/Foto/3355998701567.jpg,www.oceanfragrances.com,oceanfragrances,files/remote/www.oceanfragrances.com/3355998701567.jpg,0
3355998701611,https://images.btswholesaler.com/imgs/productos_cosmetica/imagenes/3355998701611.webp,images.btswholesaler.com,bts_cdn,files/remote/images.btswholesaler.com/3355998701611.webp,0
335701160,https://cdn.shopify.com/s/files/1/0679/9792/5684/files/N668027.jpg?v=1740635352,cdn.shopify.com,shopify,files/remote/cdn.shopify.com/335701160.jpg,0
3357554700014,https://cdn.shopify.com/s/files/1/0679/9792/5684/products/3357554700014-9.jpg?v=1671873471,cdn.shopify.com,shopify,files/remote/cdn.shopify.com/3357554700014.jpg,0
3357554720012,https://cdn.shopify.com/s/files/1/0679/9792/5684/files/N2297.jpg?v=1740612177,cdn.shopify.com,shopify,files/remote/cdn.shopify.com/3357554720012.jpg,0
3357555040010,https://cdn.shopify.com/s/files/1/0679/9792/5684/files/I824092.jpg?v=1740618189,cdn.shopify.com,shopify,files/remote/cdn.shopify.com/3357555040010.jpg,0
3360370600192,https://cdn.shopify.com/s/files/1/0679/9792/5684/files/A36352.jpg?v=1740615038,cdn.shopify.com,shopify,files/remote/cdn.shopify.com/3360370600192.jpg,0
3360372013648,https://cdn.shopify.com/s/files/1/0679/9792/5684/products/3360372013648-9.jpg?v=1671877542,cdn.shopify.com,shopify,files/remote/cdn.shopify.com/3360372013648.jpg,0
3360372055419,https://cdn.shopify.com/s/files/1/0679/9792/5684/files/Q91372.jpg?v=1740621434,cdn.shopify.com,shopify,files/remote/cdn.shopify.com/3360372055419.jpg,0
3360373054725,https://cdn.shopify.com/s/files/1/0679/9792/5684/files/B6366.jpg?v=1740615045,cdn.shopify.com,shopify,files/remote/cdn.shopify.com/3360373054725.jpg,0
3360377022911,https://cdn.shopify.com/s/files/1/0679/9792/5684/products/3360377022911-9.jpg?v=1671877511,cdn.shopify.com,shopify,files/remote/cdn.shopify.com/3360377022911.jpg,0
3360377022928,https://cdn.shopify.com/s/files/1/0679/9792/5684/products/3360377022928-9.jpg?v=1671877519,cdn.shopify.com,shopify,files/remote/cdn.shopify.com/3360377022928.jpg,0
3360377027619,https://cdn.shopify.com/s/files/1/0679/9792/5684/products/3360377027619-9.jpg?v=1671877503,cdn.shopify.com,shopify,files/remote/cdn.shopify.com/3360377027619.jpg,0
3367729018943,https://cdn.shopify.com/s/files/1/0679/9792/5684/products/3367729018943-9.jpg?v=1671820267,cdn.shopify.com,shopify,files/remote/cdn.shopify.com/3367729018943.jpg,0
3367729018981,https://cdn.shopify.com/s/files/1/0679/9792/5684/products/3367729018981-9_1.jpg?v=1673044379,cdn.shopify.com,shopify,files/remote/cdn.shopify.com/3367729018981.jpg,0
3367729021028,https://cdn.shopify.com/s/files/1/0679/9792/5684/products/3367729021028-9_1.jpg?v=1673044320,cdn.shopify.com,shopify,files/remote/cdn.shopify.com/3367729021028.jpg,0
3367729117264,https://cdn.shopify.com/s/files/1/0679/9792/5684/products/3367729117264-9.jpg?v=1673044298,cdn.shopify.com,shopify,files/remote/cdn.shopify.com/3367729117264.jpg,0
3372293118029,https://cdn.shopify.com/s/files/1/0679/9792/5684/files/Z021426.jpg?v=1740626325,cdn.shopify.com,shopify,files/remote/cdn.shopify.com/3372293118029.jpg,0
3386460004749,https://cdn.shopify.com/s/files/1/0679/9792/5684/products/3614226904966-9.jpg?v=1671869032,cdn.shopify.com,shopify,files/remote/cdn.shopify.com/3386460004749.jpg,0
3386460010399,https://cdn.shopify.com/s/files/1/0679/9792/5684/files/P0261.jpg?v=1740613812,cdn.shopify.com,shopify,files/remote/cdn.shopify.com/3386460010399.jpg,0
3386460010412,https://cdn.shopify.com/s/files/1/0679/9792/5684/files/L21535.jpg?v=1740613815,cdn.shopify.com,shopify,files/remote/cdn.shopify.com/3386460010412.jpg,0
3386460023337,https://cdn.shopify.com/s/files/1/0679/9792/5684/files/R72222.jpg?v=1740613825,cdn.shopify.com,shopify,files/remote/cdn.shopify.com/3386460023337.jpg,0
3386460025485,https://cdn.shopify.com/s/files/1/0679/9792/5684/products/3386460025485-9.jpg?v=1671883890,cdn.shopify.com,shopify,files/remote/cdn.shopify.com/3386460025485.jpg,0
3386460025492,https://cdn.shopify.com/s/files/1/0679/9792/5684/files/O3786.jpg?v=1740613142,cdn.shopify.com,shopify,files/remote/cdn.shopify.com/3386460025492.jpg,0
3386460025515,https://cdn.shopify.com/s/files/1/0679/9792/5684/products/3386460025515-9.jpg?v=1671883908,cdn.shopify.com,shopify,files/remote/cdn.shopify.com/3386460025515.jpg,0
3386460028325,https://cdn.shopify.com/s/files/1/0679/9792/5684/files/I99892.jpg?v=1740620649,cdn.shopify.com,shopify,files/remote/cdn.shopify.com/3386460028325.jpg,0
3386460028394,https://cdn.shopify.com/s/files/1/0679/9792/5684/files/I54944.jpg?v=1740620561,cdn.shopify.com,shopify,files/remote/cdn.shopify.com/3386460028394.jpg,0
3386460028424,https://cdn.shopify.com/s/files/1/0679/9792/5684/files/F2225.jpg?v=1740614479,cdn.shopify.com,shopify,files/remote/cdn.shopify.com/3386460028424.jpg,0
3386460028462,https://cdn.shopify.com/s/files/1/0679/9792/5684/files/I71744.jpg?v=1740620652,cdn.shopify.com,shopify,files/remote/cdn.shopify.com/3386460028462.jpg,0
3386460036467,https://cdn.shopify.com/s/files/1/0679/9792/5684/files/U41840.jpg?v=1740609288,cdn.shopify.com,shopify,files/remote/cdn.shopify.com/3386460036467.jpg,0
3386460047449,https://cdn.shopify.com/s/files/1/0679/9792/5684/files/W264317.jpg?v=1740634836,cdn.shopify.com,shopify,files/remote/cdn.shopify.com/3386460047449.jpg,0
3386460048118,https://cdn.shopify.com/s/files/1/0679/9792/5684/files/N113213.jpg?v=1740613161,cdn.shopify.com,shopify,files/remote/cdn.shopify.com/3386460048118.jpg,0
3386460057059,https://cdn.shopify.com/s/files/1/0679/9792/5684/files/J94181.jpg?v=1740609295,cdn.shopify.com,shopify,files/remote/cdn.shopify.com/3386460057059.jpg,0
3386460058407,https://cdn.shopify.com/s/files/1/0679/9792/5684/files/F06977.jpg?v=1740619792,cdn.shopify.com,shopify,files/remote/cdn.shopify.com/3386460058407.jpg,0
3386460058728,https://cdn.shopify.com/s/files/1/0679/9792/5684/files/F92251.jpg?v=1740620502,cdn.shopify.com,shopify,files/remote/cdn.shopify.com/3386460058728.jpg,0
3386460059053,https://cdn.shopify.com/s/files/1/0679/9792/5684/files/O08412.jpg?v=1740613828,cdn.shopify.com,shopify,files/remote/cdn.shopify.com/3386460059053.jpg,0
3386460059114,https://cdn.shopify.com/s/files/1/0679/9792/5684/files/N881030.jpg?v=1740613437,cdn.shopify.com,shopify,files/remote/cdn.shopify.com/3386460059114.jpg,0
3386460059121,https://cdn.shopify.com/s/files/1/0679/9792/5684/files/F43103.jpg?v=1740613427,cdn.shopify.com,shopify,files/remote/cdn.shopify.com/3386460059121.jpg,0
3386460059190,https://cdn.shopify.com/s/files/1/0679/9792/5684/products/3386460059190-9.jpg?v=1671885536,cdn.shopify.com,shopify,files/remote/cdn.shopify.com/3386460059190.jpg,0
3386460064125,https://cdn.shopify.com/s/files/1/0679/9792/5684/files/B26562.jpg?v=1740619614,cdn.shopify.com,shopify,files/remote/cdn.shopify.com/3386460064125.jpg,0
3386460064132,https://cdn.shopify.com/s/files/1/0679/9792/5684/files/N866216.jpg?v=1740619607,cdn.shopify.com,shopify,files/remote/cdn.shopify.com/3386460064132.jpg,0
3386460066075,https://cdn.shopify.com/s/files/1/0679/9792/5684/files/H072052.jpg?v=1740609303,cdn.shopify.com,shopify,files/remote/cdn.shopify.com/3386460066075.jpg,0
3386460066082,https://cdn.shopify.com/s/files/1/0679/9792/5684/files/P08270.jpg?v=1740609310,cdn.shopify.com,shopify,files/remote/cdn.shopify.com/3386460066082.jpg,0
3386460066181,https://cdn.shopify.com/s/files/1/0679/9792/5684/files/A579052.jpg?v=1740614483,cdn.shopify.com,shopify,files/remote/cdn.shopify.com/3386460066181.jpg,0
3386460066280,https://cdn.shopify.com/s/files/1/0679/9792/5684/files/W067316.jpg?v=1740613126,cdn.shopify.com,shopify,files/remote/cdn.shopify.com/3386460066280.jpg,0
3386460066297,https://cdn.shopify.com/s/files/1/0679/9792/5684/files/U77842.jpg?v=1740613122,cdn.shopify.com,shopify,files/remote/cdn.shopify.com/3386460066297.jpg,0
3386460067348,https://images.btswholesaler.com/imgs/productos_cosmetica/imagenes/3386460140485.webp,images.btswholesaler.com,bts_cdn,files/remote/images.btswholesaler.com/3386460067348.webp,0
3386460071727,https://cdn.shopify.com/s/files/1/0679/9792/5684/files/G110615.jpg?v=1740613192,cdn.shopify.com,shopify,files/remote/cdn.shopify.com/3386460071727.jpg,0
3386460071734,https://cdn.shopify.com/s/files/1/0679/9792/5684/files/W537317.jpg?v=1740613200,cdn.shopify.com,shopify,files/remote/cdn.shopify.com/3386460071734.jpg,0
3386460071741,https://cdn.shopify.com/s/files/1/0679/9792/5684/files/C081002.jpg?v=1740613196,cdn.shopify.com,shopify,files/remote/cdn.shopify.com/3386460071741.jpg,0
3386460072588,https://cdn.shopify.com/s/files/1/0679/9792/5684/products/3386460072588-9.jpg?v=1672786125,cdn.shopify.com,shopify,files/remote/cdn.shopify.com/3386460072588.jpg,0
3386460073875,https://cdn.shopify.com/s/files/1/0679/9792/5684/files/I007493.jpg?v=1740613223,cdn.shopify.com,shopify,files/remote/cdn.shopify.com/3386460073875.jpg,0
3386460073882,https://cdn.shopify.com/s/files/1/0679/9792/5684/files/S898128.jpg?v=1740613219,cdn.shopify.com,shopify,files/remote/cdn.shopify.com/3386460073882.jpg,0
3386460075343,https://cdn.shopify.com/s/files/1/0679/9792/5684/files/P48263.jpg?v=1740613203,cdn.shopify.com,shopify,files/remote/cdn.shopify.com/3386460075343.jpg,0
3386460075367,https://cdn.shopify.com/s/files/1/0679/9792/5684/files/F17403.jpg?v=1740613207,cdn.shopify.com,shopify,files/remote/cdn.shopify.com/3386460075367.jpg,0
3386460077200,https://images.btswholesaler.com/imgs/productos_cosmetica/imagenes/3386460077200.webp,images.btswholesaler.com,bts_cdn,files/remote/images.btswholesaler.com/3386460077200.webp,0
3386460077217,https://cdn.shopify.com/s/files/1/0679/9792/5684/files/E651541.jpg?v=1740613835,cdn.shopify.com,shopify,files/remote/cdn.shopify.com/3386460077217.jpg,0
3386460077224,https://cdn.shopify.com/s/files/1/0679/9792/5684/products/3386460077224-9.jpg?v=1673064690,cdn.shopify.com,shopify,files/remote/cdn.shopify.com/3386460077224.jpg,0
3386460080019,https://cdn.shopify.com/s/files/1/0679/9792/5684/products/3614226905758-9.jpg?v=1671870801,cdn.shopify.com,shopify,files/remote/cdn.shopify.com/3386460080019.jpg,0
3386460080026,https://cdn.shopify.com/s/files/1/0679/9792/5684/products/3614226905789-9.jpg?v=1671870808,cdn.shopify.com,shopify,files/remote/cdn.shopify.com/3386460080026.jpg,0
3386460080217,https://cdn.shopify.com/s/files/1/0679/9792/5684/files/L003840.jpg?v=1740622863,cdn.shopify.com,shopify,files/remote/cdn.shopify.com/3386460080217.jpg,0
3386460080231,https://cdn.shopify.com/s/files/1/0679/9792/5684/files/X963767.jpg?v=1740622853,cdn.shopify.com,shopify,files/remote/cdn.shopify.com/3386460080231.jpg,0
3386460081931,https://images.btswholesaler.com/imgs/productos_cosmetica/imagenes/3386460081931_1.webp,images.btswholesaler.com,bts_cdn,files/remote/images.btswholesaler.com/3386460081931.webp,0
3386460082075,https://cdn.shopify.com/s/files/1/0679/9792/5684/files/S898140.jpg?v=1740619788,cdn.shopify.com,shopify,files/remote/cdn.shopify.com/3386460082075.jpg,0
3386460082198,https://cdn.shopify.com/s/files/1/0679/9792/5684/products/3386460082198-9.jpg?v=1673064753,cdn.shopify.com,shopify,files/remote/cdn.shopify.com/3386460082198.jpg,0
3386460086325,https://cdn.shopify.com/s/files/1/0679/9792/5684/products/3386460086325-9.jpg?v=1671863187,cdn.shopify.com,shopify,files/remote/cdn.shopify.com/3386460086325.jpg,0
3386460086332,https://cdn.shopify.com/s/files/1/0679/9792/5684/products/3386460086332-9.jpg?v=1671863183,cdn.shopify.com,shopify,files/remote/cdn.shopify.com/3386460086332.jpg,0
3386460087254,https://cdn.shopify.com/s/files/1/0679/9792/5684/files/X987447.jpg?v=1740613401,cdn.shopify.com,shopify,files/remote/cdn.shopify.com/3386460087254.jpg,0
3386460087261,https://cdn.shopify.com/s/files/1/0679/9792/5684/products/3386460087261-9.jpg?v=1671866192,cdn.shopify.com,shopify,files/remote/cdn.shopify.com/3386460087261.jpg,0
3386460087278,https://cdn.shopify.com/s/files/1/0679/9792/5684/files/Z076811.jpg?v=1740613405,cdn.shopify.com,shopify,files/remote/cdn.shopify.com/3386460087278.jpg,0
3386460087940,https://cdn.shopify.com/s/files/1/0679/9792/5684/files/D385368.jpg?v=1740620614,cdn.shopify.com,shopify,files/remote/cdn.shopify.com/3386460087940.jpg,0
3386460090018,https://cdn.shopify.com/s/files/1/0679/9792/5684/products/3614226905666-9.jpg?v=1671870850,cdn.shopify.com,shopify,files/remote/cdn.shopify.com/3386460090018.jpg,0
3386460090025,https://cdn.shopify.com/s/files/1/0679/9792/5684/files/B6585.jpg?v=1740609556,cdn.shopify.com,shopify,files/remote/cdn.shopify.com/3386460090025.jpg,0
3386460094542,https://cdn.shopify.com/s/files/1/0679/9792/5684/products/3386460094542-9.jpg?v=1671874992,cdn.shopify.com,shopify,files/remote/cdn.shopify.com/3386460094542.jpg,0
3386460096584,https://cdn.shopify.com/s/files/1/0679/9792/5684/files/B866397.jpg?v=1740613822,cdn.shopify.com,shopify,files/remote/cdn.shopify.com/3386460096584.jpg,0
3386460097345,https://cdn.shopify.com/s/files/1/0679/9792/5684/files/E331515.jpg?v=1740613157,cdn.shopify.com,shopify,files/remote/cdn.shopify.com/3386460097345.jpg,0
3386460098151,https://cdn.shopify.com/s/files/1/0679/9792/5684/files/I982985.jpg?v=1740621656,cdn.shopify.com,shopify,files/remote/cdn.shopify.com/3386460098151.jpg,0
3386460098168,https://cdn.shopify.com/s/files/1/0679/9792/5684/files/J91529.jpg?v=1740621652,cdn.shopify.com,shopify,files/remote/cdn.shopify.com/3386460098168.jpg,0
3386460101059,https://cdn.shopify.com/s/files/1/0679/9792/5684/files/V693426.jpg?v=1740620513,cdn.shopify.com,shopify,files/remote/cdn.shopify.com/3386460101059.jpg,0
3386460101837,https://cdn.shopify.com/s/files/1/0679/9792/5684/products/3386460101837-9.jpg?v=1672695923,cdn.shopify.com,shopify,files/remote/cdn.shopify.com/3386460101837.jpg,0
3386460101844,https://cdn.shopify.com/s/files/1/0679/9792/5684/files/Y165612.jpg?v=1740619781,cdn.shopify.com,shopify,files/remote/cdn.shopify.com/3386460101844.jpg,0
3386460101851,https://cdn.shopify.com/s/files/1/0679/9792/5684/files/U669213.jpg?v=1740613394,cdn.shopify.com,shopify,files/remote/cdn.shopify.com/3386460101851.jpg,0
3386460102926,https://images.btswholesaler.com/imgs/productos_cosmetica/imagenes/3386460102926_1.webp,images.btswholesaler.com,bts_cdn,files/remote/images.btswholesaler.com/3386460102926.webp,0
3386460103015,https://cdn.shopify.com/s/files/1/0679/9792/5684/files/D816708.jpg?v=1740615665,cdn.shopify.com,shopify,files/remote/cdn.shopify.com/3386460103015.jpg,0
3386460103657,https://cdn.shopify.com/s/files/1/0679/9792/5684/files/U294217.jpg?v=1740613789,cdn.shopify.com,shopify,files/remote/cdn.shopify.com/3386460103657.jpg,0
3386460106436,https://cdn.shopify.com/s/files/1/0679/9792/5684/files/N474887.jpg?v=1740613211,cdn.shopify.com,shopify,files/remote/cdn.shopify.com/3386460106436.jpg,0
3386460109369,https://images.btswholesaler.com/imgs/productos_cosmetica/imagenes/3386460109369.webp,images.btswholesaler.com,bts_cdn,files/remote/images.btswholesaler.com/3386460109369.webp,0
3386460112550,https://cdn.shopify.com/s/files/1/0679/9792/5684/files/W273319.jpg?v=1740621673,cdn.shopify.com,shopify,files/remote/cdn.shopify.com/3386460112550.jpg,0
3386460113588,https://cdn.shopify.com/s/files/1/0679/9792/5684/files/D374651.jpg?v=1740614502,cdn.shopify.com,shopify,files/remote/cdn.shopify.com/3386460113588.jpg,0
3386460113601,https://cdn.shopify.com/s/files/1/0679/9792/5684/products/3386460113601-9.jpg?v=1671858334,cdn.shopify.com,shopify,files/remote/cdn.shopify.com/3386460113601.jpg,0
3386460113656,https://cdn.shopify.com/s/files/1/0679/9792/5684/files/D106789.jpg?v=1740622870,cdn.shopify.com,shopify,files/remote/cdn.shopify.com/3386460113656.jpg,0
3386460114103,https://cdn.shopify.com/s/files/1/0679/9792/5684/files/V501915.jpg?v=1740635338,cdn.shopify.com,shopify,files/remote/cdn.shopify.com/3386460114103.jpg,0
3386460114349,https://cdn.shopify.com/s/files/1/0679/9792/5684/files/V701610.jpg?v=1740609325,cdn.shopify.com,shopify,files/remote/cdn.shopify.com/3386460114349.jpg,0
3386460115223,https://cdn.shopify.com/s/files/1/0679/9792/5684/files/C563594.jpg?v=1740621661,cdn.shopify.com,shopify,files/remote/cdn.shopify.com/3386460115223.jpg,0
3386460115964,https://cdn.shopify.com/s/files/1/0679/9792/5684/files/Z459420.jpg?v=1740615509,cdn.shopify.com,shopify,files/remote/cdn.shopify.com/3386460115964.jpg,0
3386460119276,https://cdn.shopify.com/s/files/1/0679/9792/5684/files/P149220.jpg?v=1740613176,cdn.shopify.com,shopify,files/remote/cdn.shopify.com/3386460119276.jpg,0
3386460119399,https://cdn.shopify.com/s/files/1/0679/9792/5684/products/3386460119399-9.jpg?v=1671862584,cdn.shopify.com,shopify,files/remote/cdn.shopify.com/3386460119399.jpg,0
3386460119405,https://cdn.shopify.com/s/files/1/0679/9792/5684/files/V781614.jpg?v=1740615741,cdn.shopify.com,shopify,files/remote/cdn.shopify.com/3386460119405.jpg,0
3386460119412,https://cdn.shopify.com/s/files/1/0679/9792/5684/files/J022981.jpg?v=1740615737,cdn.shopify.com,shopify,files/remote/cdn.shopify.com/3386460119412.jpg,0
3386460121514,https://cdn.shopify.com/s/files/1/0679/9792/5684/products/3386460121514-9.jpg?v=1673059850,cdn.shopify.com,shopify,files/remote/cdn.shopify.com/3386460121514.jpg,0
3386460123174,https://cdn.shopify.com/s/files/1/0679/9792/5684/files/B606348.jpg?v=1740613849,cdn.shopify.com,shopify,files/remote/cdn.shopify.com/3386460123174.jpg,0
3386460123518,https://cdn.shopify.com/s/files/1/0679/9792/5684/files/Z239423.jpg?v=1740610297,cdn.shopify.com,shopify,files/remote/cdn.shopify.com/3386460123518.jpg,0
3386460123525,https://cdn.shopify.com/s/files/1/0679/9792/5684/files/V221769.jpg?v=1740610294,cdn.shopify.com,shopify,files/remote/cdn.shopify.com/3386460123525.jpg,0
3386460124195,https://images.btswholesaler.com/imgs/productos_cosmetica/imagenes/3386460124195.webp,images.btswholesaler.com,bts_cdn,files/remote/images.btswholesaler.com/3386460124195.webp,0
3386460124256,https://cdn.shopify.com/s/files/1/0679/9792/5684/files/L524042.jpg?v=1740615714,cdn.shopify.com,shopify,files/remote/cdn.shopify.com/3386460124256.jpg,0
3386460124287,https://images.btswholesaler.com/imgs/productos_cosmetica/imagenes/3386460124287_1.webp,images.btswholesaler.com,bts_cdn,files/remote/images.btswholesaler.com/3386460124287.webp,0
3386460124492,https://cdn.shopify.com/s/files/1/0679/9792/5684/files/B576348.jpg?v=1740619810,cdn.shopify.com,shopify,files/remote/cdn.shopify.com/3386460124492.jpg,0
3386460124843,https://cdn.shopify.com/s/files/1/0679/9792/5684/files/Z237423.jpg?v=1740613416,cdn.shopify.com,shopify,files/remote/cdn.shopify.com/3386460124843.jpg,0
3386460124850,https://cdn.shopify.com/s/files/1/0679/9792/5684/files/N5660210.jpg?v=1740613420,cdn.shopify.com,shopify,files/remote/cdn.shopify.com/3386460124850.jpg,0
3386460124867,https://cdn.shopify.com/s/files/1/0679/9792/5684/files/D186813.jpg?v=1740619764,cdn.shopify.com,shopify,files/remote/cdn.shopify.com/3386460124867.jpg,0
3386460124874,https://cdn.shopify.com/s/files/1/0679/9792/5684/files/L124696.jpg?v=1740619768,cdn.shopify.com,shopify,files/remote/cdn.shopify.com/3386460124874.jpg,0
3386460126212,https://cdn.shopify.com/s/files/1/0679/9792/5684/files/B736353.jpg?v=1740620495,cdn.shopify.com,shopify,files/remote/cdn.shopify.com/3386460126212.jpg,0
3386460126236,https://cdn.shopify.com/s/files/1/0679/9792/5684/files/B126366.jpg?v=1740620498,cdn.shopify.com,shopify,files/remote/cdn.shopify.com/3386460126236.jpg,0
3386460126274,https://cdn.shopify.com/s/files/1/0679/9792/5684/files/D366825.jpg?v=1740614432,cdn.shopify.com,shopify,files/remote/cdn.shopify.com/3386460126274.jpg,0
3386460126281,https://cdn.shopify.com/s/files/1/0679/9792/5684/files/T954258.jpg?v=1740614443,cdn.shopify.com,shopify,files/remote/cdn.shopify.com/3386460126281.jpg,0
3386460126298,https://cdn.shopify.com/s/files/1/0679/9792/5684/files/Z407424.jpg?v=1740614439,cdn.shopify.com,shopify,files/remote/cdn.shopify.com/3386460126298.jpg,0
3386460126304,https://images.btswholesaler.com/imgs/productos_cosmetica/imagenes/3386460126304.webp,images.btswholesaler.com,bts_cdn,files/remote/images.btswholesaler.com/3386460126304.webp,0
3386460126588,https://images.btswholesaler.com/imgs/productos_cosmetica/imagenes/3386460126588.webp,images.btswholesaler.com,bts_cdn,files/remote/images.btswholesaler.com/3386460126588.webp,0
3386460127066,https://cdn.shopify.com/s/files/1/0679/9792/5684/files/F161451.jpg?v=1740619648,cdn.shopify.com,shopify,files/remote/cdn.shopify.com/3386460127066.jpg,0
3386460127073,https://cdn.shopify.com/s/files/1/0679/9792/5684/files/D976812.jpg?v=1740619652,cdn.shopify.com,shopify,files/remote/cdn.shopify.com/3386460127073.jpg,0
3386460127950,https://cdn.shopify.com/s/files/1/0679/9792/5684/files/L524514.jpg?v=1740620618,cdn.shopify.com,shopify,files/remote/cdn.shopify.com/3386460127950.jpg,0
3386460127981,https://cdn.shopify.com/s/files/1/0679/9792/5684/files/N1574210.jpg?v=1740620628,cdn.shopify.com,shopify,files/remote/cdn.shopify.com/3386460127981.jpg,0
3386460128391,https://cdn.shopify.com/s/files/1/0679/9792/5684/files/Z263423.jpg?v=1740620565,cdn.shopify.com,shopify,files/remote/cdn.shopify.com/3386460128391.jpg,0
3386460129398,https://cdn.shopify.com/s/files/1/0679/9792/5684/files/V141765.jpg?v=1740609314,cdn.shopify.com,shopify,files/remote/cdn.shopify.com/3386460129398.jpg,0
3386460129411,https://cdn.shopify.com/s/files/1/0679/9792/5684/files/F275251.jpg?v=1740609317,cdn.shopify.com,shopify,files/remote/cdn.shopify.com/3386460129411.jpg,0
3386460129749,https://cdn.shopify.com/s/files/1/0679/9792/5684/files/V341676.jpg?v=1740622857,cdn.shopify.com,shopify,files/remote/cdn.shopify.com/3386460129749.jpg,0
3386460129848,https://cdn.shopify.com/s/files/1/0679/9792/5684/files/N7739210.jpg?v=1740619583,cdn.shopify.com,shopify,files/remote/cdn.shopify.com/3386460129848.jpg,0
3386460129893,https://cdn.shopify.com/s/files/1/0679/9792/5684/files/T004264.jpg?v=1740613180,cdn.shopify.com,shopify,files/remote/cdn.shopify.com/3386460129893.jpg,0
3386460130127,https://cdn.shopify.com/s/files/1/0679/9792/5684/files/V881649.jpg?v=1740613809,cdn.shopify.com,shopify,files/remote/cdn.shopify.com/3386460130127.jpg,0
3386460130141,https://cdn.shopify.com/s/files/1/0679/9792/5684/files/D656800.jpg?v=1740621644,cdn.shopify.com,shopify,files/remote/cdn.shopify.com/3386460130141.jpg,0
3386460130585,https://cdn.shopify.com/s/files/1/0679/9792/5684/files/L724989.jpg?v=1740620557,cdn.shopify.com,shopify,files/remote/cdn.shopify.com/3386460130585.jpg,0
3386460131346,https://cdn.shopify.com/s/files/1/0679/9792/5684/files/P213223.jpg?v=1740619796,cdn.shopify.com,shopify,files/remote/cdn.shopify.com/3386460131346.jpg,0
3386460132213,https://cdn.shopify.com/s/files/1/0679/9792/5684/files/Z501425.jpg?v=1740620611,cdn.shopify.com,shopify,files/remote/cdn.shopify.com/3386460132213.jpg,0
3386460132251,https://cdn.shopify.com/s/files/1/0679/9792/5684/files/J269581.jpg?v=1740620521,cdn.shopify.com,shopify,files/remote/cdn.shopify.com/3386460132251.jpg,0
3386460132763,https://cdn.shopify.com/s/files/1/0679/9792/5684/files/B196407.jpg?v=1740614493,cdn.shopify.com,shopify,files/remote/cdn.shopify.com/3386460132763.jpg,0
3386460132770,https://cdn.shopify.com/s/files/1/0679/9792/5684/files/N2157212.jpg?v=1740614488,cdn.shopify.com,shopify,files/remote/cdn.shopify.com/3386460132770.jpg,0
3386460133203,https://www.oceanfragrances.com/Foto/3386460138390.jpg,www.oceanfragrances.com,oceanfragrances,files/remote/www.oceanfragrances.com/3386460133203.jpg,0
3386460133814,https://cdn.shopify.com/s/files/1/0679/9792/5684/files/D5056107.jpg?v=1740613408,cdn.shopify.com,shopify,files/remote/cdn.shopify.com/3386460133814.jpg,0
3386460133821,https://cdn.shopify.com/s/files/1/0679/9792/5684/files/F506151.jpg?v=1740613412,cdn.shopify.com,shopify,files/remote/cdn.shopify.com/3386460133821.jpg,0
3386460134248,https://cdn.shopify.com/s/files/1/0679/9792/5684/files/Z795423.jpg?v=1740615698,cdn.shopify.com,shopify,files/remote/cdn.shopify.com/3386460134248.jpg,0
3386460134767,https://cdn.shopify.com/s/files/1/0679/9792/5684/files/P529229.jpg?v=1740618037,cdn.shopify.com,shopify,files/remote/cdn.shopify.com/3386460134767.jpg,0
3386460134774,https://cdn.shopify.com/s/files/1/0679/9792/5684/files/D3546103.jpg?v=1740618033,cdn.shopify.com,shopify,files/remote/cdn.shopify.com/3386460134774.jpg,0
3386460135184,https://cdn.shopify.com/s/files/1/0679/9792/5684/files/Z017426.jpg?v=1740617413,cdn.shopify.com,shopify,files/remote/cdn.shopify.com/3386460135184.jpg,0
3386460135832,https://cdn.shopify.com/s/files/1/0679/9792/5684/files/L125772.jpg?v=1740620535,cdn.shopify.com,shopify,files/remote/cdn.shopify.com/3386460135832.jpg,0
3386460135887,https://images.btswholesaler.com/imgs/productos_cosmetica/imagenes/3386460135887.webp,images.btswholesaler.com,bts_cdn,files/remote/images.btswholesaler.com/3386460135887.webp,0
3386460137362,https://images.btswholesaler.com/imgs/productos_cosmetica/imagenes/3386460137362_1.webp,images.btswholesaler.com,bts_cdn,files/remote/images.btswholesaler.com/3386460137362.webp,0
3386460137379,https://cdn.shopify.com/s/files/1/0679/9792/5684/files/V381843.jpg?v=1740615729,cdn.shopify.com,shopify,files/remote/cdn.shopify.com/3386460137379.jpg,0
3386460137386,https://cdn.shopify.com/s/files/1/0679/9792/5684/files/Z217429.jpg?v=1740615726,cdn.shopify.com,shopify,files/remote/cdn.shopify.com/3386460137386.jpg,0
3386460137485,https://www.oceanfragrances.com/Foto/3386460137485.jpg,www.oceanfragrances.com,oceanfragrances,files/remote/www.oceanfragrances.com/3386460137485.jpg,0
3386460137560,https://cdn.shopify.com/s/files/1/0679/9792/5684/files/D916983.jpg?v=1740613238,cdn.shopify.com,shopify,files/remote/cdn.shopify.com/3386460137560.jpg,0
3386460139182,https://images.btswholesaler.com/imgs/productos_cosmetica/imagenes/3386460145756.webp,images.btswholesaler.com,bts_cdn,files/remote/images.btswholesaler.com/3386460139182.webp,0
3386460142014,https://cdn.shopify.com/s/files/1/0679/9792/5684/files/J567381.jpg?v=1740613188,cdn.shopify.com,shopify,files/remote/cdn.shopify.com/3386460142014.jpg,0
3386460142175,https://cdn.shopify.com/s/files/1/0679/9792/5684/files/J496781.jpg?v=1740610337,cdn.shopify.com,shopify,files/remote/cdn.shopify.com/3386460142175.jpg,0
3386460146081,https://images.btswholesaler.com/imgs/productos_cosmetica/imagenes/3386460146081.webp,images.btswholesaler.com,bts_cdn,files/remote/images.btswholesaler.com/3386460146081.webp,0
3386460149136,https://cdn.shopify.com/s/files/1/0679/9792/5684/files/N4706210.jpg?v=1740619944,cdn.shopify.com,shopify,files/remote/cdn.shopify.com/3386460149136.jpg,0
3386460149150,https://cdn.shopify.com/s/files/1/0679/9792/5684/files/L325903.jpg?v=1740619947,cdn.shopify.com,shopify,files/remote/cdn.shopify.com/3386460149150.jpg,0
3386460149167,https://cdn.shopify.com/s/files/1/0679/9792/5684/files/B746442.jpg?v=1740619951,cdn.shopify.com,shopify,files/remote/cdn.shopify.com/3386460149167.jpg,0
3386460149174,https://cdn.shopify.com/s/files/1/0679/9792/5684/files/V81858.jpg?v=1740619919,cdn.shopify.com,shopify,files/remote/cdn.shopify.com/3386460149174.jpg,0
3386460149181,https://cdn.shopify.com/s/files/1/0679/9792/5684/files/Q791444.jpg?v=1740619923,cdn.shopify.com,shopify,files/remote/cdn.shopify.com/3386460149181.jpg,0
3386460149242,https://images.btswholesaler.com/imgs/productos_cosmetica/imagenes/3386460149242.webp,images.btswholesaler.com,bts_cdn,files/remote/images.btswholesaler.com/3386460149242.webp,0
3386460149266,https://cdn.shopify.com/s/files/1/0679/9792/5684/files/B056445.jpg?v=1740613727,cdn.shopify.com,shopify,files/remote/cdn.shopify.com/3386460149266.jpg,0
3386460149303,https://cdn.shopify.com/s/files/1/0679/9792/5684/products/737052483238-9.jpg?v=1671875023,cdn.shopify.com,shopify,files/remote/cdn.shopify.com/3386460149303.jpg,0
3386460149327,https://cdn.shopify.com/s/files/1/0679/9792/5684/files/B206406.jpg?v=1740619988,cdn.shopify.com,shopify,files/remote/cdn.shopify.com/3386460149327.jpg,0
3386460149341,https://images.btswholesaler.com/imgs/productos_cosmetica/imagenes/3386460149341.webp,images.btswholesaler.com,bts_cdn,files/remote/images.btswholesaler.com/3386460149341.webp,0
3386460149433,https://cdn.shopify.com/s/files/1/0679/9792/5684/products/737052949161-9.jpg?v=1671875042,cdn.shopify.com,shopify,files/remote/cdn.shopify.com/3386460149433.jpg,0
3386460149440,https://cdn.shopify.com/s/files/1/0679/9792/5684/products/737052191324-9.jpg?v=1671875075,cdn.shopify.com,shopify,files/remote/cdn.shopify.com/3386460149440.jpg,0
3386460151962,https://images.btswholesaler.com/imgs/productos_cosmetica/imagenes/3386460151962.webp,images.btswholesaler.com,bts_cdn,files/remote/images.btswholesaler.com/3386460151962.webp,0
3386460160827,https://images.btswholesaler.com/imgs/productos_cosmetica/imagenes/3386460160827.webp,images.btswholesaler.com,bts_cdn,files/remote/images.btswholesaler.com/3386460160827.webp,0
3386460160834,https://images.btswholesaler.com/imgs/productos_cosmetica/imagenes/3386460160834.webp,images.btswholesaler.com,bts_cdn,files/remote/images.btswholesaler.com/3386460160834.webp,0
3386460160841,https://images.btswholesaler.com/imgs/productos_cosmetica/imagenes/3386460160841.webp,images.btswholesaler.com,bts_cdn,files/remote/images.btswholesaler.com/3386460160841.webp,0
3386461515619,https://cdn.shopify.com/s/files/1/0679/9792/5684/products/3386461515619-9.jpg?v=1673064257,cdn.shopify.com,shopify,files/remote/cdn.shopify.com/3386461515619.jpg,0
3386461519457,https://cdn.shopify.com/s/files/1/0679/9792/5684/files/B31107.jpg?v=1740613802,cdn.shopify.com,shopify,files/remote/cdn.shopify.com/3386461519457.jpg,0
3386463021781,https://cdn.shopify.com/s/files/1/0679/9792/5684/products/3614226905253-9.jpg?v=1673061437,cdn.shopify.com,shopify,files/remote/cdn.shopify.com/3386463021781.jpg,0
3386463021798,https://cdn.shopify.com/s/files/1/0679/9792/5684/products/3614226904980-9.jpg?v=1671870750,cdn.shopify.com,shopify,files/remote/cdn.shopify.com/3386463021798.jpg,0
3386463021811,https://cdn.shopify.com/s/files/1/0679/9792/5684/files/B46365.jpg?v=1740609537,cdn.shopify.com,shopify,files/remote/cdn.shopify.com/3386463021811.jpg,0
3386463021828,https://cdn.shopify.com/s/files/1/0679/9792/5684/files/I38144.jpg?v=1740609541,cdn.shopify.com,shopify,files/remote/cdn.shopify.com/3386463021828.jpg,0
3386463023617,https://cdn.shopify.com/s/files/1/0679/9792/5684/products/3614226905154-9.jpg?v=1671870783,cdn.shopify.com,shopify,files/remote/cdn.shopify.com/3386463023617.jpg,0
3386463023624,https://cdn.shopify.com/s/files/1/0679/9792/5684/products/3614226905161-9.jpg?v=1671870790,cdn.shopify.com,shopify,files/remote/cdn.shopify.com/3386463023624.jpg,0
3386463023631,https://cdn.shopify.com/s/files/1/0679/9792/5684/files/V1722.jpg?v=1740617476,cdn.shopify.com,shopify,files/remote/cdn.shopify.com/3386463023631.jpg,0
3386463038888,https://cdn.shopify.com/s/files/1/0679/9792/5684/products/3614226905185-9.jpg?v=1671881656,cdn.shopify.com,shopify,files/remote/cdn.shopify.com/3386463038888.jpg,0
3386463038895,https://cdn.shopify.com/s/files/1/0679/9792/5684/products/3614226905192-9.jpg?v=1671881632,cdn.shopify.com,shopify,files/remote/cdn.shopify.com/3386463038895.jpg,0
3386463039625,https://cdn.shopify.com/s/files/1/0679/9792/5684/products/3614226905215-9.jpg?v=1671870833,cdn.shopify.com,shopify,files/remote/cdn.shopify.com/3386463039625.jpg,0
3386463039632,https://cdn.shopify.com/s/files/1/0679/9792/5684/products/3614226904997-9.jpg?v=1671870845,cdn.shopify.com,shopify,files/remote/cdn.shopify.com/3386463039632.jpg,0
3386463302729,https://cdn.shopify.com/s/files/1/0679/9792/5684/products/3614226905284-9.jpg?v=1671870757,cdn.shopify.com,shopify,files/remote/cdn.shopify.com/3386463302729.jpg,0
3386463302736,https://cdn.shopify.com/s/files/1/0679/9792/5684/products/3614227748323-9.jpg?v=1672440200,cdn.shopify.com,shopify,files/remote/cdn.shopify.com/3386463302736.jpg,0
3386463302743,https://cdn.shopify.com/s/files/1/0679/9792/5684/products/3614227748361-9.jpg?v=1673061442,cdn.shopify.com,shopify,files/remote/cdn.shopify.com/3386463302743.jpg,0
3386463402818,https://cdn.shopify.com/s/files/1/0679/9792/5684/products/3614227748446-9.jpg?v=1672433007,cdn.shopify.com,shopify,files/remote/cdn.shopify.com/3386463402818.jpg,0
3386463402825,https://cdn.shopify.com/s/files/1/0679/9792/5684/products/3614227748484-9.jpg?v=1673061459,cdn.shopify.com,shopify,files/remote/cdn.shopify.com/3386463402825.jpg,0
3386463402832,https://cdn.shopify.com/s/files/1/0679/9792/5684/products/3614227748521-9.jpg?v=1672699528,cdn.shopify.com,shopify,files/remote/cdn.shopify.com/3386463402832.jpg,0
3386463710203,https://cdn.shopify.com/s/files/1/0679/9792/5684/files/R224.jpg?v=1740609605,cdn.shopify.com,shopify,files/remote/cdn.shopify.com/3386463710203.jpg,0
3386463710210,https://cdn.shopify.com/s/files/1/0679/9792/5684/files/H553.jpg?v=1740609611,cdn.shopify.com,shopify,files/remote/cdn.shopify.com/3386463710210.jpg,0
3386463810309,https://cdn.shopify.com/s/files/1/0679/9792/5684/files/J9481.jpg?v=1740617551,cdn.shopify.com,shopify,files/remote/cdn.shopify.com/3386463810309.jpg,0
3386463810316,https://cdn.shopify.com/s/files/1/0679/9792/5684/files/P5224.jpg?v=1740617558,cdn.shopify.com,shopify,files/remote/cdn.shopify.com/3386463810316.jpg,0
3386463810323,https://cdn.shopify.com/s/files/1/0679/9792/5684/files/J2281.jpg?v=1740617555,cdn.shopify.com,shopify,files/remote/cdn.shopify.com/3386463810323.jpg,0
3386469115507,https://cdn.shopify.com/s/files/1/0679/9792/5684/files/E55165.jpg?v=1740615074,cdn.shopify.com,shopify,files/remote/cdn.shopify.com/3386469115507.jpg,0
3387950900039,https://cdn.shopify.com/s/files/1/0679/9792/5684/files/S448140.jpg?v=1740609903,cdn.shopify.com,shopify,files/remote/cdn.shopify.com/3387950900039.jpg,0
3387956003123,https://cdn.shopify.com/s/files/1/0679/9792/5684/files/L325177.jpg?v=1740617862,cdn.shopify.com,shopify,files/remote/cdn.shopify.com/3387956003123.jpg,0
3387956810134,https://cdn.shopify.com/s/files/1/0679/9792/5684/files/N6460211.jpg?v=1740622977,cdn.shopify.com,shopify,files/remote/cdn.shopify.com/3387956810134.jpg,0
3387956910216,https://cdn.shopify.com/s/files/1/0679/9792/5684/files/B536388.jpg?v=1740622973,cdn.shopify.com,shopify,files/remote/cdn.shopify.com/3387956910216.jpg,0
3390150566097,https://cdn.shopify.com/s/files/1/0679/9792/5684/products/3390150566097-9.jpg?v=1671848357,cdn.shopify.com,shopify,files/remote/cdn.shopify.com/3390150566097.jpg,0
3390150583230,https://www.oceanfragrances.com/Foto/3390150583230.jpg,www.oceanfragrances.com,oceanfragrances,files/remote/www.oceanfragrances.com/3390150583230.jpg,0
3390150585340,https://www.oceanfragrances.com/Foto/3390150585340.jpg,www.oceanfragrances.com,oceanfragrances,files/remote/www.oceanfragrances.com/3390150585340.jpg,0
3390150588488,https://www.oceanfragrances.com/Foto/3390150588488.jpg,www.oceanfragrances.com,oceanfragrances,files/remote/www.oceanfragrances.com/3390150588488.jpg,0
3390150589195,https://images.btswholesaler.com/imgs/productos_cosmetica/imagenes/3390150589195.webp,images.btswholesaler.com,bts_cdn,files/remote/images.btswholesaler.com/3390150589195.webp,0
3393670000027,https://cdn.shopify.com/s/files/1/0679/9792/5684/files/B71103.jpg?v=1740611544,cdn.shopify.com,shopify,files/remote/cdn.shopify.com/3393670000027.jpg,0
3393670000034,https://cdn.shopify.com/s/files/1/0679/9792/5684/files/B86313.jpg?v=1740611541,cdn.shopify.com,shopify,files/remote/cdn.shopify.com/3393670000034.jpg,0
3393670180088,https://cdn.shopify.com/s/files/1/0679/9792/5684/files/J7381.jpg?v=1740618639,cdn.shopify.com,shopify,files/remote/cdn.shopify.com/3393670180088.jpg,0
3401345935571,https://cdn.shopify.com/s/files/1/0679/9792/5684/products/3401345935571-9_1.jpg?v=1671819688,cdn.shopify.com,shopify,files/remote/cdn.shopify.com/3401345935571.jpg,0
3401399372346,https://cdn.shopify.com/s/files/1/0679/9792/5684/products/3401399372346-1.jpg?v=1671819758,cdn.shopify.com,shopify,files/remote/cdn.shopify.com/3401399372346.jpg,0
3412241210204,https://cdn.shopify.com/s/files/1/0679/9792/5684/files/R91036.jpg?v=1740617025,cdn.shopify.com,shopify,files/remote/cdn.shopify.com/3412241210204.jpg,0
3412242508027,https://cdn.shopify.com/s/files/1/0679/9792/5684/files/L721300.jpg?v=1740620822,cdn.shopify.com,shopify,files/remote/cdn.shopify.com/3412242508027.jpg,0
3412242610089,https://cdn.shopify.com/s/files/1/0679/9792/5684/files/S93183.jpg?v=1740617009,cdn.shopify.com,shopify,files/remote/cdn.shopify.com/3412242610089.jpg,0
3414200010214,https://cdn.shopify.com/s/files/1/0679/9792/5684/files/T99298.jpg?v=1740636288,cdn.shopify.com,shopify,files/remote/cdn.shopify.com/3414200010214.jpg,0
3414200064064,https://cdn.shopify.com/s/files/1/0679/9792/5684/files/Z7435.jpg?v=1740619688,cdn.shopify.com,shopify,files/remote/cdn.shopify.com/3414200064064.jpg,0
3414200064439,https://cdn.shopify.com/s/files/1/0679/9792/5684/products/3414200064439-9.jpg?v=1673064370,cdn.shopify.com,shopify,files/remote/cdn.shopify.com/3414200064439.jpg,0
3414200122023,https://cdn.shopify.com/s/files/1/0679/9792/5684/files/C1008.jpg?v=1740613046,cdn.shopify.com,shopify,files/remote/cdn.shopify.com/3414200122023.jpg,0
3414200123020,https://cdn.shopify.com/s/files/1/0679/9792/5684/files/G2615.jpg?v=1740613056,cdn.shopify.com,shopify,files/remote/cdn.shopify.com/3414200123020.jpg,0
3414200123525,https://cdn.shopify.com/s/files/1/0679/9792/5684/files/N97553.jpg?v=1740613053,cdn.shopify.com,shopify,files/remote/cdn.shopify.com/3414200123525.jpg,0
3414200140003,https://cdn.shopify.com/s/files/1/0679/9792/5684/files/A3052.jpg?v=1740613040,cdn.shopify.com,shopify,files/remote/cdn.shopify.com/3414200140003.jpg,0
3414200140027,https://cdn.shopify.com/s/files/1/0679/9792/5684/files/K774.jpg?v=1740613037,cdn.shopify.com,shopify,files/remote/cdn.shopify.com/3414200140027.jpg,0
3414200150026,https://cdn.shopify.com/s/files/1/0679/9792/5684/files/R54213.jpg?v=1740613081,cdn.shopify.com,shopify,files/remote/cdn.shopify.com/3414200150026.jpg,0
3414200161008,https://cdn.shopify.com/s/files/1/0679/9792/5684/files/J3281.jpg?v=1740615857,cdn.shopify.com,shopify,files/remote/cdn.shopify.com/3414200161008.jpg,0
3414200161015,https://cdn.shopify.com/s/files/1/0679/9792/5684/files/H28252.jpg?v=1740615861,cdn.shopify.com,shopify,files/remote/cdn.shopify.com/3414200161015.jpg,0
3414200204415,https://cdn.shopify.com/s/files/1/0679/9792/5684/files/I80992.jpg?v=1740618261,cdn.shopify.com,shopify,files/remote/cdn.shopify.com/3414200204415.jpg,0
3414200380010,https://cdn.shopify.com/s/files/1/0679/9792/5684/products/3414200380010-9_1.jpg?v=1671835558,cdn.shopify.com,shopify,files/remote/cdn.shopify.com/3414200380010.jpg,0
3414200380119,https://cdn.shopify.com/s/files/1/0679/9792/5684/files/W194317.jpg?v=1740627242,cdn.shopify.com,shopify,files/remote/cdn.shopify.com/3414200380119.jpg,0
3414200640015,https://cdn.shopify.com/s/files/1/0679/9792/5684/files/O0434.jpg?v=1740619724,cdn.shopify.com,shopify,files/remote/cdn.shopify.com/3414200640015.jpg,0
3414200802192,https://cdn.shopify.com/s/files/1/0679/9792/5684/products/3414200802192-9.jpg?v=1671874522,cdn.shopify.com,shopify,files/remote/cdn.shopify.com/3414200802192.jpg,0
3414201002683,https://cdn.shopify.com/s/files/1/0679/9792/5684/products/3414201002683-9.jpg?v=1673062354,cdn.shopify.com,shopify,files/remote/cdn.shopify.com/3414201002683.jpg,0
3414201021028,https://cdn.shopify.com/s/files/1/0679/9792/5684/files/A831151.jpg?v=1740613111,cdn.shopify.com,shopify,files/remote/cdn.shopify.com/3414201021028.jpg,0
3414202000312,https://cdn.shopify.com/s/files/1/0679/9792/5684/files/M818429.jpg?v=1740634578,cdn.shopify.com,shopify,files/remote/cdn.shopify.com/3414202000312.jpg,0
3414202000329,https://cdn.shopify.com/s/files/1/0679/9792/5684/files/W15830.jpg?v=1740634570,cdn.shopify.com,shopify,files/remote/cdn.shopify.com/3414202000329.jpg,0
3414202000534,https://cdn.shopify.com/s/files/1/0679/9792/5684/files/Q43081.jpg?v=1740618302,cdn.shopify.com,shopify,files/remote/cdn.shopify.com/3414202000534.jpg,0
3414202000626,https://cdn.shopify.com/s/files/1/0679/9792/5684/files/Y0444.jpg?v=1740618275,cdn.shopify.com,shopify,files/remote/cdn.shopify.com/3414202000626.jpg,0
3414202000664,https://cdn.shopify.com/s/files/1/0679/9792/5684/files/S18129.jpg?v=1740618272,cdn.shopify.com,shopify,files/remote/cdn.shopify.com/3414202000664.jpg,0
3414202011769,https://cdn.shopify.com/s/files/1/0679/9792/5684/files/G02615.jpg?v=1740610481,cdn.shopify.com,shopify,files/remote/cdn.shopify.com/3414202011769.jpg,0
3414202011820,https://cdn.shopify.com/s/files/1/0679/9792/5684/products/3414202011820-9.jpg?v=1673063466,cdn.shopify.com,shopify,files/remote/cdn.shopify.com/3414202011820.jpg,0
3414202461045,https://cdn.shopify.com/s/files/1/0679/9792/5684/products/3607342359789-9.jpg?v=1671877416,cdn.shopify.com,shopify,files/remote/cdn.shopify.com/3414202461045.jpg,0
3414202467085,https://cdn.shopify.com/s/files/1/0679/9792/5684/products/3614227373495-9.jpg?v=1671877347,cdn.shopify.com,shopify,files/remote/cdn.shopify.com/3414202467085.jpg,0
3414202945910,https://cdn.shopify.com/s/files/1/0679/9792/5684/products/3414202945910-9.jpg?v=1671873078,cdn.shopify.com,shopify,files/remote/cdn.shopify.com/3414202945910.jpg,0
3414204200949,https://cdn.shopify.com/s/files/1/0679/9792/5684/files/Q43136.jpg?v=1740620844,cdn.shopify.com,shopify,files/remote/cdn.shopify.com/3414204200949.jpg,0
3414206000165,https://cdn.shopify.com/s/files/1/0679/9792/5684/files/D66854.jpg?v=1740613280,cdn.shopify.com,shopify,files/remote/cdn.shopify.com/3414206000165.jpg,0
3414206000592,https://cdn.shopify.com/s/files/1/0679/9792/5684/files/D26125.jpg?v=1740619706,cdn.shopify.com,shopify,files/remote/cdn.shopify.com/3414206000592.jpg,0
3414206000615,https://cdn.shopify.com/s/files/1/0679/9792/5684/files/D5396.jpg?v=1740619685,cdn.shopify.com,shopify,files/remote/cdn.shopify.com/3414206000615.jpg,0
3414206000714,https://cdn.shopify.com/s/files/1/0679/9792/5684/files/S38136.jpg?v=1740634670,cdn.shopify.com,shopify,files/remote/cdn.shopify.com/3414206000714.jpg,0
3414206414009,https://cdn.shopify.com/s/files/1/0679/9792/5684/files/J655.jpg?v=1740619695,cdn.shopify.com,shopify,files/remote/cdn.shopify.com/3414206414009.jpg,0
3414208004284,https://cdn.shopify.com/s/files/1/0679/9792/5684/products/7640177366160-9.jpg?v=1671873064,cdn.shopify.com,shopify,files/remote/cdn.shopify.com/3414208004284.jpg,0
3416840937951,https://cdn.shopify.com/s/files/1/0679/9792/5684/files/D726961.jpg?v=1740614510,cdn.shopify.com,shopify,files/remote/cdn.shopify.com/3416840937951.jpg,0
3423220006893,https://cdn.shopify.com/s/files/1/0679/9792/5684/files/L403704.jpg?v=1740618330,cdn.shopify.com,shopify,files/remote/cdn.shopify.com/3423220006893.jpg,0
3423222010652,https://cdn.shopify.com/s/files/1/0679/9792/5684/files/N708293.jpg?v=1740612796,cdn.shopify.com,shopify,files/remote/cdn.shopify.com/3423222010652.jpg,0
3423222010683,https://cdn.shopify.com/s/files/1/0679/9792/5684/files/P58264.jpg?v=1740619256,cdn.shopify.com,shopify,files/remote/cdn.shopify.com/3423222010683.jpg,0
3423222010690,https://images.btswholesaler.com/imgs/productos_cosmetica/imagenes/3423222092856_1.webp,images.btswholesaler.com,bts_cdn,files/remote/images.btswholesaler.com/3423222010690.webp,0
3423222010782,https://cdn.shopify.com/s/files/1/0679/9792/5684/files/N821297.jpg?v=1740612772,cdn.shopify.com,shopify,files/remote/cdn.shopify.com/3423222010782.jpg,0
3423222012687,https://cdn.shopify.com/s/files/1/0679/9792/5684/files/X403785.jpg?v=1740614762,cdn.shopify.com,shopify,files/remote/cdn.shopify.com/3423222012687.jpg,0
3423222012700,https://cdn.shopify.com/s/files/1/0679/9792/5684/files/V783594.jpg?v=1740614750,cdn.shopify.com,shopify,files/remote/cdn.shopify.com/3423222012700.jpg,0
3423222015565,https://cdn.shopify.com/s/files/1/0679/9792/5684/products/3423222015565-9.jpg?v=1673060547,cdn.shopify.com,shopify,files/remote/cdn.shopify.com/3423222015565.jpg,0
3423222015961,https://cdn.shopify.com/s/files/1/0679/9792/5684/files/N647291.jpg?v=1740610783,cdn.shopify.com,shopify,files/remote/cdn.shopify.com/3423222015961.jpg,0
3423222016234,https://cdn.shopify.com/s/files/1/0679/9792/5684/files/T559250.jpg?v=1740610741,cdn.shopify.com,shopify,files/remote/cdn.shopify.com/3423222016234.jpg,0
3423222017866,https://cdn.shopify.com/s/files/1/0679/9792/5684/files/T175235.jpg?v=1740610871,cdn.shopify.com,shopify,files/remote/cdn.shopify.com/3423222017866.jpg,0
3423222018412,https://cdn.shopify.com/s/files/1/0679/9792/5684/files/F069251.jpg?v=1740618378,cdn.shopify.com,shopify,files/remote/cdn.shopify.com/3423222018412.jpg,0
3423222026028,https://cdn.shopify.com/s/files/1/0679/9792/5684/files/D096814.jpg?v=1740618457,cdn.shopify.com,shopify,files/remote/cdn.shopify.com/3423222026028.jpg,0
3423222047870,https://cdn.shopify.com/s/files/1/0679/9792/5684/products/3423478975453-9.jpg?v=1671874133,cdn.shopify.com,shopify,files/remote/cdn.shopify.com/3423222047870.jpg,0
3423222047900,https://cdn.shopify.com/s/files/1/0679/9792/5684/files/B216351.jpg?v=1740619267,cdn.shopify.com,shopify,files/remote/cdn.shopify.com/3423222047900.jpg,0
3423222047931,https://cdn.shopify.com/s/files/1/0679/9792/5684/files/L27593.jpg?v=1740612799,cdn.shopify.com,shopify,files/remote/cdn.shopify.com/3423222047931.jpg,0
3423222048464,https://cdn.shopify.com/s/files/1/0679/9792/5684/files/F499851.jpg?v=1740616854,cdn.shopify.com,shopify,files/remote/cdn.shopify.com/3423222048464.jpg,0
3423222048532,https://cdn.shopify.com/s/files/1/0679/9792/5684/files/V141783.jpg?v=1740616879,cdn.shopify.com,shopify,files/remote/cdn.shopify.com/3423222048532.jpg,0
3423222052409,https://cdn.shopify.com/s/files/1/0679/9792/5684/files/B656358.jpg?v=1740610724,cdn.shopify.com,shopify,files/remote/cdn.shopify.com/3423222052409.jpg,0
3423222052416,https://cdn.shopify.com/s/files/1/0679/9792/5684/files/F145451.jpg?v=1740610730,cdn.shopify.com,shopify,files/remote/cdn.shopify.com/3423222052416.jpg,0
3423222052423,https://cdn.shopify.com/s/files/1/0679/9792/5684/files/Z153425.jpg?v=1740610734,cdn.shopify.com,shopify,files/remote/cdn.shopify.com/3423222052423.jpg,0
3423222052973,https://cdn.shopify.com/s/files/1/0679/9792/5684/files/P419225.jpg?v=1740618356,cdn.shopify.com,shopify,files/remote/cdn.shopify.com/3423222052973.jpg,0
3423222055615,https://cdn.shopify.com/s/files/1/0679/9792/5684/files/Z049424.jpg?v=1740614779,cdn.shopify.com,shopify,files/remote/cdn.shopify.com/3423222055615.jpg,0
3423222055868,https://cdn.shopify.com/s/files/1/0679/9792/5684/files/J182381.jpg?v=1740614754,cdn.shopify.com,shopify,files/remote/cdn.shopify.com/3423222055868.jpg,0
3423222065881,https://cdn.shopify.com/s/files/1/0679/9792/5684/files/L003892.jpg?v=1740610787,cdn.shopify.com,shopify,files/remote/cdn.shopify.com/3423222065881.jpg,0
3423222080952,https://cdn.shopify.com/s/files/1/0679/9792/5684/files/D0246102.jpg?v=1740614649,cdn.shopify.com,shopify,files/remote/cdn.shopify.com/3423222080952.jpg,0
3423222080969,https://cdn.shopify.com/s/files/1/0679/9792/5684/files/B256437.jpg?v=1740614653,cdn.shopify.com,shopify,files/remote/cdn.shopify.com/3423222080969.jpg,0
3423222086510,https://cdn.shopify.com/s/files/1/0679/9792/5684/files/Z009430.jpg?v=1740616886,cdn.shopify.com,shopify,files/remote/cdn.shopify.com/3423222086510.jpg,0
3423222086527,https://cdn.shopify.com/s/files/1/0679/9792/5684/files/J500481.jpg?v=1740616883,cdn.shopify.com,shopify,files/remote/cdn.shopify.com/3423222086527.jpg,0
3423222086596,https://cdn.shopify.com/s/files/1/0679/9792/5684/files/Z203422.jpg?v=1740622269,cdn.shopify.com,shopify,files/remote/cdn.shopify.com/3423222086596.jpg,0
3423222086619,https://cdn.shopify.com/s/files/1/0679/9792/5684/files/D136952.jpg?v=1740616864,cdn.shopify.com,shopify,files/remote/cdn.shopify.com/3423222086619.jpg,0
3423222089337,https://cdn.shopify.com/s/files/1/0679/9792/5684/files/Z735420.jpg?v=1740619252,cdn.shopify.com,shopify,files/remote/cdn.shopify.com/3423222089337.jpg,0
3423222090920,https://cdn.shopify.com/s/files/1/0679/9792/5684/files/B071106.jpg?v=1740619245,cdn.shopify.com,shopify,files/remote/cdn.shopify.com/3423222090920.jpg,0
3423222092245,https://cdn.shopify.com/s/files/1/0679/9792/5684/files/F410351.jpg?v=1740614699,cdn.shopify.com,shopify,files/remote/cdn.shopify.com/3423222092245.jpg,0
3423222092528,https://cdn.shopify.com/s/files/1/0679/9792/5684/files/D2296104.jpg?v=1740614667,cdn.shopify.com,shopify,files/remote/cdn.shopify.com/3423222092528.jpg,0
3423222092535,https://cdn.shopify.com/s/files/1/0679/9792/5684/files/T099274.jpg?v=1740614663,cdn.shopify.com,shopify,files/remote/cdn.shopify.com/3423222092535.jpg,0
3423222092818,https://cdn.shopify.com/s/files/1/0679/9792/5684/files/T759274.jpg?v=1740619300,cdn.shopify.com,shopify,files/remote/cdn.shopify.com/3423222092818.jpg,0
3423222092870,https://cdn.shopify.com/s/files/1/0679/9792/5684/files/L525994.jpg?v=1740612817,cdn.shopify.com,shopify,files/remote/cdn.shopify.com/3423222092870.jpg,0
3423222106201,https://cdn.shopify.com/s/files/1/0679/9792/5684/files/L726155.jpg?v=1740619286,cdn.shopify.com,shopify,files/remote/cdn.shopify.com/3423222106201.jpg,0
3423222107635,https://cdn.shopify.com/s/files/1/0679/9792/5684/files/F519351.jpg?v=1740614729,cdn.shopify.com,shopify,files/remote/cdn.shopify.com/3423222107635.jpg,0
3423222108267,https://images.btswholesaler.com/imgs/productos_cosmetica/imagenes/3423222108267.webp,images.btswholesaler.com,bts_cdn,files/remote/images.btswholesaler.com/3423222108267.webp,0
3423222108281,https://images.btswholesaler.com/imgs/productos_cosmetica/imagenes/3423222108281.webp,images.btswholesaler.com,bts_cdn,files/remote/images.btswholesaler.com/3423222108281.webp,0
3423222121297,https://images.btswholesaler.com/imgs/productos_cosmetica/imagenes/3423222121297.webp,images.btswholesaler.com,bts_cdn,files/remote/images.btswholesaler.com/3423222121297.webp,0
3423222133665,https://images.btswholesaler.com/imgs/productos_cosmetica/imagenes/3423222133665.webp,images.btswholesaler.com,bts_cdn,files/remote/images.btswholesaler.com/3423222133665.webp,0
3423470317152,https://cdn.shopify.com/s/files/1/0679/9792/5684/products/3423470317152-9.jpg?v=1671874676,cdn.shopify.com,shopify,files/remote/cdn.shopify.com/3423470317152.jpg,0
3423470317169,https://cdn.shopify.com/s/files/1/0679/9792/5684/products/3423470317169-9.jpg?v=1671874681,cdn.shopify.com,shopify,files/remote/cdn.shopify.com/3423470317169.jpg,0
3423470317534,https://cdn.shopify.com/s/files/1/0679/9792/5684/products/3423470317534-9.jpg?v=1671874642,cdn.shopify.com,shopify,files/remote/cdn.shopify.com/3423470317534.jpg,0
3423470398007,https://cdn.shopify.com/s/files/1/0679/9792/5684/products/3423470398007-9.jpg?v=1671886141,cdn.shopify.com,shopify,files/remote/cdn.shopify.com/3423470398007.jpg,0
3423470398014,https://cdn.shopify.com/s/files/1/0679/9792/5684/products/3423470398014-9.jpg?v=1671886149,cdn.shopify.com,shopify,files/remote/cdn.shopify.com/3423470398014.jpg,0
3423470470482,https://cdn.shopify.com/s/files/1/0679/9792/5684/products/8435415011372-9.jpg?v=1673062413,cdn.shopify.com,shopify,files/remote/cdn.shopify.com/3423470470482.jpg,0
3423470470512,https://cdn.shopify.com/s/files/1/0679/9792/5684/products/8435415011402-9.jpg?v=1673062433,cdn.shopify.com,shopify,files/remote/cdn.shopify.com/3423470470512.jpg,0
3423470475319,https://cdn.shopify.com/s/files/1/0679/9792/5684/products/8435415012751-9.jpg?v=1673062385,cdn.shopify.com,shopify,files/remote/cdn.shopify.com/3423470475319.jpg,0
3423470475340,https://cdn.shopify.com/s/files/1/0679/9792/5684/products/8435415012782-9_1.jpg?v=1673062381,cdn.shopify.com,shopify,files/remote/cdn.shopify.com/3423470475340.jpg,0
3423470475852,https://cdn.shopify.com/s/files/1/0679/9792/5684/files/A99451.jpg?v=1740619471,cdn.shopify.com,shopify,files/remote/cdn.shopify.com/3423470475852.jpg,0
3423470475913,https://cdn.shopify.com/s/files/1/0679/9792/5684/products/3423470475913-9.jpg?v=1671874588,cdn.shopify.com,shopify,files/remote/cdn.shopify.com/3423470475913.jpg,0
3423470476460,https://cdn.shopify.com/s/files/1/0679/9792/5684/products/3423470476460-9.jpg?v=1671874629,cdn.shopify.com,shopify,files/remote/cdn.shopify.com/3423470476460.jpg,0
3423470476590,https://cdn.shopify.com/s/files/1/0679/9792/5684/files/B36360.jpg?v=1740634656,cdn.shopify.com,shopify,files/remote/cdn.shopify.com/3423470476590.jpg,0
3423470481136,https://cdn.shopify.com/s/files/1/0679/9792/5684/files/T31248.jpg?v=1740634639,cdn.shopify.com,shopify,files/remote/cdn.shopify.com/3423470481136.jpg,0
3423470486018,https://cdn.shopify.com/s/files/1/0679/9792/5684/files/F9103.jpg?v=1740619274,cdn.shopify.com,shopify,files/remote/cdn.shopify.com/3423470486018.jpg,0
3423470486025,https://cdn.shopify.com/s/files/1/0679/9792/5684/files/L4172.jpg?v=1740619278,cdn.shopify.com,shopify,files/remote/cdn.shopify.com/3423470486025.jpg,0
3423470486056,https://images.btswholesaler.com/imgs/productos_cosmetica/imagenes/3423470486056.webp,images.btswholesaler.com,bts_cdn,files/remote/images.btswholesaler.com/3423470486056.webp,0
3423470890013,https://cdn.shopify.com/s/files/1/0679/9792/5684/files/W87317.jpg?v=1740614683,cdn.shopify.com,shopify,files/remote/cdn.shopify.com/3423470890013.jpg,0
3423470890020,https://cdn.shopify.com/s/files/1/0679/9792/5684/files/G32615.jpg?v=1740614675,cdn.shopify.com,shopify,files/remote/cdn.shopify.com/3423470890020.jpg,0
3423470890129,https://cdn.shopify.com/s/files/1/0679/9792/5684/products/3423470890129-9.jpg?v=1673063387,cdn.shopify.com,shopify,files/remote/cdn.shopify.com/3423470890129.jpg,0
3423470890136,https://cdn.shopify.com/s/files/1/0679/9792/5684/products/3423470890136-9.jpg?v=1673063382,cdn.shopify.com,shopify,files/remote/cdn.shopify.com/3423470890136.jpg,0
3423470890235,https://cdn.shopify.com/s/files/1/0679/9792/5684/products/3423470890235-9.jpg?v=1673063376,cdn.shopify.com,shopify,files/remote/cdn.shopify.com/3423470890235.jpg,0
3423473003953,https://cdn.shopify.com/s/files/1/0679/9792/5684/files/D034647.jpg?v=1740610744,cdn.shopify.com,shopify,files/remote/cdn.shopify.com/3423473003953.jpg,0
3423473004851,https://cdn.shopify.com/s/files/1/0679/9792/5684/files/Q894306.jpg?v=1740610747,cdn.shopify.com,shopify,files/remote/cdn.shopify.com/3423473004851.jpg,0
3423473005353,https://cdn.shopify.com/s/files/1/0679/9792/5684/files/A752437.jpg?v=1740610751,cdn.shopify.com,shopify,files/remote/cdn.shopify.com/3423473005353.jpg,0
3423473017158,https://cdn.shopify.com/s/files/1/0679/9792/5684/products/3423473017158-9.jpg?v=1671865316,cdn.shopify.com,shopify,files/remote/cdn.shopify.com/3423473017158.jpg,0
3423473020035,https://cdn.shopify.com/s/files/1/0679/9792/5684/products/3423473020035-9.jpg?v=1671884014,cdn.shopify.com,shopify,files/remote/cdn.shopify.com/3423473020035.jpg,0
3423473020042,https://cdn.shopify.com/s/files/1/0679/9792/5684/products/3423473020042-9.jpg?v=1673064194,cdn.shopify.com,shopify,files/remote/cdn.shopify.com/3423473020042.jpg,0
3423473020189,https://cdn.shopify.com/s/files/1/0679/9792/5684/products/3423473020189-9.jpg?v=1671889379,cdn.shopify.com,shopify,files/remote/cdn.shopify.com/3423473020189.jpg,0
3423473020264,https://cdn.shopify.com/s/files/1/0679/9792/5684/products/3423473020264-9.jpg?v=1673061826,cdn.shopify.com,shopify,files/remote/cdn.shopify.com/3423473020264.jpg,0
3423473020493,https://cdn.shopify.com/s/files/1/0679/9792/5684/products/3423473020493-9.jpg?v=1671871563,cdn.shopify.com,shopify,files/remote/cdn.shopify.com/3423473020493.jpg,0
3423473020622,https://cdn.shopify.com/s/files/1/0679/9792/5684/products/737052074610-9.jpg?v=1671872562,cdn.shopify.com,shopify,files/remote/cdn.shopify.com/3423473020622.jpg,0
3423473020646,https://cdn.shopify.com/s/files/1/0679/9792/5684/files/B36558.jpg?v=1740610811,cdn.shopify.com,shopify,files/remote/cdn.shopify.com/3423473020646.jpg,0
3423473020752,https://cdn.shopify.com/s/files/1/0679/9792/5684/products/3423473020752-9.jpg?v=1671872586,cdn.shopify.com,shopify,files/remote/cdn.shopify.com/3423473020752.jpg,0
3423473020776,https://cdn.shopify.com/s/files/1/0679/9792/5684/products/3423473020776-9.jpg?v=1671966348,cdn.shopify.com,shopify,files/remote/cdn.shopify.com/3423473020776.jpg,0
3423473020783,https://cdn.shopify.com/s/files/1/0679/9792/5684/products/3423473020783-9.jpg?v=1672847221,cdn.shopify.com,shopify,files/remote/cdn.shopify.com/3423473020783.jpg,0
3423473020844,https://cdn.shopify.com/s/files/1/0679/9792/5684/products/3423473020844-9.jpg?v=1673064451,cdn.shopify.com,shopify,files/remote/cdn.shopify.com/3423473020844.jpg,0
3423473021223,https://cdn.shopify.com/s/files/1/0679/9792/5684/files/T327726.jpg?v=1740618448,cdn.shopify.com,shopify,files/remote/cdn.shopify.com/3423473021223.jpg,0
3423473032793,https://cdn.shopify.com/s/files/1/0679/9792/5684/files/I256693.jpg?v=1740610772,cdn.shopify.com,shopify,files/remote/cdn.shopify.com/3423473032793.jpg,0
3423473032809,https://cdn.shopify.com/s/files/1/0679/9792/5684/products/3423473032809-9.jpg?v=1673064729,cdn.shopify.com,shopify,files/remote/cdn.shopify.com/3423473032809.jpg,0
3423473032816,https://cdn.shopify.com/s/files/1/0679/9792/5684/products/3423473032816-9.jpg?v=1671902142,cdn.shopify.com,shopify,files/remote/cdn.shopify.com/3423473032816.jpg,0
3423473053859,https://cdn.shopify.com/s/files/1/0679/9792/5684/products/3423473053859-9.jpg?v=1672695928,cdn.shopify.com,shopify,files/remote/cdn.shopify.com/3423473053859.jpg,0
3423473053958,https://cdn.shopify.com/s/files/1/0679/9792/5684/products/3423473053958-9.jpg?v=1673059933,cdn.shopify.com,shopify,files/remote/cdn.shopify.com/3423473053958.jpg,0
3423473095750,https://cdn.shopify.com/s/files/1/0679/9792/5684/products/3423473095750-9.jpg?v=1671863050,cdn.shopify.com,shopify,files/remote/cdn.shopify.com/3423473095750.jpg,0
3423473121053,https://cdn.shopify.com/s/files/1/0679/9792/5684/files/B172212.jpg?v=1740614742,cdn.shopify.com,shopify,files/remote/cdn.shopify.com/3423473121053.jpg,0
3423473947158,https://cdn.shopify.com/s/files/1/0679/9792/5684/files/Z45428.jpg?v=1740612835,cdn.shopify.com,shopify,files/remote/cdn.shopify.com/3423473947158.jpg,0
3423473949954,https://cdn.shopify.com/s/files/1/0679/9792/5684/products/3423473949954-9.jpg?v=1671885097,cdn.shopify.com,shopify,files/remote/cdn.shopify.com/3423473949954.jpg,0
3423474717453,https://cdn.shopify.com/s/files/1/0679/9792/5684/files/J61981.jpg?v=1740612889,cdn.shopify.com,shopify,files/remote/cdn.shopify.com/3423474717453.jpg,0
3423474772858,https://cdn.shopify.com/s/files/1/0679/9792/5684/products/8435415036443-9.jpg?v=1671874540,cdn.shopify.com,shopify,files/remote/cdn.shopify.com/3423474772858.jpg,0
3423474772957,https://cdn.shopify.com/s/files/1/0679/9792/5684/files/T14286.jpg?v=1740619479,cdn.shopify.com,shopify,files/remote/cdn.shopify.com/3423474772957.jpg,0
3423474820955,https://cdn.shopify.com/s/files/1/0679/9792/5684/files/L27765.jpg?v=1740612792,cdn.shopify.com,shopify,files/remote/cdn.shopify.com/3423474820955.jpg,0
3423474867059,https://cdn.shopify.com/s/files/1/0679/9792/5684/products/3423474867059-9.jpg?v=1671884198,cdn.shopify.com,shopify,files/remote/cdn.shopify.com/3423474867059.jpg,0
3423474867158,https://cdn.shopify.com/s/files/1/0679/9792/5684/files/N951212.jpg?v=1740619290,cdn.shopify.com,shopify,files/remote/cdn.shopify.com/3423474867158.jpg,0
3423478400559,https://cdn.shopify.com/s/files/1/0679/9792/5684/files/H340153.jpg?v=1740610720,cdn.shopify.com,shopify,files/remote/cdn.shopify.com/3423478400559.jpg,0
3423478452657,https://cdn.shopify.com/s/files/1/0679/9792/5684/products/3423478452657-9.jpg?v=1673060696,cdn.shopify.com,shopify,files/remote/cdn.shopify.com/3423478452657.jpg,0
3423478515956,https://cdn.shopify.com/s/files/1/0679/9792/5684/products/3423478515956-9.jpg?v=1671866511,cdn.shopify.com,shopify,files/remote/cdn.shopify.com/3423478515956.jpg,0
3423478753754,https://cdn.shopify.com/s/files/1/0679/9792/5684/files/U252217.jpg?v=1740612820,cdn.shopify.com,shopify,files/remote/cdn.shopify.com/3423478753754.jpg,0
3423478807655,https://images.btswholesaler.com/imgs/productos_cosmetica/imagenes/3423478807655.webp,images.btswholesaler.com,bts_cdn,files/remote/images.btswholesaler.com/3423478807655.webp,0
3423478840454,https://cdn.shopify.com/s/files/1/0679/9792/5684/files/O86112.jpg?v=1740614792,cdn.shopify.com,shopify,files/remote/cdn.shopify.com/3423478840454.jpg,0
3423478915459,https://cdn.shopify.com/s/files/1/0679/9792/5684/files/M691412.jpg?v=1740614679,cdn.shopify.com,shopify,files/remote/cdn.shopify.com/3423478915459.jpg,0
3423478923553,https://cdn.shopify.com/s/files/1/0679/9792/5684/files/R506212.jpg?v=1740614672,cdn.shopify.com,shopify,files/remote/cdn.shopify.com/3423478923553.jpg,0
3423478972551,https://cdn.shopify.com/s/files/1/0679/9792/5684/files/F042651.jpg?v=1740612803,cdn.shopify.com,shopify,files/remote/cdn.shopify.com/3423478972551.jpg,0
3430750002967,https://cdn.shopify.com/s/files/1/0679/9792/5684/files/I748744.jpg?v=1740619537,cdn.shopify.com,shopify,files/remote/cdn.shopify.com/3430750002967.jpg,0
3430750008907,https://cdn.shopify.com/s/files/1/0679/9792/5684/files/T849276.jpg?v=1740613023,cdn.shopify.com,shopify,files/remote/cdn.shopify.com/3430750008907.jpg,0
3430750033862,https://cdn.shopify.com/s/files/1/0679/9792/5684/files/S953202.jpg?v=1740612979,cdn.shopify.com,shopify,files/remote/cdn.shopify.com/3430750033862.jpg,0
3430750034333,https://cdn.shopify.com/s/files/1/0679/9792/5684/products/3430750034333-9.jpg?v=1671865624,cdn.shopify.com,shopify,files/remote/cdn.shopify.com/3430750034333.jpg,0
3430750039130,https://cdn.shopify.com/s/files/1/0679/9792/5684/files/F028951.jpg?v=1740619561,cdn.shopify.com,shopify,files/remote/cdn.shopify.com/3430750039130.jpg,0
3430750039536,https://cdn.shopify.com/s/files/1/0679/9792/5684/files/Y545610.jpg?v=1740619516,cdn.shopify.com,shopify,files/remote/cdn.shopify.com/3430750039536.jpg,0
3430750040266,https://cdn.shopify.com/s/files/1/0679/9792/5684/files/V513456.jpg?v=1740619512,cdn.shopify.com,shopify,files/remote/cdn.shopify.com/3430750040266.jpg,0
3430750041645,https://cdn.shopify.com/s/files/1/0679/9792/5684/files/S493203.jpg?v=1740612993,cdn.shopify.com,shopify,files/remote/cdn.shopify.com/3430750041645.jpg,0
3430750046015,https://cdn.shopify.com/s/files/1/0679/9792/5684/files/L603034.jpg?v=1740619541,cdn.shopify.com,shopify,files/remote/cdn.shopify.com/3430750046015.jpg,0
3430750047128,https://cdn.shopify.com/s/files/1/0679/9792/5684/files/J303981.jpg?v=1740613004,cdn.shopify.com,shopify,files/remote/cdn.shopify.com/3430750047128.jpg,0
3430750048637,https://cdn.shopify.com/s/files/1/0679/9792/5684/files/J549681.jpg?v=1740628440,cdn.shopify.com,shopify,files/remote/cdn.shopify.com/3430750048637.jpg,0
3430750048644,https://cdn.shopify.com/s/files/1/0679/9792/5684/files/V061887.jpg?v=1740627323,cdn.shopify.com,shopify,files/remote/cdn.shopify.com/3430750048644.jpg,0
3430750078399,https://cdn.shopify.com/s/files/1/0679/9792/5684/files/F478451.jpg?v=1740628392,cdn.shopify.com,shopify,files/remote/cdn.shopify.com/3430750078399.jpg,0
3430750078405,https://cdn.shopify.com/s/files/1/0679/9792/5684/files/T111247.jpg?v=1740637687,cdn.shopify.com,shopify,files/remote/cdn.shopify.com/3430750078405.jpg,0
3430750151337,https://cdn.shopify.com/s/files/1/0679/9792/5684/files/X963765.jpg?v=1740636389,cdn.shopify.com,shopify,files/remote/cdn.shopify.com/3430750151337.jpg,0
3430750211451,https://cdn.shopify.com/s/files/1/0679/9792/5684/files/T329263.jpg?v=1740619508,cdn.shopify.com,shopify,files/remote/cdn.shopify.com/3430750211451.jpg,0
3430750368605,https://cdn.shopify.com/s/files/1/0679/9792/5684/files/Z723430.jpg?v=1740612986,cdn.shopify.com,shopify,files/remote/cdn.shopify.com/3430750368605.jpg,0
3430750389068,https://cdn.shopify.com/s/files/1/0679/9792/5684/files/T484277.jpg?v=1740635600,cdn.shopify.com,shopify,files/remote/cdn.shopify.com/3430750389068.jpg,0
3430750528658,https://cdn.shopify.com/s/files/1/0679/9792/5684/files/D5826107.jpg?v=1740613012,cdn.shopify.com,shopify,files/remote/cdn.shopify.com/3430750528658.jpg,0
3430750528665,https://cdn.shopify.com/s/files/1/0679/9792/5684/files/N8321213.jpg?v=1740613001,cdn.shopify.com,shopify,files/remote/cdn.shopify.com/3430750528665.jpg,0
3430750595407,https://cdn.shopify.com/s/files/1/0679/9792/5684/files/Z739430.jpg?v=1740619553,cdn.shopify.com,shopify,files/remote/cdn.shopify.com/3430750595407.jpg,0
3430750595445,https://cdn.shopify.com/s/files/1/0679/9792/5684/files/P739230.jpg?v=1740613020,cdn.shopify.com,shopify,files/remote/cdn.shopify.com/3430750595445.jpg,0
3430750646079,https://cdn.shopify.com/s/files/1/0679/9792/5684/files/L726147.jpg?v=1740619525,cdn.shopify.com,shopify,files/remote/cdn.shopify.com/3430750646079.jpg,0
3430750646086,https://cdn.shopify.com/s/files/1/0679/9792/5684/files/F536951.jpg?v=1740619533,cdn.shopify.com,shopify,files/remote/cdn.shopify.com/3430750646086.jpg,0
3430750901215,https://cdn.shopify.com/s/files/1/0679/9792/5684/files/T809276.jpg?v=1740613008,cdn.shopify.com,shopify,files/remote/cdn.shopify.com/3430750901215.jpg,0
3432240505866,https://cdn.shopify.com/s/files/1/0679/9792/5684/files/Z893430.jpg?v=1740622992,cdn.shopify.com,shopify,files/remote/cdn.shopify.com/3432240505866.jpg,0
3442180004435,https://cdn.shopify.com/s/files/1/0679/9792/5684/files/D4706107.jpg?v=1740623028,cdn.shopify.com,shopify,files/remote/cdn.shopify.com/3442180004435.jpg,0
3442180004442,https://cdn.shopify.com/s/files/1/0679/9792/5684/files/L326141.jpg?v=1740623036,cdn.shopify.com,shopify,files/remote/cdn.shopify.com/3442180004442.jpg,0
3442180004671,https://cdn.shopify.com/s/files/1/0679/9792/5684/files/T769276.jpg?v=1740635819,cdn.shopify.com,shopify,files/remote/cdn.shopify.com/3442180004671.jpg,0
3442180005357,https://images.btswholesaler.com/imgs/productos_cosmetica/imagenes/3442180005357.webp,images.btswholesaler.com,bts_cdn,files/remote/images.btswholesaler.com/3442180005357.webp,0
3442180005524,https://images.btswholesaler.com/imgs/productos_cosmetica/imagenes/3442180005524.webp,images.btswholesaler.com,bts_cdn,files/remote/images.btswholesaler.com/3442180005524.webp,0
3442180005531,https://images.btswholesaler.com/imgs/productos_cosmetica/imagenes/3442180005531.webp,images.btswholesaler.com,bts_cdn,files/remote/images.btswholesaler.com/3442180005531.webp,0
3442180005548,https://images.btswholesaler.com/imgs/productos_cosmetica/imagenes/3442180005548.webp,images.btswholesaler.com,bts_cdn,files/remote/images.btswholesaler.com/3442180005548.webp,0
3450870010116,https://cdn.shopify.com/s/files/1/0679/9792/5684/files/J89307.jpg?v=1740624595,cdn.shopify.com,shopify,files/remote/cdn.shopify.com/3450870010116.jpg,0
3450870010192,https://cdn.shopify.com/s/files/1/0679/9792/5684/files/I283986.jpg?v=1740626337,cdn.shopify.com,shopify,files/remote/cdn.shopify.com/3450870010192.jpg,0
3450870020146,https://cdn.shopify.com/s/files/1/0679/9792/5684/files/V741720.jpg?v=1740626702,cdn.shopify.com,shopify,files/remote/cdn.shopify.com/3450870020146.jpg,0
3450870020177,https://cdn.shopify.com/s/files/1/0679/9792/5684/files/J89407.jpg?v=1740626329,cdn.shopify.com,shopify,files/remote/cdn.shopify.com/3450870020177.jpg,0
3450870020191,https://cdn.shopify.com/s/files/1/0679/9792/5684/files/R577031.jpg?v=1740626334,cdn.shopify.com,shopify,files/remote/cdn.shopify.com/3450870020191.jpg,0
3450870020320,https://cdn.shopify.com/s/files/1/0679/9792/5684/files/G829853.jpg?v=1740626699,cdn.shopify.com,shopify,files/remote/cdn.shopify.com/3450870020320.jpg,0
3454960020917,https://cdn.shopify.com/s/files/1/0679/9792/5684/files/L27069.jpg?v=1740613764,cdn.shopify.com,shopify,files/remote/cdn.shopify.com/3454960020917.jpg,0
3454960021679,https://cdn.shopify.com/s/files/1/0679/9792/5684/files/Z69435.jpg?v=1740613771,cdn.shopify.com,shopify,files/remote/cdn.shopify.com/3454960021679.jpg,0
3461020012188,https://cdn.shopify.com/s/files/1/0679/9792/5684/files/B946305.jpg?v=1740628965,cdn.shopify.com,shopify,files/remote/cdn.shopify.com/3461020012188.jpg,0
3461020014090,https://cdn.shopify.com/s/files/1/0679/9792/5684/files/L724007.jpg?v=1740627698,cdn.shopify.com,shopify,files/remote/cdn.shopify.com/3461020014090.jpg,0
3474630417908,https://cdn.shopify.com/s/files/1/0679/9792/5684/files/E931548.jpg?v=1740625058,cdn.shopify.com,shopify,files/remote/cdn.shopify.com/3474630417908.jpg,0
3474636397495,https://cdn.shopify.com/s/files/1/0679/9792/5684/products/3474636397495-9.jpg?v=1671906355,cdn.shopify.com,shopify,files/remote/cdn.shopify.com/3474636397495.jpg,0
3474636628858,https://images.btswholesaler.com/imgs/productos_cosmetica/imagenes/3474636975891.webp,images.btswholesaler.com,bts_cdn,files/remote/images.btswholesaler.com/3474636628858.webp,0
3474636807277,https://cdn.shopify.com/s/files/1/0679/9792/5684/products/3474636807277-1.jpg?v=1671906469,cdn.shopify.com,shopify,files/remote/cdn.shopify.com/3474636807277.jpg,0
3474636868384,https://images.btswholesaler.com/imgs/productos_cosmetica/imagenes/3474636975846.webp,images.btswholesaler.com,bts_cdn,files/remote/images.btswholesaler.com/3474636868384.webp,0
3474636868483,https://images.btswholesaler.com/imgs/productos_cosmetica/imagenes/3474636976065.webp,images.btswholesaler.com,bts_cdn,files/remote/images.btswholesaler.com/3474636868483.webp,0
3474636920013,https://cdn.shopify.com/s/files/1/0679/9792/5684/products/3474636920013-1.jpg?v=1673065461,cdn.shopify.com,shopify,files/remote/cdn.shopify.com/3474636920013.jpg,0
3474636948482,https://cdn.shopify.com/s/files/1/0679/9792/5684/files/B836346.jpg?v=1740626247,cdn.shopify.com,shopify,files/remote/cdn.shopify.com/3474636948482.jpg,0
3474636974412,https://images.btswholesaler.com/imgs/productos_cosmetica/imagenes/3474636974412.webp,images.btswholesaler.com,bts_cdn,files/remote/images.btswholesaler.com/3474636974412.webp,0
3474636975174,https://images.btswholesaler.com/imgs/productos_cosmetica/imagenes/3474636975181_1.webp,images.btswholesaler.com,bts_cdn,files/remote/images.btswholesaler.com/3474636975174.webp,0
3474636975310,https://images.btswholesaler.com/imgs/productos_cosmetica/imagenes/3474636975310.webp,images.btswholesaler.com,bts_cdn,files/remote/images.btswholesaler.com/3474636975310.webp,0
3474636977369,https://cdn.shopify.com/s/files/1/0679/9792/5684/files/B746319.jpg?v=1740626281,cdn.shopify.com,shopify,files/remote/cdn.shopify.com/3474636977369.jpg,0
3474637069209,https://cdn.shopify.com/s/files/1/0679/9792/5684/files/T689265.jpg?v=1740625892,cdn.shopify.com,shopify,files/remote/cdn.shopify.com/3474637069209.jpg,0
3474637069216,https://images.btswholesaler.com/imgs/productos_cosmetica/imagenes/3474637069216.webp,images.btswholesaler.com,bts_cdn,files/remote/images.btswholesaler.com/3474637069216.webp,0
3474637069223,https://cdn.shopify.com/s/files/1/0679/9792/5684/files/L524952.jpg?v=1740626294,cdn.shopify.com,shopify,files/remote/cdn.shopify.com/3474637069223.jpg,0
3474637069230,https://images.btswholesaler.com/imgs/productos_cosmetica/imagenes/3474637069230.webp,images.btswholesaler.com,bts_cdn,files/remote/images.btswholesaler.com/3474637069230.webp,0
3474637090609,https://images.btswholesaler.com/imgs/productos_cosmetica/imagenes/3474637090609.webp,images.btswholesaler.com,bts_cdn,files/remote/images.btswholesaler.com/3474637090609.webp,0
3474637268466,https://images.btswholesaler.com/imgs/productos_cosmetica/imagenes/3474637268466.webp,images.btswholesaler.com,bts_cdn,files/remote/images.btswholesaler.com/3474637268466.webp,0
3488174698464,https://cdn.shopify.com/s/files/1/0679/9792/5684/files/U334217.jpg?v=1740629729,cdn.shopify.com,shopify,files/remote/cdn.shopify.com/3488174698464.jpg,0
3495080222102,https://images.btswholesaler.com/imgs/productos_cosmetica/imagenes/3495080222102.webp,images.btswholesaler.com,bts_cdn,files/remote/images.btswholesaler.com/3495080222102.webp,0
3495080306031,https://cdn.shopify.com/s/files/1/0679/9792/5684/files/V41934.jpg?v=1740608909,cdn.shopify.com,shopify,files/remote/cdn.shopify.com/3495080306031.jpg,0
3495080337035,https://images.btswholesaler.com/imgs/productos_cosmetica/imagenes/3495080337035.webp,images.btswholesaler.com,bts_cdn,files/remote/images.btswholesaler.com/3495080337035.webp,0
3495080345108,https://cdn.shopify.com/s/files/1/0679/9792/5684/files/N371216.jpg?v=1740636144,cdn.shopify.com,shopify,files/remote/cdn.shopify.com/3495080345108.jpg,0
3495080776032,https://images.btswholesaler.com/imgs/productos_cosmetica/imagenes/3495080776032.webp,images.btswholesaler.com,bts_cdn,files/remote/images.btswholesaler.com/3495080776032.webp,0
35017008541,https://cdn.shopify.com/s/files/1/0679/9792/5684/files/O7186.jpg?v=1740613293,cdn.shopify.com,shopify,files/remote/cdn.shopify.com/35017008541.jpg,0
35017008657,https://cdn.shopify.com/s/files/1/0679/9792/5684/files/L26613.jpg?v=1740613297,cdn.shopify.com,shopify,files/remote/cdn.shopify.com/35017008657.jpg,0
35017008923,https://cdn.shopify.com/s/files/1/0679/9792/5684/files/L24405.jpg?v=1740613290,cdn.shopify.com,shopify,files/remote/cdn.shopify.com/35017008923.jpg,0
35017009012,https://cdn.shopify.com/s/files/1/0679/9792/5684/files/Y70410.jpg?v=1740619742,cdn.shopify.com,shopify,files/remote/cdn.shopify.com/35017009012.jpg,0
35017009104,https://cdn.shopify.com/s/files/1/0679/9792/5684/files/Z541815.jpg?v=1740619746,cdn.shopify.com,shopify,files/remote/cdn.shopify.com/35017009104.jpg,0
35017009944,https://cdn.shopify.com/s/files/1/0679/9792/5684/files/F7603.jpg?v=1740613287,cdn.shopify.com,shopify,files/remote/cdn.shopify.com/35017009944.jpg,0
3504105028190,https://images.btswholesaler.com/imgs/productos_parafarmacia/imagenes/3504105035464_1.webp,images.btswholesaler.com,bts_cdn,files/remote/images.btswholesaler.com/3504105028190.webp,0
3504105033828,https://images.btswholesaler.com/imgs/productos_parafarmacia/imagenes/3504105033828.webp,images.btswholesaler.com,bts_cdn,files/remote/images.btswholesaler.com/3504105033828.webp,0
3504105036409,https://images.btswholesaler.com/imgs/productos_parafarmacia/imagenes/3504105036409.webp,images.btswholesaler.com,bts_cdn,files/remote/images.btswholesaler.com/3504105036409.webp,0
3508440251176,https://cdn.shopify.com/s/files/1/0679/9792/5684/files/T874278.jpg?v=1740610463,cdn.shopify.com,shopify,files/remote/cdn.shopify.com/3508440251176.jpg,0
3508441001022,https://cdn.shopify.com/s/files/1/0679/9792/5684/files/A942985.jpg?v=1740618087,cdn.shopify.com,shopify,files/remote/cdn.shopify.com/3508441001022.jpg,0
3508441001039,https://cdn.shopify.com/s/files/1/0679/9792/5684/files/K345198.jpg?v=1740623039,cdn.shopify.com,shopify,files/remote/cdn.shopify.com/3508441001039.jpg,0
3508441001275,https://cdn.shopify.com/s/files/1/0679/9792/5684/files/H469474.jpg?v=1740618060,cdn.shopify.com,shopify,files/remote/cdn.shopify.com/3508441001275.jpg,0
3508441104600,https://cdn.shopify.com/s/files/1/0679/9792/5684/files/L25613.jpg?v=1740610451,cdn.shopify.com,shopify,files/remote/cdn.shopify.com/3508441104600.jpg,0
3508441104648,https://cdn.shopify.com/s/files/1/0679/9792/5684/files/R946214.jpg?v=1740610455,cdn.shopify.com,shopify,files/remote/cdn.shopify.com/3508441104648.jpg,0
3509160400141,https://cdn.shopify.com/s/files/1/0679/9792/5684/files/V821859.jpg?v=1740618700,cdn.shopify.com,shopify,files/remote/cdn.shopify.com/3509160400141.jpg,0
3509161109272,https://cdn.shopify.com/s/files/1/0679/9792/5684/files/P661228.jpg?v=1740618713,cdn.shopify.com,shopify,files/remote/cdn.shopify.com/3509161109272.jpg,0
3509164891273,https://cdn.shopify.com/s/files/1/0679/9792/5684/files/N8970212.jpg?v=1740618682,cdn.shopify.com,shopify,files/remote/cdn.shopify.com/3509164891273.jpg,0
3509166891202,https://cdn.shopify.com/s/files/1/0679/9792/5684/files/B906429.jpg?v=1740618693,cdn.shopify.com,shopify,files/remote/cdn.shopify.com/3509166891202.jpg,0
3509168891279,https://cdn.shopify.com/s/files/1/0679/9792/5684/files/D3096100.jpg?v=1740618717,cdn.shopify.com,shopify,files/remote/cdn.shopify.com/3509168891279.jpg,0
3516640525324,https://cdn.shopify.com/s/files/1/0679/9792/5684/files/E995227.jpg?v=1740611813,cdn.shopify.com,shopify,files/remote/cdn.shopify.com/3516640525324.jpg,0
3516640917112,https://cdn.shopify.com/s/files/1/0679/9792/5684/files/E075228.jpg?v=1740618777,cdn.shopify.com,shopify,files/remote/cdn.shopify.com/3516640917112.jpg,0
3516640917310,https://cdn.shopify.com/s/files/1/0679/9792/5684/files/C481140.jpg?v=1740611824,cdn.shopify.com,shopify,files/remote/cdn.shopify.com/3516640917310.jpg,0
3516641225124,https://cdn.shopify.com/s/files/1/0679/9792/5684/files/U03857.jpg?v=1740618781,cdn.shopify.com,shopify,files/remote/cdn.shopify.com/3516641225124.jpg,0
3516642045325,https://cdn.shopify.com/s/files/1/0679/9792/5684/files/F185051.jpg?v=1740611805,cdn.shopify.com,shopify,files/remote/cdn.shopify.com/3516642045325.jpg,0
3522930000143,https://cdn.shopify.com/s/files/1/0679/9792/5684/products/3522930000143-1.jpg?v=1671821258,cdn.shopify.com,shopify,files/remote/cdn.shopify.com/3522930000143.jpg,0
3522930001836,https://www.oceanfragrances.com/Foto/3522930003908.jpg,www.oceanfragrances.com,oceanfragrances,files/remote/www.oceanfragrances.com/3522930001836.jpg,0
3522930003199,https://cdn.shopify.com/s/files/1/0679/9792/5684/products/3522930010180-1.jpg?v=1671821262,cdn.shopify.com,shopify,files/remote/cdn.shopify.com/3522930003199.jpg,0
3522930004042,https://images.btswholesaler.com/imgs/productos_parafarmacia/imagenes/3522930004042.webp,images.btswholesaler.com,bts_cdn,files/remote/images.btswholesaler.com/3522930004042.webp,0
3522930004363,https://images.btswholesaler.com/imgs/productos_parafarmacia/imagenes/3522930004363_1.webp,images.btswholesaler.com,bts_cdn,files/remote/images.btswholesaler.com/3522930004363.webp,0
3522930004387,https://images.btswholesaler.com/imgs/productos_parafarmacia/imagenes/3522930004387.webp,images.btswholesaler.com,bts_cdn,files/remote/images.btswholesaler.com/3522930004387.webp,0
3522930005179,https://images.btswholesaler.com/imgs/productos_parafarmacia/imagenes/3522930005179.webp,images.btswholesaler.com,bts_cdn,files/remote/images.btswholesaler.com/3522930005179.webp,0
3522930005193,https://images.btswholesaler.com/imgs/productos_parafarmacia/imagenes/3522930005193.webp,images.btswholesaler.com,bts_cdn,files/remote/images.btswholesaler.com/3522930005193.webp,0
3522931003075,https://cdn.shopify.com/s/files/1/0679/9792/5684/files/P029221.jpg?v=1740628027,cdn.shopify.com,shopify,files/remote/cdn.shopify.com/3522931003075.jpg,0
3551440592015,https://cdn.shopify.com/s/files/1/0679/9792/5684/files/Z325428.jpg?v=1740618306,cdn.shopify.com,shopify,files/remote/cdn.shopify.com/3551440592015.jpg,0
3551440592022,https://cdn.shopify.com/s/files/1/0679/9792/5684/files/N7467212.jpg?v=1740618310,cdn.shopify.com,shopify,files/remote/cdn.shopify.com/3551440592022.jpg,0
3551440592039,https://cdn.shopify.com/s/files/1/0679/9792/5684/files/P327228.jpg?v=1740610509,cdn.shopify.com,shopify,files/remote/cdn.shopify.com/3551440592039.jpg,0
3551440592046,https://cdn.shopify.com/s/files/1/0679/9792/5684/files/P331228.jpg?v=1740610505,cdn.shopify.com,shopify,files/remote/cdn.shopify.com/3551440592046.jpg,0
3552576200102,https://cdn.shopify.com/s/files/1/0679/9792/5684/products/3552576200102-9.jpg?v=1671878095,cdn.shopify.com,shopify,files/remote/cdn.shopify.com/3552576200102.jpg,0
3562700361005,https://cdn.shopify.com/s/files/1/0679/9792/5684/files/V1626.jpg?v=1740619409,cdn.shopify.com,shopify,files/remote/cdn.shopify.com/3562700361005.jpg,0
3562700373084,https://cdn.shopify.com/s/files/1/0679/9792/5684/files/P31238.jpg?v=1740619380,cdn.shopify.com,shopify,files/remote/cdn.shopify.com/3562700373084.jpg,0
3574660538359,https://images.btswholesaler.com/imgs/productos_parafarmacia/imagenes/3574661465043_1.webp,images.btswholesaler.com,bts_cdn,files/remote/images.btswholesaler.com/3574660538359.webp,0
3574661192857,https://cdn.shopify.com/s/files/1/0679/9792/5684/products/3574661192857-9.jpg?v=1671846008,cdn.shopify.com,shopify,files/remote/cdn.shopify.com/3574661192857.jpg,0
3575070055108,https://cdn.shopify.com/s/files/1/0679/9792/5684/files/T164259.jpg?v=1740614855,cdn.shopify.com,shopify,files/remote/cdn.shopify.com/3575070055108.jpg,0
3575070055153,https://cdn.shopify.com/s/files/1/0679/9792/5684/files/T174259.jpg?v=1740624100,cdn.shopify.com,shopify,files/remote/cdn.shopify.com/3575070055153.jpg,0
3579209000427,https://cdn.shopify.com/s/files/1/0679/9792/5684/products/3579209000427-9.jpg?v=1671840331,cdn.shopify.com,shopify,files/remote/cdn.shopify.com/3579209000427.jpg,0
3579209000434,https://cdn.shopify.com/s/files/1/0679/9792/5684/products/3579209000434-9.jpg?v=1671840325,cdn.shopify.com,shopify,files/remote/cdn.shopify.com/3579209000434.jpg,0
3579209003350,https://cdn.shopify.com/s/files/1/0679/9792/5684/products/3579209003350-9.jpg?v=1673053220,cdn.shopify.com,shopify,files/remote/cdn.shopify.com/3579209003350.jpg,0
3581000018679,https://cdn.shopify.com/s/files/1/0679/9792/5684/files/P721223.jpg?v=1740624075,cdn.shopify.com,shopify,files/remote/cdn.shopify.com/3581000018679.jpg,0
3593787001201,https://images.btswholesaler.com/imgs/productos_cosmetica/imagenes/3593787001201.webp,images.btswholesaler.com,bts_cdn,files/remote/images.btswholesaler.com/3593787001201.webp,0
3593787001270,https://images.btswholesaler.com/imgs/productos_cosmetica/imagenes/3593787001270_1.webp,images.btswholesaler.com,bts_cdn,files/remote/images.btswholesaler.com/3593787001270.webp,0
3595200120544,https://cdn.shopify.com/s/files/1/0679/9792/5684/files/C081110.jpg?v=1740613987,cdn.shopify.com,shopify,files/remote/cdn.shopify.com/3595200120544.jpg,0
3595200121107,https://cdn.shopify.com/s/files/1/0679/9792/5684/products/3760269842502-9.jpg?v=1671862886,cdn.shopify.com,shopify,files/remote/cdn.shopify.com/3595200121107.jpg,0
3595200121114,https://cdn.shopify.com/s/files/1/0679/9792/5684/products/3760269842304-9.jpg?v=1671862875,cdn.shopify.com,shopify,files/remote/cdn.shopify.com/3595200121114.jpg,0
3595200121916,https://cdn.shopify.com/s/files/1/0679/9792/5684/files/Y650379.jpg?v=1740613993,cdn.shopify.com,shopify,files/remote/cdn.shopify.com/3595200121916.jpg,0
3595471023919,https://cdn.shopify.com/s/files/1/0679/9792/5684/files/T939265.jpg?v=1740620355,cdn.shopify.com,shopify,files/remote/cdn.shopify.com/3595471023919.jpg,0
3595471024299,https://cdn.shopify.com/s/files/1/0679/9792/5684/files/F577151.jpg?v=1740620359,cdn.shopify.com,shopify,files/remote/cdn.shopify.com/3595471024299.jpg,0
3595471024718,https://cdn.shopify.com/s/files/1/0679/9792/5684/files/R866213.jpg?v=1740620319,cdn.shopify.com,shopify,files/remote/cdn.shopify.com/3595471024718.jpg,0
3595471026248,https://images.btswholesaler.com/imgs/productos_cosmetica/imagenes/3595471026248.webp,images.btswholesaler.com,bts_cdn,files/remote/images.btswholesaler.com/3595471026248.webp,0
3595471026835,https://images.btswholesaler.com/imgs/productos_cosmetica/imagenes/3595471026835.webp,images.btswholesaler.com,bts_cdn,files/remote/images.btswholesaler.com/3595471026835.webp,0
3595471061010,https://cdn.shopify.com/s/files/1/0679/9792/5684/files/B411105.jpg?v=1740620324,cdn.shopify.com,shopify,files/remote/cdn.shopify.com/3595471061010.jpg,0
3595471061027,https://cdn.shopify.com/s/files/1/0679/9792/5684/products/3595471061027-9.jpg?v=1671865833,cdn.shopify.com,shopify,files/remote/cdn.shopify.com/3595471061027.jpg,0
3595471061171,https://cdn.shopify.com/s/files/1/0679/9792/5684/files/Z387421.jpg?v=1740620338,cdn.shopify.com,shopify,files/remote/cdn.shopify.com/3595471061171.jpg,0
3595471061201,https://cdn.shopify.com/s/files/1/0679/9792/5684/files/P551231.jpg?v=1740620335,cdn.shopify.com,shopify,files/remote/cdn.shopify.com/3595471061201.jpg,0
3595471071156,https://cdn.shopify.com/s/files/1/0679/9792/5684/files/T864278.jpg?v=1740614207,cdn.shopify.com,shopify,files/remote/cdn.shopify.com/3595471071156.jpg,0
3595471081094,https://cdn.shopify.com/s/files/1/0679/9792/5684/files/J577281.jpg?v=1740620351,cdn.shopify.com,shopify,files/remote/cdn.shopify.com/3595471081094.jpg,0
3600550290080,https://cdn.shopify.com/s/files/1/0679/9792/5684/files/L324515.jpg?v=1740618193,cdn.shopify.com,shopify,files/remote/cdn.shopify.com/3600550290080.jpg,0
3600550793178,https://cdn.shopify.com/s/files/1/0679/9792/5684/files/Z577422.jpg?v=1740618185,cdn.shopify.com,shopify,files/remote/cdn.shopify.com/3600550793178.jpg,0
3600550920802,https://images.btswholesaler.com/imgs/productos_cosmetica/imagenes/3600550920802.webp,images.btswholesaler.com,bts_cdn,files/remote/images.btswholesaler.com/3600550920802.webp,0
3600550935752,https://cdn.shopify.com/s/files/1/0679/9792/5684/files/P579222.jpg?v=1740618197,cdn.shopify.com,shopify,files/remote/cdn.shopify.com/3600550935752.jpg,0
3600550949292,https://cdn.shopify.com/s/files/1/0679/9792/5684/files/Y595596.jpg?v=1740612170,cdn.shopify.com,shopify,files/remote/cdn.shopify.com/3600550949292.jpg,0
3600551045672,https://cdn.shopify.com/s/files/1/0679/9792/5684/files/N1601210.jpg?v=1740618201,cdn.shopify.com,shopify,files/remote/cdn.shopify.com/3600551045672.jpg,0
3600551060330,https://cdn.shopify.com/s/files/1/0679/9792/5684/files/T469256.jpg?v=1740612173,cdn.shopify.com,shopify,files/remote/cdn.shopify.com/3600551060330.jpg,0
3600551124902,https://images.btswholesaler.com/imgs/productos_cosmetica/imagenes/3600551124902.webp,images.btswholesaler.com,bts_cdn,files/remote/images.btswholesaler.com/3600551124902.webp,0
3605470400441,https://cdn.shopify.com/s/files/1/0679/9792/5684/files/J91229.jpg?v=1740614514,cdn.shopify.com,shopify,files/remote/cdn.shopify.com/3605470400441.jpg,0
3605471700137,https://cdn.shopify.com/s/files/1/0679/9792/5684/products/8057714450265-9.jpg?v=1673062320,cdn.shopify.com,shopify,files/remote/cdn.shopify.com/3605471700137.jpg,0
3605473406785,https://cdn.shopify.com/s/files/1/0679/9792/5684/files/C89888.jpg?v=1740619192,cdn.shopify.com,shopify,files/remote/cdn.shopify.com/3605473406785.jpg,0
3605473406792,https://cdn.shopify.com/s/files/1/0679/9792/5684/files/Q291236.jpg?v=1740612733,cdn.shopify.com,shopify,files/remote/cdn.shopify.com/3605473406792.jpg,0
3605521932464,https://cdn.shopify.com/s/files/1/0679/9792/5684/products/3605521932464-9.jpg?v=1671860055,cdn.shopify.com,shopify,files/remote/cdn.shopify.com/3605521932464.jpg,0
3605540526712,https://cdn.shopify.com/s/files/1/0679/9792/5684/files/A122752.jpg?v=1740628024,cdn.shopify.com,shopify,files/remote/cdn.shopify.com/3605540526712.jpg,0
3605970321338,https://cdn.shopify.com/s/files/1/0679/9792/5684/products/3605970321338-1_1.jpg?v=1671834632,cdn.shopify.com,shopify,files/remote/cdn.shopify.com/3605970321338.jpg,0
3605970363307,https://cdn.shopify.com/s/files/1/0679/9792/5684/products/3605970363307-9_1.jpg?v=1671834610,cdn.shopify.com,shopify,files/remote/cdn.shopify.com/3605970363307.jpg,0
3605971197673,https://cdn.shopify.com/s/files/1/0679/9792/5684/files/Z687428.jpg?v=1740630046,cdn.shopify.com,shopify,files/remote/cdn.shopify.com/3605971197673.jpg,0
3605971512612,https://cdn.shopify.com/s/files/1/0679/9792/5684/files/T179252.jpg?v=1740621445,cdn.shopify.com,shopify,files/remote/cdn.shopify.com/3605971512612.jpg,0
3605971558658,https://cdn.shopify.com/s/files/1/0679/9792/5684/files/N265889.jpg?v=1740630788,cdn.shopify.com,shopify,files/remote/cdn.shopify.com/3605971558658.jpg,0
3605971558696,https://cdn.shopify.com/s/files/1/0679/9792/5684/files/D284694.jpg?v=1740630792,cdn.shopify.com,shopify,files/remote/cdn.shopify.com/3605971558696.jpg,0
3605971597008,https://cdn.shopify.com/s/files/1/0679/9792/5684/files/D696728.jpg?v=1740635456,cdn.shopify.com,shopify,files/remote/cdn.shopify.com/3605971597008.jpg,0
3605972130440,https://cdn.shopify.com/s/files/1/0679/9792/5684/files/R389030.jpg?v=1740621403,cdn.shopify.com,shopify,files/remote/cdn.shopify.com/3605972130440.jpg,0
3605972342621,https://cdn.shopify.com/s/files/1/0679/9792/5684/files/D514658.jpg?v=1740621399,cdn.shopify.com,shopify,files/remote/cdn.shopify.com/3605972342621.jpg,0
3605972387820,https://cdn.shopify.com/s/files/1/0679/9792/5684/files/B196470.jpg?v=1740629172,cdn.shopify.com,shopify,files/remote/cdn.shopify.com/3605972387820.jpg,0
3605972421722,https://cdn.shopify.com/s/files/1/0679/9792/5684/files/P293221.jpg?v=1740622702,cdn.shopify.com,shopify,files/remote/cdn.shopify.com/3605972421722.jpg,0
3605972443212,https://cdn.shopify.com/s/files/1/0679/9792/5684/files/T839252.jpg?v=1740636413,cdn.shopify.com,shopify,files/remote/cdn.shopify.com/3605972443212.jpg,0
3605972454652,https://cdn.shopify.com/s/files/1/0679/9792/5684/files/V201609.jpg?v=1740621423,cdn.shopify.com,shopify,files/remote/cdn.shopify.com/3605972454652.jpg,0
3605972455338,https://cdn.shopify.com/s/files/1/0679/9792/5684/files/P035221.jpg?v=1740621438,cdn.shopify.com,shopify,files/remote/cdn.shopify.com/3605972455338.jpg,0
3605972703286,https://cdn.shopify.com/s/files/1/0679/9792/5684/files/D4296108.jpg?v=1740631351,cdn.shopify.com,shopify,files/remote/cdn.shopify.com/3605972703286.jpg,0
3605972755209,https://cdn.shopify.com/s/files/1/0679/9792/5684/files/P423226.jpg?v=1740631359,cdn.shopify.com,shopify,files/remote/cdn.shopify.com/3605972755209.jpg,0
3605972910264,https://cdn.shopify.com/s/files/1/0679/9792/5684/files/D6646105.jpg?v=1740621411,cdn.shopify.com,shopify,files/remote/cdn.shopify.com/3605972910264.jpg,0
3605975062489,https://cdn.shopify.com/s/files/1/0679/9792/5684/files/U17857.jpg?v=1740615441,cdn.shopify.com,shopify,files/remote/cdn.shopify.com/3605975062489.jpg,0
3607340188602,https://cdn.shopify.com/s/files/1/0679/9792/5684/products/3607340188602-9.jpg?v=1671869684,cdn.shopify.com,shopify,files/remote/cdn.shopify.com/3607340188602.jpg,0
3607340216008,https://cdn.shopify.com/s/files/1/0679/9792/5684/products/3607340216008-9.jpg?v=1671869612,cdn.shopify.com,shopify,files/remote/cdn.shopify.com/3607340216008.jpg,0
3607340427541,https://cdn.shopify.com/s/files/1/0679/9792/5684/files/N420212.jpg?v=1740618956,cdn.shopify.com,shopify,files/remote/cdn.shopify.com/3607340427541.jpg,0
3607340427626,https://cdn.shopify.com/s/files/1/0679/9792/5684/files/D96965.jpg?v=1740618960,cdn.shopify.com,shopify,files/remote/cdn.shopify.com/3607340427626.jpg,0
3607340717635,https://cdn.shopify.com/s/files/1/0679/9792/5684/files/K020256.jpg?v=1740636117,cdn.shopify.com,shopify,files/remote/cdn.shopify.com/3607340717635.jpg,0
3607340846571,https://cdn.shopify.com/s/files/1/0679/9792/5684/files/G663851.jpg?v=1740638230,cdn.shopify.com,shopify,files/remote/cdn.shopify.com/3607340846571.jpg,0
3607341046734,https://cdn.shopify.com/s/files/1/0679/9792/5684/files/F0103.jpg?v=1740619738,cdn.shopify.com,shopify,files/remote/cdn.shopify.com/3607341046734.jpg,0
3607341047038,https://cdn.shopify.com/s/files/1/0679/9792/5684/files/Q791054.jpg?v=1740613284,cdn.shopify.com,shopify,files/remote/cdn.shopify.com/3607341047038.jpg,0
3607341186805,https://cdn.shopify.com/s/files/1/0679/9792/5684/products/3607341186805-9.jpg?v=1673064411,cdn.shopify.com,shopify,files/remote/cdn.shopify.com/3607341186805.jpg,0
3607341792068,https://cdn.shopify.com/s/files/1/0679/9792/5684/files/Z1428.jpg?v=1740612555,cdn.shopify.com,shopify,files/remote/cdn.shopify.com/3607341792068.jpg,0
3607341792617,https://cdn.shopify.com/s/files/1/0679/9792/5684/files/R38214.jpg?v=1740618949,cdn.shopify.com,shopify,files/remote/cdn.shopify.com/3607341792617.jpg,0
3607341795533,https://cdn.shopify.com/s/files/1/0679/9792/5684/files/U49213.jpg?v=1740612549,cdn.shopify.com,shopify,files/remote/cdn.shopify.com/3607341795533.jpg,0
3607341795724,https://cdn.shopify.com/s/files/1/0679/9792/5684/files/O7486.jpg?v=1740612552,cdn.shopify.com,shopify,files/remote/cdn.shopify.com/3607341795724.jpg,0
3607342166875,https://cdn.shopify.com/s/files/1/0679/9792/5684/files/T22729.jpg?v=1740616453,cdn.shopify.com,shopify,files/remote/cdn.shopify.com/3607342166875.jpg,0
3607342286573,https://cdn.shopify.com/s/files/1/0679/9792/5684/files/F68751.jpg?v=1740609788,cdn.shopify.com,shopify,files/remote/cdn.shopify.com/3607342286573.jpg,0
3607342314139,https://cdn.shopify.com/s/files/1/0679/9792/5684/files/L24157.jpg?v=1740617714,cdn.shopify.com,shopify,files/remote/cdn.shopify.com/3607342314139.jpg,0
3607342318199,https://cdn.shopify.com/s/files/1/0679/9792/5684/products/3607342318199-9.jpg?v=1673062002,cdn.shopify.com,shopify,files/remote/cdn.shopify.com/3607342318199.jpg,0
3607342401822,https://cdn.shopify.com/s/files/1/0679/9792/5684/files/K45192.jpg?v=1740609719,cdn.shopify.com,shopify,files/remote/cdn.shopify.com/3607342401822.jpg,0
3607342431966,https://cdn.shopify.com/s/files/1/0679/9792/5684/files/G02837.jpg?v=1740618290,cdn.shopify.com,shopify,files/remote/cdn.shopify.com/3607342431966.jpg,0
3607342489745,https://cdn.shopify.com/s/files/1/0679/9792/5684/files/X43740.jpg?v=1740636424,cdn.shopify.com,shopify,files/remote/cdn.shopify.com/3607342489745.jpg,0
3607342522732,https://cdn.shopify.com/s/files/1/0679/9792/5684/files/J11081.jpg?v=1740614126,cdn.shopify.com,shopify,files/remote/cdn.shopify.com/3607342522732.jpg,0
3607342697706,https://cdn.shopify.com/s/files/1/0679/9792/5684/products/3607342697706-9.jpg?v=1671876759,cdn.shopify.com,shopify,files/remote/cdn.shopify.com/3607342697706.jpg,0
3607342754027,https://cdn.shopify.com/s/files/1/0679/9792/5684/files/Y950394.jpg?v=1740633396,cdn.shopify.com,shopify,files/remote/cdn.shopify.com/3607342754027.jpg,0
3607344163773,https://cdn.shopify.com/s/files/1/0679/9792/5684/products/3607344163773-9.jpg?v=1673063428,cdn.shopify.com,shopify,files/remote/cdn.shopify.com/3607344163773.jpg,0
3607345216805,https://cdn.shopify.com/s/files/1/0679/9792/5684/files/G78836.jpg?v=1740617013,cdn.shopify.com,shopify,files/remote/cdn.shopify.com/3607345216805.jpg,0
3607345265346,https://cdn.shopify.com/s/files/1/0679/9792/5684/files/L721242.jpg?v=1740634406,cdn.shopify.com,shopify,files/remote/cdn.shopify.com/3607345265346.jpg,0
3607345380094,https://cdn.shopify.com/s/files/1/0679/9792/5684/files/T014261.jpg?v=1740634403,cdn.shopify.com,shopify,files/remote/cdn.shopify.com/3607345380094.jpg,0
3607345808741,https://cdn.shopify.com/s/files/1/0679/9792/5684/products/3607345808741-9_1.jpg?v=1671835530,cdn.shopify.com,shopify,files/remote/cdn.shopify.com/3607345808741.jpg,0
3607345849867,https://cdn.shopify.com/s/files/1/0679/9792/5684/files/D76807.jpg?v=1740619721,cdn.shopify.com,shopify,files/remote/cdn.shopify.com/3607345849867.jpg,0
3607346236260,https://cdn.shopify.com/s/files/1/0679/9792/5684/files/T39265.jpg?v=1740615622,cdn.shopify.com,shopify,files/remote/cdn.shopify.com/3607346236260.jpg,0
3607346236420,https://cdn.shopify.com/s/files/1/0679/9792/5684/products/3607346236420-9.jpg?v=1673062309,cdn.shopify.com,shopify,files/remote/cdn.shopify.com/3607346236420.jpg,0
3607346236581,https://cdn.shopify.com/s/files/1/0679/9792/5684/files/M393413.jpg?v=1740621617,cdn.shopify.com,shopify,files/remote/cdn.shopify.com/3607346236581.jpg,0
3607346353776,https://cdn.shopify.com/s/files/1/0679/9792/5684/files/A350137.jpg?v=1740629308,cdn.shopify.com,shopify,files/remote/cdn.shopify.com/3607346353776.jpg,0
3607346353837,https://cdn.shopify.com/s/files/1/0679/9792/5684/files/J78907.jpg?v=1740629981,cdn.shopify.com,shopify,files/remote/cdn.shopify.com/3607346353837.jpg,0
3607346571071,https://cdn.shopify.com/s/files/1/0679/9792/5684/files/P87230.jpg?v=1740618224,cdn.shopify.com,shopify,files/remote/cdn.shopify.com/3607346571071.jpg,0
3607346596210,https://cdn.shopify.com/s/files/1/0679/9792/5684/products/3607346596210-9.jpg?v=1671882187,cdn.shopify.com,shopify,files/remote/cdn.shopify.com/3607346596210.jpg,0
3607346891964,https://cdn.shopify.com/s/files/1/0679/9792/5684/files/M527417.jpg?v=1740635446,cdn.shopify.com,shopify,files/remote/cdn.shopify.com/3607346891964.jpg,0
3607347614821,https://cdn.shopify.com/s/files/1/0679/9792/5684/files/D716125.jpg?v=1740636393,cdn.shopify.com,shopify,files/remote/cdn.shopify.com/3607347614821.jpg,0
3607347879367,https://cdn.shopify.com/s/files/1/0679/9792/5684/files/C88504.jpg?v=1740612545,cdn.shopify.com,shopify,files/remote/cdn.shopify.com/3607347879367.jpg,0
3607348064441,https://cdn.shopify.com/s/files/1/0679/9792/5684/products/3607348064441-9.jpg?v=1671874836,cdn.shopify.com,shopify,files/remote/cdn.shopify.com/3607348064441.jpg,0
3607349193577,https://cdn.shopify.com/s/files/1/0679/9792/5684/files/S658131.jpg?v=1740633399,cdn.shopify.com,shopify,files/remote/cdn.shopify.com/3607349193577.jpg,0
3607349193621,https://cdn.shopify.com/s/files/1/0679/9792/5684/files/T614275.jpg?v=1740633406,cdn.shopify.com,shopify,files/remote/cdn.shopify.com/3607349193621.jpg,0
3607349248420,https://cdn.shopify.com/s/files/1/0679/9792/5684/files/D1546106.jpg?v=1740633402,cdn.shopify.com,shopify,files/remote/cdn.shopify.com/3607349248420.jpg,0
3607349312459,https://cdn.shopify.com/s/files/1/0679/9792/5684/files/N54551.jpg?v=1740613483,cdn.shopify.com,shopify,files/remote/cdn.shopify.com/3607349312459.jpg,0
3607349389062,https://cdn.shopify.com/s/files/1/0679/9792/5684/files/V41910.jpg?v=1740614130,cdn.shopify.com,shopify,files/remote/cdn.shopify.com/3607349389062.jpg,0
3607349630539,https://cdn.shopify.com/s/files/1/0679/9792/5684/files/V701100.jpg?v=1740617673,cdn.shopify.com,shopify,files/remote/cdn.shopify.com/3607349630539.jpg,0
3607349764241,https://cdn.shopify.com/s/files/1/0679/9792/5684/products/3607349764241-9.jpg?v=1671885351,cdn.shopify.com,shopify,files/remote/cdn.shopify.com/3607349764241.jpg,0
3607349843076,https://cdn.shopify.com/s/files/1/0679/9792/5684/files/V981111.jpg?v=1740613486,cdn.shopify.com,shopify,files/remote/cdn.shopify.com/3607349843076.jpg,0
3614220080499,https://cdn.shopify.com/s/files/1/0679/9792/5684/files/O72712.jpg?v=1740618294,cdn.shopify.com,shopify,files/remote/cdn.shopify.com/3614220080499.jpg,0
3614220080574,https://cdn.shopify.com/s/files/1/0679/9792/5684/products/3614220080574-9.jpg?v=1671872526,cdn.shopify.com,shopify,files/remote/cdn.shopify.com/3614220080574.jpg,0
3614220282923,https://cdn.shopify.com/s/files/1/0679/9792/5684/files/H077353.jpg?v=1740614379,cdn.shopify.com,shopify,files/remote/cdn.shopify.com/3614220282923.jpg,0
3614220770819,https://cdn.shopify.com/s/files/1/0679/9792/5684/files/Q791282.jpg?v=1740618209,cdn.shopify.com,shopify,files/remote/cdn.shopify.com/3614220770819.jpg,0
3614220783673,https://cdn.shopify.com/s/files/1/0679/9792/5684/files/J26355.jpg?v=1740635335,cdn.shopify.com,shopify,files/remote/cdn.shopify.com/3614220783673.jpg,0
3614220847337,https://cdn.shopify.com/s/files/1/0679/9792/5684/files/E251541.jpg?v=1740616449,cdn.shopify.com,shopify,files/remote/cdn.shopify.com/3614220847337.jpg,0
3614221110614,https://cdn.shopify.com/s/files/1/0679/9792/5684/files/P64268.jpg?v=1740633231,cdn.shopify.com,shopify,files/remote/cdn.shopify.com/3614221110614.jpg,0
3614221193952,https://cdn.shopify.com/s/files/1/0679/9792/5684/products/3614221193952-9.jpg?v=1673064884,cdn.shopify.com,shopify,files/remote/cdn.shopify.com/3614221193952.jpg,0
3614221529737,https://cdn.shopify.com/s/files/1/0679/9792/5684/products/088300108992-9.jpg?v=1671880726,cdn.shopify.com,shopify,files/remote/cdn.shopify.com/3614221529737.jpg,0
3614221537763,https://cdn.shopify.com/s/files/1/0679/9792/5684/files/R258214.jpg?v=1740622964,cdn.shopify.com,shopify,files/remote/cdn.shopify.com/3614221537763.jpg,0
3614221675311,https://cdn.shopify.com/s/files/1/0679/9792/5684/files/E531331.jpg?v=1740610470,cdn.shopify.com,shopify,files/remote/cdn.shopify.com/3614221675311.jpg,0
3614222055143,https://cdn.shopify.com/s/files/1/0679/9792/5684/files/Y910407.jpg?v=1740633211,cdn.shopify.com,shopify,files/remote/cdn.shopify.com/3614222055143.jpg,0
3614222178811,https://cdn.shopify.com/s/files/1/0679/9792/5684/files/K84831.jpg?v=1740636397,cdn.shopify.com,shopify,files/remote/cdn.shopify.com/3614222178811.jpg,0
3614222401919,https://cdn.shopify.com/s/files/1/0679/9792/5684/products/3614222401919-9.jpg?v=1671865923,cdn.shopify.com,shopify,files/remote/cdn.shopify.com/3614222401919.jpg,0
3614222402152,https://cdn.shopify.com/s/files/1/0679/9792/5684/products/3614222402152-9.jpg?v=1671865916,cdn.shopify.com,shopify,files/remote/cdn.shopify.com/3614222402152.jpg,0
3614222733089,https://cdn.shopify.com/s/files/1/0679/9792/5684/files/B006465.jpg?v=1740638265,cdn.shopify.com,shopify,files/remote/cdn.shopify.com/3614222733089.jpg,0
3614222899198,https://cdn.shopify.com/s/files/1/0679/9792/5684/files/P927221.jpg?v=1740627776,cdn.shopify.com,shopify,files/remote/cdn.shopify.com/3614222899198.jpg,0
3614223162963,https://cdn.shopify.com/s/files/1/0679/9792/5684/files/O17734.jpg?v=1740622927,cdn.shopify.com,shopify,files/remote/cdn.shopify.com/3614223162963.jpg,0
3614223164462,https://cdn.shopify.com/s/files/1/0679/9792/5684/files/Y960375.jpg?v=1740622931,cdn.shopify.com,shopify,files/remote/cdn.shopify.com/3614223164462.jpg,0
3614223198368,https://cdn.shopify.com/s/files/1/0679/9792/5684/files/S963183.jpg?v=1740613466,cdn.shopify.com,shopify,files/remote/cdn.shopify.com/3614223198368.jpg,0
3614223270088,https://cdn.shopify.com/s/files/1/0679/9792/5684/files/H440353.jpg?v=1740612542,cdn.shopify.com,shopify,files/remote/cdn.shopify.com/3614223270088.jpg,0
3614223460335,https://cdn.shopify.com/s/files/1/0679/9792/5684/files/R893029.jpg?v=1740637105,cdn.shopify.com,shopify,files/remote/cdn.shopify.com/3614223460335.jpg,0
3614223708741,https://cdn.shopify.com/s/files/1/0679/9792/5684/files/F73425.jpg?v=1740636786,cdn.shopify.com,shopify,files/remote/cdn.shopify.com/3614223708741.jpg,0
3614224332808,https://cdn.shopify.com/s/files/1/0679/9792/5684/files/Q894170.jpg?v=1740619749,cdn.shopify.com,shopify,files/remote/cdn.shopify.com/3614224332808.jpg,0
3614224356309,https://cdn.shopify.com/s/files/1/0679/9792/5684/files/F76177.jpg?v=1740614104,cdn.shopify.com,shopify,files/remote/cdn.shopify.com/3614224356309.jpg,0
3614224505981,https://cdn.shopify.com/s/files/1/0679/9792/5684/files/Y495624.jpg?v=1740615189,cdn.shopify.com,shopify,files/remote/cdn.shopify.com/3614224505981.jpg,0
3614224871284,https://cdn.shopify.com/s/files/1/0679/9792/5684/files/U171212.jpg?v=1740617667,cdn.shopify.com,shopify,files/remote/cdn.shopify.com/3614224871284.jpg,0
3614225297687,https://cdn.shopify.com/s/files/1/0679/9792/5684/files/F09977.jpg?v=1740619160,cdn.shopify.com,shopify,files/remote/cdn.shopify.com/3614225297687.jpg,0
3614225298806,https://cdn.shopify.com/s/files/1/0679/9792/5684/files/F078451.jpg?v=1740617456,cdn.shopify.com,shopify,files/remote/cdn.shopify.com/3614225298806.jpg,0
3614225307980,https://cdn.shopify.com/s/files/1/0679/9792/5684/files/V621726.jpg?v=1740623345,cdn.shopify.com,shopify,files/remote/cdn.shopify.com/3614225307980.jpg,0
3614225308697,https://cdn.shopify.com/s/files/1/0679/9792/5684/files/A628885.jpg?v=1740619034,cdn.shopify.com,shopify,files/remote/cdn.shopify.com/3614225308697.jpg,0
3614225315572,https://cdn.shopify.com/s/files/1/0679/9792/5684/products/3614225315572-9.jpg?v=1671873533,cdn.shopify.com,shopify,files/remote/cdn.shopify.com/3614225315572.jpg,0
3614225386923,https://cdn.shopify.com/s/files/1/0679/9792/5684/products/3614225386923-9.jpg?v=1671867616,cdn.shopify.com,shopify,files/remote/cdn.shopify.com/3614225386923.jpg,0
3614225452079,https://cdn.shopify.com/s/files/1/0679/9792/5684/files/N979553.jpg?v=1740614118,cdn.shopify.com,shopify,files/remote/cdn.shopify.com/3614225452079.jpg,0
3614225467127,https://cdn.shopify.com/s/files/1/0679/9792/5684/files/T484250.jpg?v=1740614419,cdn.shopify.com,shopify,files/remote/cdn.shopify.com/3614225467127.jpg,0
3614225548208,https://cdn.shopify.com/s/files/1/0679/9792/5684/files/B842217.jpg?v=1740634575,cdn.shopify.com,shopify,files/remote/cdn.shopify.com/3614225548208.jpg,0
3614225562037,https://cdn.shopify.com/s/files/1/0679/9792/5684/products/3614225562037-9.jpg?v=1671836676,cdn.shopify.com,shopify,files/remote/cdn.shopify.com/3614225562037.jpg,0
3614225615498,https://cdn.shopify.com/s/files/1/0679/9792/5684/files/U851213.jpg?v=1740618946,cdn.shopify.com,shopify,files/remote/cdn.shopify.com/3614225615498.jpg,0
3614225642630,https://cdn.shopify.com/s/files/1/0679/9792/5684/files/Z085815.jpg?v=1740629808,cdn.shopify.com,shopify,files/remote/cdn.shopify.com/3614225642630.jpg,0
3614225642678,https://cdn.shopify.com/s/files/1/0679/9792/5684/files/J54307.jpg?v=1740629811,cdn.shopify.com,shopify,files/remote/cdn.shopify.com/3614225642678.jpg,0
3614225803024,https://cdn.shopify.com/s/files/1/0679/9792/5684/files/I009586.jpg?v=1740627780,cdn.shopify.com,shopify,files/remote/cdn.shopify.com/3614225803024.jpg,0
3614225851551,https://cdn.shopify.com/s/files/1/0679/9792/5684/files/Z105431.jpg?v=1740630494,cdn.shopify.com,shopify,files/remote/cdn.shopify.com/3614225851551.jpg,0
3614225971518,https://cdn.shopify.com/s/files/1/0679/9792/5684/files/E395216.jpg?v=1740634516,cdn.shopify.com,shopify,files/remote/cdn.shopify.com/3614225971518.jpg,0
3614226319500,https://cdn.shopify.com/s/files/1/0679/9792/5684/files/G177851.jpg?v=1740613469,cdn.shopify.com,shopify,files/remote/cdn.shopify.com/3614226319500.jpg,0
3614226324665,https://cdn.shopify.com/s/files/1/0679/9792/5684/files/H445975.jpg?v=1740632441,cdn.shopify.com,shopify,files/remote/cdn.shopify.com/3614226324665.jpg,0
3614226328045,https://images.btswholesaler.com/imgs/productos_cosmetica/imagenes/3614226328045_2.webp,images.btswholesaler.com,bts_cdn,files/remote/images.btswholesaler.com/3614226328045.webp,0
3614226472298,https://cdn.shopify.com/s/files/1/0679/9792/5684/files/R885028.jpg?v=1740632449,cdn.shopify.com,shopify,files/remote/cdn.shopify.com/3614226472298.jpg,0
3614226650559,https://cdn.shopify.com/s/files/1/0679/9792/5684/files/F580951.jpg?v=1740626954,cdn.shopify.com,shopify,files/remote/cdn.shopify.com/3614226650559.jpg,0
3614226674517,https://cdn.shopify.com/s/files/1/0679/9792/5684/products/3614226674517-9.jpg?v=1671873526,cdn.shopify.com,shopify,files/remote/cdn.shopify.com/3614226674517.jpg,0
3614226758873,https://cdn.shopify.com/s/files/1/0679/9792/5684/files/Z544810.jpg?v=1740619031,cdn.shopify.com,shopify,files/remote/cdn.shopify.com/3614226758873.jpg,0
3614226765338,https://cdn.shopify.com/s/files/1/0679/9792/5684/files/D056914.jpg?v=1740634744,cdn.shopify.com,shopify,files/remote/cdn.shopify.com/3614226765338.jpg,0
3614226765345,https://cdn.shopify.com/s/files/1/0679/9792/5684/files/G623849.jpg?v=1740634748,cdn.shopify.com,shopify,files/remote/cdn.shopify.com/3614226765345.jpg,0
3614226765406,https://cdn.shopify.com/s/files/1/0679/9792/5684/files/L203977.jpg?v=1740634490,cdn.shopify.com,shopify,files/remote/cdn.shopify.com/3614226765406.jpg,0
3614226765420,https://cdn.shopify.com/s/files/1/0679/9792/5684/files/A534052.jpg?v=1740634475,cdn.shopify.com,shopify,files/remote/cdn.shopify.com/3614226765420.jpg,0
3614226765437,https://cdn.shopify.com/s/files/1/0679/9792/5684/files/P369222.jpg?v=1740634463,cdn.shopify.com,shopify,files/remote/cdn.shopify.com/3614226765437.jpg,0
3614226905222,https://cdn.shopify.com/s/files/1/0679/9792/5684/products/3614226905222-9.jpg?v=1671870840,cdn.shopify.com,shopify,files/remote/cdn.shopify.com/3614226905222.jpg,0
3614226905963,https://cdn.shopify.com/s/files/1/0679/9792/5684/files/N559217.jpg?v=1740609602,cdn.shopify.com,shopify,files/remote/cdn.shopify.com/3614226905963.jpg,0
3614226905994,https://cdn.shopify.com/s/files/1/0679/9792/5684/files/D796135.jpg?v=1740609599,cdn.shopify.com,shopify,files/remote/cdn.shopify.com/3614226905994.jpg,0
3614226969316,https://cdn.shopify.com/s/files/1/0679/9792/5684/files/V373422.jpg?v=1740616231,cdn.shopify.com,shopify,files/remote/cdn.shopify.com/3614226969316.jpg,0
3614226969507,https://cdn.shopify.com/s/files/1/0679/9792/5684/products/3614226969507-9.jpg?v=1671867059,cdn.shopify.com,shopify,files/remote/cdn.shopify.com/3614226969507.jpg,0
3614226969613,https://cdn.shopify.com/s/files/1/0679/9792/5684/files/Z079814.jpg?v=1740616235,cdn.shopify.com,shopify,files/remote/cdn.shopify.com/3614226969613.jpg,0
3614227086029,https://cdn.shopify.com/s/files/1/0679/9792/5684/files/T301246.jpg?v=1740614141,cdn.shopify.com,shopify,files/remote/cdn.shopify.com/3614227086029.jpg,0
3614227128552,https://cdn.shopify.com/s/files/1/0679/9792/5684/files/B442233.jpg?v=1740629968,cdn.shopify.com,shopify,files/remote/cdn.shopify.com/3614227128552.jpg,0
3614227147249,https://cdn.shopify.com/s/files/1/0679/9792/5684/files/P961229.jpg?v=1740632355,cdn.shopify.com,shopify,files/remote/cdn.shopify.com/3614227147249.jpg,0
3614227186521,https://images.btswholesaler.com/imgs/productos_cosmetica/imagenes/3614227186521.webp,images.btswholesaler.com,bts_cdn,files/remote/images.btswholesaler.com/3614227186521.webp,0
3614227372344,https://cdn.shopify.com/s/files/1/0679/9792/5684/files/J69007.jpg?v=1740614122,cdn.shopify.com,shopify,files/remote/cdn.shopify.com/3614227372344.jpg,0
3614227373679,https://cdn.shopify.com/s/files/1/0679/9792/5684/products/3614228842532-9.jpg?v=1671867595,cdn.shopify.com,shopify,files/remote/cdn.shopify.com/3614227373679.jpg,0
3614227728622,https://cdn.shopify.com/s/files/1/0679/9792/5684/files/G513848.jpg?v=1740616226,cdn.shopify.com,shopify,files/remote/cdn.shopify.com/3614227728622.jpg,0
3614227728820,https://cdn.shopify.com/s/files/1/0679/9792/5684/products/3614227728820-9.jpg?v=1671865519,cdn.shopify.com,shopify,files/remote/cdn.shopify.com/3614227728820.jpg,0
3614227758063,https://cdn.shopify.com/s/files/1/0679/9792/5684/files/Z199814.jpg?v=1740612310,cdn.shopify.com,shopify,files/remote/cdn.shopify.com/3614227758063.jpg,0
3614227758117,https://images.btswholesaler.com/imgs/productos_cosmetica/imagenes/3614227758117.webp,images.btswholesaler.com,bts_cdn,files/remote/images.btswholesaler.com/3614227758117.webp,0
3614227758162,https://cdn.shopify.com/s/files/1/0679/9792/5684/files/B982212.jpg?v=1740612314,cdn.shopify.com,shopify,files/remote/cdn.shopify.com/3614227758162.jpg,0
3614227902046,https://cdn.shopify.com/s/files/1/0679/9792/5684/files/V641934.jpg?v=1740632312,cdn.shopify.com,shopify,files/remote/cdn.shopify.com/3614227902046.jpg,0
3614227914896,https://cdn.shopify.com/s/files/1/0679/9792/5684/files/J498081.jpg?v=1740629312,cdn.shopify.com,shopify,files/remote/cdn.shopify.com/3614227914896.jpg,0
3614227914995,https://cdn.shopify.com/s/files/1/0679/9792/5684/files/D8666104.jpg?v=1740629316,cdn.shopify.com,shopify,files/remote/cdn.shopify.com/3614227914995.jpg,0
3614227922792,https://cdn.shopify.com/s/files/1/0679/9792/5684/files/T514250.jpg?v=1740632690,cdn.shopify.com,shopify,files/remote/cdn.shopify.com/3614227922792.jpg,0
3614227927506,https://cdn.shopify.com/s/files/1/0679/9792/5684/files/T649260.jpg?v=1740632343,cdn.shopify.com,shopify,files/remote/cdn.shopify.com/3614227927506.jpg,0
3614227960930,https://cdn.shopify.com/s/files/1/0679/9792/5684/files/T874277.jpg?v=1740629306,cdn.shopify.com,shopify,files/remote/cdn.shopify.com/3614227960930.jpg,0
3614228074889,https://cdn.shopify.com/s/files/1/0679/9792/5684/files/Z245422.jpg?v=1740614214,cdn.shopify.com,shopify,files/remote/cdn.shopify.com/3614228074889.jpg,0
3614228220897,https://cdn.shopify.com/s/files/1/0679/9792/5684/products/3614228220897-9.jpg?v=1671865799,cdn.shopify.com,shopify,files/remote/cdn.shopify.com/3614228220897.jpg,0
3614228222198,https://cdn.shopify.com/s/files/1/0679/9792/5684/files/L324449.jpg?v=1740620399,cdn.shopify.com,shopify,files/remote/cdn.shopify.com/3614228222198.jpg,0
3614228349031,https://cdn.shopify.com/s/files/1/0679/9792/5684/files/N7666211.jpg?v=1740636225,cdn.shopify.com,shopify,files/remote/cdn.shopify.com/3614228349031.jpg,0
3614228349048,https://cdn.shopify.com/s/files/1/0679/9792/5684/files/B226392.jpg?v=1740636229,cdn.shopify.com,shopify,files/remote/cdn.shopify.com/3614228349048.jpg,0
3614228349055,https://cdn.shopify.com/s/files/1/0679/9792/5684/files/V361689.jpg?v=1740636217,cdn.shopify.com,shopify,files/remote/cdn.shopify.com/3614228349055.jpg,0
3614228349062,https://cdn.shopify.com/s/files/1/0679/9792/5684/files/L725229.jpg?v=1740636213,cdn.shopify.com,shopify,files/remote/cdn.shopify.com/3614228349062.jpg,0
3614228724166,https://cdn.shopify.com/s/files/1/0679/9792/5684/files/P391223.jpg?v=1740612723,cdn.shopify.com,shopify,files/remote/cdn.shopify.com/3614228724166.jpg,0
3614228834834,https://cdn.shopify.com/s/files/1/0679/9792/5684/files/X923740.jpg?v=1740617680,cdn.shopify.com,shopify,files/remote/cdn.shopify.com/3614228834834.jpg,0
3614228834896,https://cdn.shopify.com/s/files/1/0679/9792/5684/files/N352883.jpg?v=1740617677,cdn.shopify.com,shopify,files/remote/cdn.shopify.com/3614228834896.jpg,0
3614228834957,https://cdn.shopify.com/s/files/1/0679/9792/5684/files/B797277.jpg?v=1740609747,cdn.shopify.com,shopify,files/remote/cdn.shopify.com/3614228834957.jpg,0
3614228839709,https://cdn.shopify.com/s/files/1/0679/9792/5684/files/J410781.jpg?v=1740623356,cdn.shopify.com,shopify,files/remote/cdn.shopify.com/3614228839709.jpg,0
3614228943314,https://cdn.shopify.com/s/files/1/0679/9792/5684/files/D956743.jpg?v=1740630538,cdn.shopify.com,shopify,files/remote/cdn.shopify.com/3614228943314.jpg,0
3614228943352,https://cdn.shopify.com/s/files/1/0679/9792/5684/files/L003804.jpg?v=1740630529,cdn.shopify.com,shopify,files/remote/cdn.shopify.com/3614228943352.jpg,0
3614228943406,https://cdn.shopify.com/s/files/1/0679/9792/5684/files/Z257421.jpg?v=1740630532,cdn.shopify.com,shopify,files/remote/cdn.shopify.com/3614228943406.jpg,0
3614228943437,https://cdn.shopify.com/s/files/1/0679/9792/5684/files/D026744.jpg?v=1740630526,cdn.shopify.com,shopify,files/remote/cdn.shopify.com/3614228943437.jpg,0
3614228943680,https://cdn.shopify.com/s/files/1/0679/9792/5684/files/C963296.jpg?v=1740633842,cdn.shopify.com,shopify,files/remote/cdn.shopify.com/3614228943680.jpg,0
3614228958578,https://cdn.shopify.com/s/files/1/0679/9792/5684/files/H561175.jpg?v=1740612224,cdn.shopify.com,shopify,files/remote/cdn.shopify.com/3614228958578.jpg,0
3614228958691,https://cdn.shopify.com/s/files/1/0679/9792/5684/files/I113886.jpg?v=1740612217,cdn.shopify.com,shopify,files/remote/cdn.shopify.com/3614228958691.jpg,0
3614229144031,https://cdn.shopify.com/s/files/1/0679/9792/5684/files/L126200.jpg?v=1740628275,cdn.shopify.com,shopify,files/remote/cdn.shopify.com/3614229144031.jpg,0
3614229159035,https://cdn.shopify.com/s/files/1/0679/9792/5684/products/3614229159035-9.jpg?v=1671870019,cdn.shopify.com,shopify,files/remote/cdn.shopify.com/3614229159035.jpg,0
3614229161236,https://cdn.shopify.com/s/files/1/0679/9792/5684/files/T620238.jpg?v=1740634266,cdn.shopify.com,shopify,files/remote/cdn.shopify.com/3614229161236.jpg,0
3614229161243,https://cdn.shopify.com/s/files/1/0679/9792/5684/files/H634474.jpg?v=1740634270,cdn.shopify.com,shopify,files/remote/cdn.shopify.com/3614229161243.jpg,0
3614229161267,https://cdn.shopify.com/s/files/1/0679/9792/5684/files/L803089.jpg?v=1740634278,cdn.shopify.com,shopify,files/remote/cdn.shopify.com/3614229161267.jpg,0
3614229279030,https://cdn.shopify.com/s/files/1/0679/9792/5684/files/P205222.jpg?v=1740636771,cdn.shopify.com,shopify,files/remote/cdn.shopify.com/3614229279030.jpg,0
3614229279108,https://cdn.shopify.com/s/files/1/0679/9792/5684/files/P203222.jpg?v=1740636768,cdn.shopify.com,shopify,files/remote/cdn.shopify.com/3614229279108.jpg,0
3614229310030,https://cdn.shopify.com/s/files/1/0679/9792/5684/files/N7595210.jpg?v=1740629706,cdn.shopify.com,shopify,files/remote/cdn.shopify.com/3614229310030.jpg,0
3614229324549,https://cdn.shopify.com/s/files/1/0679/9792/5684/files/F557151.jpg?v=1740629442,cdn.shopify.com,shopify,files/remote/cdn.shopify.com/3614229324549.jpg,0
3614229324600,https://cdn.shopify.com/s/files/1/0679/9792/5684/files/F151651.jpg?v=1740633856,cdn.shopify.com,shopify,files/remote/cdn.shopify.com/3614229324600.jpg,0
3614229371369,https://cdn.shopify.com/s/files/1/0679/9792/5684/files/N918299.jpg?v=1740634478,cdn.shopify.com,shopify,files/remote/cdn.shopify.com/3614229371369.jpg,0
3614229371482,https://cdn.shopify.com/s/files/1/0679/9792/5684/files/R867037.jpg?v=1740619974,cdn.shopify.com,shopify,files/remote/cdn.shopify.com/3614229371482.jpg,0
3614229371512,https://cdn.shopify.com/s/files/1/0679/9792/5684/files/B007284.jpg?v=1740619977,cdn.shopify.com,shopify,files/remote/cdn.shopify.com/3614229371512.jpg,0
3614229379488,https://cdn.shopify.com/s/files/1/0679/9792/5684/files/N9836210.jpg?v=1740617409,cdn.shopify.com,shopify,files/remote/cdn.shopify.com/3614229379488.jpg,0
3614229382129,https://cdn.shopify.com/s/files/1/0679/9792/5684/files/R267036.jpg?v=1740618878,cdn.shopify.com,shopify,files/remote/cdn.shopify.com/3614229382129.jpg,0
3614229392647,https://cdn.shopify.com/s/files/1/0679/9792/5684/files/J385481.jpg?v=1740628405,cdn.shopify.com,shopify,files/remote/cdn.shopify.com/3614229392647.jpg,0
3614229392760,https://cdn.shopify.com/s/files/1/0679/9792/5684/files/L125224.jpg?v=1740634754,cdn.shopify.com,shopify,files/remote/cdn.shopify.com/3614229392760.jpg,0
3614229395587,https://cdn.shopify.com/s/files/1/0679/9792/5684/products/3614229395587-9.jpg?v=1671859569,cdn.shopify.com,shopify,files/remote/cdn.shopify.com/3614229395587.jpg,0
3614229395631,https://cdn.shopify.com/s/files/1/0679/9792/5684/products/3614229395631-9.jpg?v=1673059982,cdn.shopify.com,shopify,files/remote/cdn.shopify.com/3614229395631.jpg,0
3614229395693,https://cdn.shopify.com/s/files/1/0679/9792/5684/files/L524606.jpg?v=1740609996,cdn.shopify.com,shopify,files/remote/cdn.shopify.com/3614229395693.jpg,0
3614229395709,https://cdn.shopify.com/s/files/1/0679/9792/5684/files/Z911422.jpg?v=1740610000,cdn.shopify.com,shopify,files/remote/cdn.shopify.com/3614229395709.jpg,0
3614229396997,https://cdn.shopify.com/s/files/1/0679/9792/5684/products/3614229396997-9.jpg?v=1671859579,cdn.shopify.com,shopify,files/remote/cdn.shopify.com/3614229396997.jpg,0
3614229408461,https://cdn.shopify.com/s/files/1/0679/9792/5684/files/F029251.jpg?v=1740620388,cdn.shopify.com,shopify,files/remote/cdn.shopify.com/3614229408461.jpg,0
3614229461305,https://cdn.shopify.com/s/files/1/0679/9792/5684/files/N0575210.jpg?v=1740612259,cdn.shopify.com,shopify,files/remote/cdn.shopify.com/3614229461305.jpg,0
3614229461336,https://images.btswholesaler.com/imgs/productos_cosmetica/imagenes/3614229461336.webp,images.btswholesaler.com,bts_cdn,files/remote/images.btswholesaler.com/3614229461336.webp,0
3614229466997,https://cdn.shopify.com/s/files/1/0679/9792/5684/files/V461784.jpg?v=1740636202,cdn.shopify.com,shopify,files/remote/cdn.shopify.com/3614229466997.jpg,0
3614229478693,https://cdn.shopify.com/s/files/1/0679/9792/5684/files/U128217.jpg?v=1740611535,cdn.shopify.com,shopify,files/remote/cdn.shopify.com/3614229478693.jpg,0
3614229660388,https://cdn.shopify.com/s/files/1/0679/9792/5684/files/V301818.jpg?v=1740635301,cdn.shopify.com,shopify,files/remote/cdn.shopify.com/3614229660388.jpg,0
3614229764840,https://cdn.shopify.com/s/files/1/0679/9792/5684/files/M234653.jpg?v=1740630571,cdn.shopify.com,shopify,files/remote/cdn.shopify.com/3614229764840.jpg,0
3614229823783,https://cdn.shopify.com/s/files/1/0679/9792/5684/products/737052319995-9.jpg?v=1671873739,cdn.shopify.com,shopify,files/remote/cdn.shopify.com/3614229823783.jpg,0
3614229823806,https://www.oceanfragrances.com/Foto/3614229823806.jpg,www.oceanfragrances.com,oceanfragrances,files/remote/www.oceanfragrances.com/3614229823806.jpg,0
3614229823837,https://cdn.shopify.com/s/files/1/0679/9792/5684/files/B16437.jpg?v=1740619174,cdn.shopify.com,shopify,files/remote/cdn.shopify.com/3614229823837.jpg,0
3614229828986,https://cdn.shopify.com/s/files/1/0679/9792/5684/files/X627285.jpg?v=1740609583,cdn.shopify.com,shopify,files/remote/cdn.shopify.com/3614229828986.jpg,0
3614229828993,https://cdn.shopify.com/s/files/1/0679/9792/5684/files/V371211.jpg?v=1740609586,cdn.shopify.com,shopify,files/remote/cdn.shopify.com/3614229828993.jpg,0
3614229829006,https://cdn.shopify.com/s/files/1/0679/9792/5684/files/F52303.jpg?v=1740609589,cdn.shopify.com,shopify,files/remote/cdn.shopify.com/3614229829006.jpg,0
3614229829037,https://cdn.shopify.com/s/files/1/0679/9792/5684/files/F31025.jpg?v=1740609593,cdn.shopify.com,shopify,files/remote/cdn.shopify.com/3614229829037.jpg,0
3614229829044,https://cdn.shopify.com/s/files/1/0679/9792/5684/files/N400547.jpg?v=1740609596,cdn.shopify.com,shopify,files/remote/cdn.shopify.com/3614229829044.jpg,0
3614229829921,https://cdn.shopify.com/s/files/1/0679/9792/5684/files/N5675213.jpg?v=1740620825,cdn.shopify.com,shopify,files/remote/cdn.shopify.com/3614229829921.jpg,0
3614229832259,https://cdn.shopify.com/s/files/1/0679/9792/5684/files/C081673.jpg?v=1740618045,cdn.shopify.com,shopify,files/remote/cdn.shopify.com/3614229832259.jpg,0
3614229833812,https://cdn.shopify.com/s/files/1/0679/9792/5684/files/V321855.jpg?v=1740616239,cdn.shopify.com,shopify,files/remote/cdn.shopify.com/3614229833812.jpg,0
3614229840117,https://cdn.shopify.com/s/files/1/0679/9792/5684/files/G892616.jpg?v=1740617544,cdn.shopify.com,shopify,files/remote/cdn.shopify.com/3614229840117.jpg,0
3614229840124,https://cdn.shopify.com/s/files/1/0679/9792/5684/files/M627416.jpg?v=1740617534,cdn.shopify.com,shopify,files/remote/cdn.shopify.com/3614229840124.jpg,0
3614229840179,https://cdn.shopify.com/s/files/1/0679/9792/5684/files/I654685.jpg?v=1740617548,cdn.shopify.com,shopify,files/remote/cdn.shopify.com/3614229840179.jpg,0
3614270129681,https://cdn.shopify.com/s/files/1/0679/9792/5684/products/3614270129681-9.jpg?v=1673044397,cdn.shopify.com,shopify,files/remote/cdn.shopify.com/3614270129681.jpg,0
3614270303944,https://cdn.shopify.com/s/files/1/0679/9792/5684/products/3614270303944-9.jpg?v=1672829266,cdn.shopify.com,shopify,files/remote/cdn.shopify.com/3614270303944.jpg,0
3614270366215,https://cdn.shopify.com/s/files/1/0679/9792/5684/files/C88352.jpg?v=1740627356,cdn.shopify.com,shopify,files/remote/cdn.shopify.com/3614270366215.jpg,0
3614270562112,https://cdn.shopify.com/s/files/1/0679/9792/5684/products/3614270562112-9.jpg?v=1671860067,cdn.shopify.com,shopify,files/remote/cdn.shopify.com/3614270562112.jpg,0
3614271256157,https://cdn.shopify.com/s/files/1/0679/9792/5684/products/3614271256157-9_1.jpg?v=1673044334,cdn.shopify.com,shopify,files/remote/cdn.shopify.com/3614271256157.jpg,0
3614271548351,https://cdn.shopify.com/s/files/1/0679/9792/5684/products/3614271548351-1.jpg?v=1672404237,cdn.shopify.com,shopify,files/remote/cdn.shopify.com/3614271548351.jpg,0
3614271664464,https://cdn.shopify.com/s/files/1/0679/9792/5684/files/T979268.jpg?v=1740635951,cdn.shopify.com,shopify,files/remote/cdn.shopify.com/3614271664464.jpg,0
3614271727473,https://cdn.shopify.com/s/files/1/0679/9792/5684/files/X883743.jpg?v=1740629168,cdn.shopify.com,shopify,files/remote/cdn.shopify.com/3614271727473.jpg,0
3614272044715,https://cdn.shopify.com/s/files/1/0679/9792/5684/files/N438293.jpg?v=1740627360,cdn.shopify.com,shopify,files/remote/cdn.shopify.com/3614272044715.jpg,0
3614272333871,https://cdn.shopify.com/s/files/1/0679/9792/5684/files/T184250.jpg?v=1740615433,cdn.shopify.com,shopify,files/remote/cdn.shopify.com/3614272333871.jpg,0
3614272533097,https://cdn.shopify.com/s/files/1/0679/9792/5684/files/V863568.jpg?v=1740615429,cdn.shopify.com,shopify,files/remote/cdn.shopify.com/3614272533097.jpg,0
3614272688346,https://cdn.shopify.com/s/files/1/0679/9792/5684/files/I635085.jpg?v=1740628775,cdn.shopify.com,shopify,files/remote/cdn.shopify.com/3614272688346.jpg,0
3614272761438,https://cdn.shopify.com/s/files/1/0679/9792/5684/files/T296247.jpg?v=1740616371,cdn.shopify.com,shopify,files/remote/cdn.shopify.com/3614272761438.jpg,0
3614272848573,https://cdn.shopify.com/s/files/1/0679/9792/5684/products/3614272848573-1_1.jpg?v=1673044487,cdn.shopify.com,shopify,files/remote/cdn.shopify.com/3614272848573.jpg,0
3614273074186,https://cdn.shopify.com/s/files/1/0679/9792/5684/files/P591227.jpg?v=1740623702,cdn.shopify.com,shopify,files/remote/cdn.shopify.com/3614273074186.jpg,0
3614273261401,https://cdn.shopify.com/s/files/1/0679/9792/5684/files/Z025420.jpg?v=1740616413,cdn.shopify.com,shopify,files/remote/cdn.shopify.com/3614273261401.jpg,0
3614273330527,https://cdn.shopify.com/s/files/1/0679/9792/5684/files/T544275.jpg?v=1740623712,cdn.shopify.com,shopify,files/remote/cdn.shopify.com/3614273330527.jpg,0
3614273393546,https://cdn.shopify.com/s/files/1/0679/9792/5684/files/Z573422.jpg?v=1740627352,cdn.shopify.com,shopify,files/remote/cdn.shopify.com/3614273393546.jpg,0
3614273475600,https://cdn.shopify.com/s/files/1/0679/9792/5684/files/Z593431.jpg?v=1740635690,cdn.shopify.com,shopify,files/remote/cdn.shopify.com/3614273475600.jpg,0
3614273475709,https://cdn.shopify.com/s/files/1/0679/9792/5684/files/N2173214.jpg?v=1740635706,cdn.shopify.com,shopify,files/remote/cdn.shopify.com/3614273475709.jpg,0
3614273475716,https://cdn.shopify.com/s/files/1/0679/9792/5684/files/J579681.jpg?v=1740635694,cdn.shopify.com,shopify,files/remote/cdn.shopify.com/3614273475716.jpg,0
3614273475723,https://cdn.shopify.com/s/files/1/0679/9792/5684/files/V841947.jpg?v=1740635722,cdn.shopify.com,shopify,files/remote/cdn.shopify.com/3614273475723.jpg,0
3614273475730,https://cdn.shopify.com/s/files/1/0679/9792/5684/files/B916473.jpg?v=1740635710,cdn.shopify.com,shopify,files/remote/cdn.shopify.com/3614273475730.jpg,0
3614273475761,https://cdn.shopify.com/s/files/1/0679/9792/5684/files/P595231.jpg?v=1740635727,cdn.shopify.com,shopify,files/remote/cdn.shopify.com/3614273475761.jpg,0
3614273475808,https://cdn.shopify.com/s/files/1/0679/9792/5684/files/T984278.jpg?v=1740635698,cdn.shopify.com,shopify,files/remote/cdn.shopify.com/3614273475808.jpg,0
3614273478748,https://cdn.shopify.com/s/files/1/0679/9792/5684/products/8435137729197-9.jpg?v=1671884559,cdn.shopify.com,shopify,files/remote/cdn.shopify.com/3614273478748.jpg,0
3614273478755,https://cdn.shopify.com/s/files/1/0679/9792/5684/products/8435137729180-9.jpg?v=1671884565,cdn.shopify.com,shopify,files/remote/cdn.shopify.com/3614273478755.jpg,0
3614273544962,https://cdn.shopify.com/s/files/1/0679/9792/5684/products/8435137737819-9.jpg?v=1671888811,cdn.shopify.com,shopify,files/remote/cdn.shopify.com/3614273544962.jpg,0
3614273556187,https://cdn.shopify.com/s/files/1/0679/9792/5684/files/N420293.jpg?v=1740621382,cdn.shopify.com,shopify,files/remote/cdn.shopify.com/3614273556187.jpg,0
3614273638654,https://cdn.shopify.com/s/files/1/0679/9792/5684/files/P817225.jpg?v=1740622706,cdn.shopify.com,shopify,files/remote/cdn.shopify.com/3614273638654.jpg,0
3614273656306,https://cdn.shopify.com/s/files/1/0679/9792/5684/files/D5786110.jpg?v=1740635702,cdn.shopify.com,shopify,files/remote/cdn.shopify.com/3614273656306.jpg,0
3614273669702,https://cdn.shopify.com/s/files/1/0679/9792/5684/files/L926318.jpg?v=1740635714,cdn.shopify.com,shopify,files/remote/cdn.shopify.com/3614273669702.jpg,0
3614273672474,https://cdn.shopify.com/s/files/1/0679/9792/5684/files/T394255.jpg?v=1740616379,cdn.shopify.com,shopify,files/remote/cdn.shopify.com/3614273672474.jpg,0
3614273760652,https://cdn.shopify.com/s/files/1/0679/9792/5684/files/Z607424.jpg?v=1740615397,cdn.shopify.com,shopify,files/remote/cdn.shopify.com/3614273760652.jpg,0
3614273768832,https://cdn.shopify.com/s/files/1/0679/9792/5684/files/Z033428.jpg?v=1740621375,cdn.shopify.com,shopify,files/remote/cdn.shopify.com/3614273768832.jpg,0
3614273786270,https://cdn.shopify.com/s/files/1/0679/9792/5684/files/Z527431.jpg?v=1740622718,cdn.shopify.com,shopify,files/remote/cdn.shopify.com/3614273786270.jpg,0
3614273994903,https://www.oceanfragrances.com/Foto/3360372009573.jpg,www.oceanfragrances.com,oceanfragrances,files/remote/www.oceanfragrances.com/3614273994903.jpg,0
3614274000566,https://cdn.shopify.com/s/files/1/0679/9792/5684/files/D7016107.jpg?v=1740615405,cdn.shopify.com,shopify,files/remote/cdn.shopify.com/3614274000566.jpg,0
3614274008081,https://cdn.shopify.com/s/files/1/0679/9792/5684/files/F579851.jpg?v=1740635942,cdn.shopify.com,shopify,files/remote/cdn.shopify.com/3614274008081.jpg,0
3614274024760,https://cdn.shopify.com/s/files/1/0679/9792/5684/files/L925962.jpg?v=1740616384,cdn.shopify.com,shopify,files/remote/cdn.shopify.com/3614274024760.jpg,0
3614274024777,https://cdn.shopify.com/s/files/1/0679/9792/5684/files/V441894.jpg?v=1740616389,cdn.shopify.com,shopify,files/remote/cdn.shopify.com/3614274024777.jpg,0
3616300891896,https://cdn.shopify.com/s/files/1/0679/9792/5684/files/D5896107.jpg?v=1740614218,cdn.shopify.com,shopify,files/remote/cdn.shopify.com/3616300891896.jpg,0
3616300892442,https://cdn.shopify.com/s/files/1/0679/9792/5684/files/B707274.jpg?v=1740609560,cdn.shopify.com,shopify,files/remote/cdn.shopify.com/3616300892442.jpg,0
3616300919743,https://cdn.shopify.com/s/files/1/0679/9792/5684/files/B586473.jpg?v=1740614221,cdn.shopify.com,shopify,files/remote/cdn.shopify.com/3616300919743.jpg,0
3616301202349,https://cdn.shopify.com/s/files/1/0679/9792/5684/files/B667281.jpg?v=1740612220,cdn.shopify.com,shopify,files/remote/cdn.shopify.com/3616301202349.jpg,0
3616301283515,https://cdn.shopify.com/s/files/1/0679/9792/5684/files/D046834.jpg?v=1740633140,cdn.shopify.com,shopify,files/remote/cdn.shopify.com/3616301283515.jpg,0
3616301291916,https://cdn.shopify.com/s/files/1/0679/9792/5684/files/B936324.jpg?v=1740619568,cdn.shopify.com,shopify,files/remote/cdn.shopify.com/3616301291916.jpg,0
3616301295396,https://www.oceanfragrances.com/Foto/3616301295396.jpg,www.oceanfragrances.com,oceanfragrances,files/remote/www.oceanfragrances.com/3616301295396.jpg,0
3616301296737,https://cdn.shopify.com/s/files/1/0679/9792/5684/files/B846321.jpg?v=1740617645,cdn.shopify.com,shopify,files/remote/cdn.shopify.com/3616301296737.jpg,0
3616301398639,https://cdn.shopify.com/s/files/1/0679/9792/5684/files/H790975.jpg?v=1740612662,cdn.shopify.com,shopify,files/remote/cdn.shopify.com/3616301398639.jpg,0
3616301398653,https://cdn.shopify.com/s/files/1/0679/9792/5684/products/3616301398653-9.jpg?v=1671866355,cdn.shopify.com,shopify,files/remote/cdn.shopify.com/3616301398653.jpg,0
3616301623380,https://cdn.shopify.com/s/files/1/0679/9792/5684/files/T131249.jpg?v=1740619137,cdn.shopify.com,shopify,files/remote/cdn.shopify.com/3616301623380.jpg,0
3616301787297,https://cdn.shopify.com/s/files/1/0679/9792/5684/files/L124750.jpg?v=1740623326,cdn.shopify.com,shopify,files/remote/cdn.shopify.com/3616301787297.jpg,0
3616301789239,https://cdn.shopify.com/s/files/1/0679/9792/5684/files/Z601421.jpg?v=1740611528,cdn.shopify.com,shopify,files/remote/cdn.shopify.com/3616301789239.jpg,0
3616301789246,https://cdn.shopify.com/s/files/1/0679/9792/5684/files/J044981.jpg?v=1740611525,cdn.shopify.com,shopify,files/remote/cdn.shopify.com/3616301789246.jpg,0
3616301789277,https://cdn.shopify.com/s/files/1/0679/9792/5684/files/T249252.jpg?v=1740611531,cdn.shopify.com,shopify,files/remote/cdn.shopify.com/3616301789277.jpg,0
3616301794066,https://cdn.shopify.com/s/files/1/0679/9792/5684/files/V101646.jpg?v=1740614156,cdn.shopify.com,shopify,files/remote/cdn.shopify.com/3616301794066.jpg,0
3616301794615,https://cdn.shopify.com/s/files/1/0679/9792/5684/files/J124481.jpg?v=1740618903,cdn.shopify.com,shopify,files/remote/cdn.shopify.com/3616301794615.jpg,0
3616301794646,https://cdn.shopify.com/s/files/1/0679/9792/5684/files/D076787.jpg?v=1740612295,cdn.shopify.com,shopify,files/remote/cdn.shopify.com/3616301794646.jpg,0
3616301794653,https://cdn.shopify.com/s/files/1/0679/9792/5684/files/F107751.jpg?v=1740612292,cdn.shopify.com,shopify,files/remote/cdn.shopify.com/3616301794653.jpg,0
3616301838210,https://cdn.shopify.com/s/files/1/0679/9792/5684/files/E331380.jpg?v=1740617528,cdn.shopify.com,shopify,files/remote/cdn.shopify.com/3616301838210.jpg,0
3616301838227,https://cdn.shopify.com/s/files/1/0679/9792/5684/files/Y080418.jpg?v=1740617531,cdn.shopify.com,shopify,files/remote/cdn.shopify.com/3616301838227.jpg,0
3616301893400,https://images.btswholesaler.com/imgs/productos_cosmetica/imagenes/3616301893400.webp,images.btswholesaler.com,bts_cdn,files/remote/images.btswholesaler.com/3616301893400.webp,0
3616301976134,https://cdn.shopify.com/s/files/1/0679/9792/5684/products/737052338408-9.jpg?v=1671869463,cdn.shopify.com,shopify,files/remote/cdn.shopify.com/3616301976134.jpg,0
3616302013340,https://cdn.shopify.com/s/files/1/0679/9792/5684/files/J167681.jpg?v=1740619971,cdn.shopify.com,shopify,files/remote/cdn.shopify.com/3616302013340.jpg,0
3616302022489,https://cdn.shopify.com/s/files/1/0679/9792/5684/files/Z175423.jpg?v=1740612263,cdn.shopify.com,shopify,files/remote/cdn.shopify.com/3616302022489.jpg,0
3616302022540,https://images.btswholesaler.com/imgs/productos_cosmetica/imagenes/3616302022540.webp,images.btswholesaler.com,bts_cdn,files/remote/images.btswholesaler.com/3616302022540.webp,0
3616302023363,https://cdn.shopify.com/s/files/1/0679/9792/5684/files/B336342.jpg?v=1740609515,cdn.shopify.com,shopify,files/remote/cdn.shopify.com/3616302023363.jpg,0
3616302024711,https://cdn.shopify.com/s/files/1/0679/9792/5684/files/D376765.jpg?v=1740610401,cdn.shopify.com,shopify,files/remote/cdn.shopify.com/3616302024711.jpg,0
3616302029556,https://cdn.shopify.com/s/files/1/0679/9792/5684/files/B606414.jpg?v=1740638032,cdn.shopify.com,shopify,files/remote/cdn.shopify.com/3616302029556.jpg,0
3616302038961,https://cdn.shopify.com/s/files/1/0679/9792/5684/files/D756907.jpg?v=1740624184,cdn.shopify.com,shopify,files/remote/cdn.shopify.com/3616302038961.jpg,0
3616302514281,https://cdn.shopify.com/s/files/1/0679/9792/5684/files/T969259.jpg?v=1740612241,cdn.shopify.com,shopify,files/remote/cdn.shopify.com/3616302514281.jpg,0
3616302514298,https://images.btswholesaler.com/imgs/productos_cosmetica/imagenes/3616302514298_1.webp,images.btswholesaler.com,bts_cdn,files/remote/images.btswholesaler.com/3616302514298.webp,0
3616302638611,https://cdn.shopify.com/s/files/1/0679/9792/5684/files/Z833428.jpg?v=1740630561,cdn.shopify.com,shopify,files/remote/cdn.shopify.com/3616302638611.jpg,0
3616302638628,https://cdn.shopify.com/s/files/1/0679/9792/5684/files/P833228.jpg?v=1740630564,cdn.shopify.com,shopify,files/remote/cdn.shopify.com/3616302638628.jpg,0
3616302638635,https://cdn.shopify.com/s/files/1/0679/9792/5684/files/Z967429.jpg?v=1740630568,cdn.shopify.com,shopify,files/remote/cdn.shopify.com/3616302638635.jpg,0
3616302638789,https://cdn.shopify.com/s/files/1/0679/9792/5684/files/Z351426.jpg?v=1740630558,cdn.shopify.com,shopify,files/remote/cdn.shopify.com/3616302638789.jpg,0
3616302681075,https://cdn.shopify.com/s/files/1/0679/9792/5684/files/V021660.jpg?v=1740619106,cdn.shopify.com,shopify,files/remote/cdn.shopify.com/3616302681075.jpg,0
3616302764181,https://cdn.shopify.com/s/files/1/0679/9792/5684/files/V721647.jpg?v=1740619094,cdn.shopify.com,shopify,files/remote/cdn.shopify.com/3616302764181.jpg,0
3616302764273,https://cdn.shopify.com/s/files/1/0679/9792/5684/files/P503223.jpg?v=1740619145,cdn.shopify.com,shopify,files/remote/cdn.shopify.com/3616302764273.jpg,0
3616302764723,https://cdn.shopify.com/s/files/1/0679/9792/5684/products/3616302764723-9.jpg?v=1671869436,cdn.shopify.com,shopify,files/remote/cdn.shopify.com/3616302764723.jpg,0
3616302764877,https://cdn.shopify.com/s/files/1/0679/9792/5684/files/F076151.jpg?v=1740635604,cdn.shopify.com,shopify,files/remote/cdn.shopify.com/3616302764877.jpg,0
3616302765102,https://cdn.shopify.com/s/files/1/0679/9792/5684/products/3616302765102-9.jpg?v=1671902895,cdn.shopify.com,shopify,files/remote/cdn.shopify.com/3616302765102.jpg,0
3616302780044,https://cdn.shopify.com/s/files/1/0679/9792/5684/files/B206445.jpg?v=1740623069,cdn.shopify.com,shopify,files/remote/cdn.shopify.com/3616302780044.jpg,0
3616302923274,https://cdn.shopify.com/s/files/1/0679/9792/5684/files/D076871.jpg?v=1740619141,cdn.shopify.com,shopify,files/remote/cdn.shopify.com/3616302923274.jpg,0
3616302931637,https://cdn.shopify.com/s/files/1/0679/9792/5684/files/L725205.jpg?v=1740619957,cdn.shopify.com,shopify,files/remote/cdn.shopify.com/3616302931637.jpg,0
3616302968220,https://cdn.shopify.com/s/files/1/0679/9792/5684/files/F567651.jpg?v=1740612642,cdn.shopify.com,shopify,files/remote/cdn.shopify.com/3616302968220.jpg,0
3616302968282,https://cdn.shopify.com/s/files/1/0679/9792/5684/files/Z681427.jpg?v=1740615193,cdn.shopify.com,shopify,files/remote/cdn.shopify.com/3616302968282.jpg,0
3616303132163,https://cdn.shopify.com/s/files/1/0679/9792/5684/files/P005224.jpg?v=1740614167,cdn.shopify.com,shopify,files/remote/cdn.shopify.com/3616303132163.jpg,0
3616303184308,https://cdn.shopify.com/s/files/1/0679/9792/5684/files/Z261424.jpg?v=1740633849,cdn.shopify.com,shopify,files/remote/cdn.shopify.com/3616303184308.jpg,0
3616303251598,https://cdn.shopify.com/s/files/1/0679/9792/5684/files/V001836.jpg?v=1740629710,cdn.shopify.com,shopify,files/remote/cdn.shopify.com/3616303251598.jpg,0
3616303306076,https://cdn.shopify.com/s/files/1/0679/9792/5684/files/D766798.jpg?v=1740636221,cdn.shopify.com,shopify,files/remote/cdn.shopify.com/3616303306076.jpg,0
3616303311582,https://cdn.shopify.com/s/files/1/0679/9792/5684/files/P307222.jpg?v=1740614151,cdn.shopify.com,shopify,files/remote/cdn.shopify.com/3616303311582.jpg,0
3616303425999,https://images.btswholesaler.com/imgs/productos_cosmetica/imagenes/3616303425999_1.webp,images.btswholesaler.com,bts_cdn,files/remote/images.btswholesaler.com/3616303425999.webp,0
3616303428563,https://cdn.shopify.com/s/files/1/0679/9792/5684/files/P963225.jpg?v=1740619103,cdn.shopify.com,shopify,files/remote/cdn.shopify.com/3616303428563.jpg,0
3616303428570,https://cdn.shopify.com/s/files/1/0679/9792/5684/files/T784264.jpg?v=1740619098,cdn.shopify.com,shopify,files/remote/cdn.shopify.com/3616303428570.jpg,0
3616303429577,https://cdn.shopify.com/s/files/1/0679/9792/5684/files/D3056103.jpg?v=1740619961,cdn.shopify.com,shopify,files/remote/cdn.shopify.com/3616303429577.jpg,0
3616303443474,https://cdn.shopify.com/s/files/1/0679/9792/5684/files/D0066105.jpg?v=1740636709,cdn.shopify.com,shopify,files/remote/cdn.shopify.com/3616303443474.jpg,0
3616303445188,https://cdn.shopify.com/s/files/1/0679/9792/5684/files/B366474.jpg?v=1740615640,cdn.shopify.com,shopify,files/remote/cdn.shopify.com/3616303445188.jpg,0
3616303445218,https://cdn.shopify.com/s/files/1/0679/9792/5684/files/N2263214.jpg?v=1740615636,cdn.shopify.com,shopify,files/remote/cdn.shopify.com/3616303445218.jpg,0
3616303445287,https://cdn.shopify.com/s/files/1/0679/9792/5684/files/D6986104.jpg?v=1740621625,cdn.shopify.com,shopify,files/remote/cdn.shopify.com/3616303445287.jpg,0
3616303452414,https://cdn.shopify.com/s/files/1/0679/9792/5684/files/L125158.jpg?v=1740611564,cdn.shopify.com,shopify,files/remote/cdn.shopify.com/3616303452414.jpg,0
3616303452421,https://cdn.shopify.com/s/files/1/0679/9792/5684/files/F273451.jpg?v=1740611567,cdn.shopify.com,shopify,files/remote/cdn.shopify.com/3616303452421.jpg,0
3616303455293,https://cdn.shopify.com/s/files/1/0679/9792/5684/files/D076906.jpg?v=1740617653,cdn.shopify.com,shopify,files/remote/cdn.shopify.com/3616303455293.jpg,0
3616303455309,https://cdn.shopify.com/s/files/1/0679/9792/5684/files/D506986.jpg?v=1740617733,cdn.shopify.com,shopify,files/remote/cdn.shopify.com/3616303455309.jpg,0
3616303455378,https://cdn.shopify.com/s/files/1/0679/9792/5684/files/J335681.jpg?v=1740609819,cdn.shopify.com,shopify,files/remote/cdn.shopify.com/3616303455378.jpg,0
3616303455866,https://cdn.shopify.com/s/files/1/0679/9792/5684/files/P897225.jpg?v=1740614107,cdn.shopify.com,shopify,files/remote/cdn.shopify.com/3616303455866.jpg,0
3616303456313,https://cdn.shopify.com/s/files/1/0679/9792/5684/files/F365751.jpg?v=1740611554,cdn.shopify.com,shopify,files/remote/cdn.shopify.com/3616303456313.jpg,0
3616303457839,https://cdn.shopify.com/s/files/1/0679/9792/5684/files/D866982.jpg?v=1740612704,cdn.shopify.com,shopify,files/remote/cdn.shopify.com/3616303457839.jpg,0
3616303459048,https://cdn.shopify.com/s/files/1/0679/9792/5684/files/L526000.jpg?v=1740636130,cdn.shopify.com,shopify,files/remote/cdn.shopify.com/3616303459048.jpg,0
3616303459956,https://cdn.shopify.com/s/files/1/0679/9792/5684/files/Z513429.jpg?v=1740613734,cdn.shopify.com,shopify,files/remote/cdn.shopify.com/3616303459956.jpg,0
3616303459963,https://cdn.shopify.com/s/files/1/0679/9792/5684/files/L325859.jpg?v=1740613731,cdn.shopify.com,shopify,files/remote/cdn.shopify.com/3616303459963.jpg,0
3616303462062,https://cdn.shopify.com/s/files/1/0679/9792/5684/files/N6008213.jpg?v=1740618228,cdn.shopify.com,shopify,files/remote/cdn.shopify.com/3616303462062.jpg,0
3616303463373,https://cdn.shopify.com/s/files/1/0679/9792/5684/files/P315227.jpg?v=1740617691,cdn.shopify.com,shopify,files/remote/cdn.shopify.com/3616303463373.jpg,0
3616303465377,https://cdn.shopify.com/s/files/1/0679/9792/5684/files/J579581.jpg?v=1740614402,cdn.shopify.com,shopify,files/remote/cdn.shopify.com/3616303465377.jpg,0
3616303467388,https://cdn.shopify.com/s/files/1/0679/9792/5684/files/T309271.jpg?v=1740610477,cdn.shopify.com,shopify,files/remote/cdn.shopify.com/3616303467388.jpg,0
3616303470869,https://images.btswholesaler.com/imgs/productos_cosmetica/imagenes/3616303470869.webp,images.btswholesaler.com,bts_cdn,files/remote/images.btswholesaler.com/3616303470869.webp,0
3616303470906,https://images.btswholesaler.com/imgs/productos_cosmetica/imagenes/3616303470906.webp,images.btswholesaler.com,bts_cdn,files/remote/images.btswholesaler.com/3616303470906.webp,0
3616303475291,https://images.btswholesaler.com/imgs/productos_cosmetica/imagenes/3616303475291.webp,images.btswholesaler.com,bts_cdn,files/remote/images.btswholesaler.com/3616303475291.webp,0
3616303475437,https://cdn.shopify.com/s/files/1/0679/9792/5684/files/B396441.jpg?v=1740609964,cdn.shopify.com,shopify,files/remote/cdn.shopify.com/3616303475437.jpg,0
3616303549992,https://cdn.shopify.com/s/files/1/0679/9792/5684/files/L725093.jpg?v=1740611561,cdn.shopify.com,shopify,files/remote/cdn.shopify.com/3616303549992.jpg,0
3616303785048,https://cdn.shopify.com/s/files/1/0679/9792/5684/files/F351051.jpg?v=1740612244,cdn.shopify.com,shopify,files/remote/cdn.shopify.com/3616303785048.jpg,0
3616303842420,https://cdn.shopify.com/s/files/1/0679/9792/5684/files/N5009213.jpg?v=1740636713,cdn.shopify.com,shopify,files/remote/cdn.shopify.com/3616303842420.jpg,0
3616303855949,https://cdn.shopify.com/s/files/1/0679/9792/5684/files/V801900.jpg?v=1740636358,cdn.shopify.com,shopify,files/remote/cdn.shopify.com/3616303855949.jpg,0
3616303999438,https://cdn.shopify.com/s/files/1/0679/9792/5684/files/T159269.jpg?v=1740630504,cdn.shopify.com,shopify,files/remote/cdn.shopify.com/3616303999438.jpg,0
3616303999551,https://cdn.shopify.com/s/files/1/0679/9792/5684/files/T659270.jpg?v=1740630519,cdn.shopify.com,shopify,files/remote/cdn.shopify.com/3616303999551.jpg,0
3616304099397,https://cdn.shopify.com/s/files/1/0679/9792/5684/files/F479451.jpg?v=1740619015,cdn.shopify.com,shopify,files/remote/cdn.shopify.com/3616304099397.jpg,0
3616304099465,https://cdn.shopify.com/s/files/1/0679/9792/5684/files/P201229.jpg?v=1740612712,cdn.shopify.com,shopify,files/remote/cdn.shopify.com/3616304099465.jpg,0
3616304099472,https://cdn.shopify.com/s/files/1/0679/9792/5684/files/V441879.jpg?v=1740612638,cdn.shopify.com,shopify,files/remote/cdn.shopify.com/3616304099472.jpg,0
3616304177934,https://images.btswholesaler.com/imgs/productos_cosmetica/imagenes/3616304177934.webp,images.btswholesaler.com,bts_cdn,files/remote/images.btswholesaler.com/3616304177934.webp,0
3616304178016,https://images.btswholesaler.com/imgs/productos_cosmetica/imagenes/3616304178016.webp,images.btswholesaler.com,bts_cdn,files/remote/images.btswholesaler.com/3616304178016.webp,0
3616304178047,https://images.btswholesaler.com/imgs/productos_cosmetica/imagenes/3616304178047.webp,images.btswholesaler.com,bts_cdn,files/remote/images.btswholesaler.com/3616304178047.webp,0
3616304183621,https://cdn.shopify.com/s/files/1/0679/9792/5684/files/Z503431.jpg?v=1740617657,cdn.shopify.com,shopify,files/remote/cdn.shopify.com/3616304183621.jpg,0
3616304197871,https://cdn.shopify.com/s/files/1/0679/9792/5684/files/D9906102.jpg?v=1740619056,cdn.shopify.com,shopify,files/remote/cdn.shopify.com/3616304197871.jpg,0
3616304197994,https://cdn.shopify.com/s/files/1/0679/9792/5684/files/P643229.jpg?v=1740612715,cdn.shopify.com,shopify,files/remote/cdn.shopify.com/3616304197994.jpg,0
3616304203572,https://cdn.shopify.com/s/files/1/0679/9792/5684/files/N4838213.jpg?v=1740611497,cdn.shopify.com,shopify,files/remote/cdn.shopify.com/3616304203572.jpg,0
3616304203626,https://cdn.shopify.com/s/files/1/0679/9792/5684/files/T104275.jpg?v=1740611517,cdn.shopify.com,shopify,files/remote/cdn.shopify.com/3616304203626.jpg,0
3616304203640,https://cdn.shopify.com/s/files/1/0679/9792/5684/files/J475681.jpg?v=1740611548,cdn.shopify.com,shopify,files/remote/cdn.shopify.com/3616304203640.jpg,0
3616304203657,https://cdn.shopify.com/s/files/1/0679/9792/5684/files/J511881.jpg?v=1740611574,cdn.shopify.com,shopify,files/remote/cdn.shopify.com/3616304203657.jpg,0
3616304249709,https://cdn.shopify.com/s/files/1/0679/9792/5684/files/D616991.jpg?v=1740612255,cdn.shopify.com,shopify,files/remote/cdn.shopify.com/3616304249709.jpg,0
3616304668791,https://cdn.shopify.com/s/files/1/0679/9792/5684/files/F490251.jpg?v=1740611551,cdn.shopify.com,shopify,files/remote/cdn.shopify.com/3616304668791.jpg,0
3616304895685,https://cdn.shopify.com/s/files/1/0679/9792/5684/files/J554481.jpg?v=1740618257,cdn.shopify.com,shopify,files/remote/cdn.shopify.com/3616304895685.jpg,0
3616304957840,https://cdn.shopify.com/s/files/1/0679/9792/5684/files/B226443.jpg?v=1740619027,cdn.shopify.com,shopify,files/remote/cdn.shopify.com/3616304957840.jpg,0
3616304997730,https://cdn.shopify.com/s/files/1/0679/9792/5684/files/N0814214.jpg?v=1740638234,cdn.shopify.com,shopify,files/remote/cdn.shopify.com/3616304997730.jpg,0
3616305040480,https://cdn.shopify.com/s/files/1/0679/9792/5684/files/U87848.jpg?v=1740619087,cdn.shopify.com,shopify,files/remote/cdn.shopify.com/3616305040480.jpg,0
3616305258441,https://cdn.shopify.com/s/files/1/0679/9792/5684/files/L126282.jpg?v=1740619718,cdn.shopify.com,shopify,files/remote/cdn.shopify.com/3616305258441.jpg,0
3616305258458,https://cdn.shopify.com/s/files/1/0679/9792/5684/files/B156471.jpg?v=1740619714,cdn.shopify.com,shopify,files/remote/cdn.shopify.com/3616305258458.jpg,0
3616305260987,https://cdn.shopify.com/s/files/1/0679/9792/5684/files/T999275.jpg?v=1740609491,cdn.shopify.com,shopify,files/remote/cdn.shopify.com/3616305260987.jpg,0
3616305265784,https://cdn.shopify.com/s/files/1/0679/9792/5684/files/D2286110.jpg?v=1740617021,cdn.shopify.com,shopify,files/remote/cdn.shopify.com/3616305265784.jpg,0
3616305274601,https://www.oceanfragrances.com/Foto/3616305274601.jpg,www.oceanfragrances.com,oceanfragrances,files/remote/www.oceanfragrances.com/3616305274601.jpg,0
3616305448644,https://cdn.shopify.com/s/files/1/0679/9792/5684/files/L526300.jpg?v=1740609336,cdn.shopify.com,shopify,files/remote/cdn.shopify.com/3616305448644.jpg,0
3616305448651,https://cdn.shopify.com/s/files/1/0679/9792/5684/files/F575151.jpg?v=1740609340,cdn.shopify.com,shopify,files/remote/cdn.shopify.com/3616305448651.jpg,0
3616305448668,https://cdn.shopify.com/s/files/1/0679/9792/5684/files/D2566110.jpg?v=1740609344,cdn.shopify.com,shopify,files/remote/cdn.shopify.com/3616305448668.jpg,0
3616305916143,https://images.btswholesaler.com/imgs/productos_cosmetica/imagenes/3616305916143.webp,images.btswholesaler.com,bts_cdn,files/remote/images.btswholesaler.com/3616305916143.webp,0
3616305916150,https://images.btswholesaler.com/imgs/productos_cosmetica/imagenes/3616305916150.webp,images.btswholesaler.com,bts_cdn,files/remote/images.btswholesaler.com/3616305916150.webp,0
3616305916167,https://images.btswholesaler.com/imgs/productos_cosmetica/imagenes/3616305916167.webp,images.btswholesaler.com,bts_cdn,files/remote/images.btswholesaler.com/3616305916167.webp,0
3616305916174,https://images.btswholesaler.com/imgs/productos_cosmetica/imagenes/3616305916174.webp,images.btswholesaler.com,bts_cdn,files/remote/images.btswholesaler.com/3616305916174.webp,0
3616306643048,https://images.btswholesaler.com/imgs/productos_cosmetica/imagenes/3616306643048.webp,images.btswholesaler.com,bts_cdn,files/remote/images.btswholesaler.com/3616306643048.webp,0
3616306679498,https://cdn.shopify.com/s/files/1/0679/9792/5684/files/M44426.jpg?v=1740634632,cdn.shopify.com,shopify,files/remote/cdn.shopify.com/3616306679498.jpg,0
3616306724518,https://cdn.shopify.com/s/files/1/0679/9792/5684/files/G14615.jpg?v=1740612334,cdn.shopify.com,shopify,files/remote/cdn.shopify.com/3616306724518.jpg,0
3616307201193,https://cdn.shopify.com/s/files/1/0679/9792/5684/products/737052802749-9.jpg?v=1671885303,cdn.shopify.com,shopify,files/remote/cdn.shopify.com/3616307201193.jpg,0
3616308012330,https://cdn.shopify.com/s/files/1/0679/9792/5684/products/088300178278-9.jpg?v=1673063959,cdn.shopify.com,shopify,files/remote/cdn.shopify.com/3616308012330.jpg,0
3660732635368,https://cdn.shopify.com/s/files/1/0679/9792/5684/files/F539251.jpg?v=1740633017,cdn.shopify.com,shopify,files/remote/cdn.shopify.com/3660732635368.jpg,0
3660732649839,https://cdn.shopify.com/s/files/1/0679/9792/5684/files/N7016213.jpg?v=1740621386,cdn.shopify.com,shopify,files/remote/cdn.shopify.com/3660732649839.jpg,0
3660732654369,https://cdn.shopify.com/s/files/1/0679/9792/5684/files/P785230.jpg?v=1740633022,cdn.shopify.com,shopify,files/remote/cdn.shopify.com/3660732654369.jpg,0
3662361000982,https://images.btswholesaler.com/imgs/productos_parafarmacia/imagenes/3662361000982_1.webp,images.btswholesaler.com,bts_cdn,files/remote/images.btswholesaler.com/3662361000982.webp,0
3665032000984,https://www.oceanfragrances.com/Foto/3665032000984.jpg,www.oceanfragrances.com,oceanfragrances,files/remote/www.oceanfragrances.com/3665032000984.jpg,0
3700076442243,https://cdn.shopify.com/s/files/1/0679/9792/5684/files/H234553.jpg?v=1740630118,cdn.shopify.com,shopify,files/remote/cdn.shopify.com/3700076442243.jpg,0
3700135018518,https://cdn.shopify.com/s/files/1/0679/9792/5684/files/D926965.jpg?v=1740611828,cdn.shopify.com,shopify,files/remote/cdn.shopify.com/3700135018518.jpg,0
3700194719159,https://cdn.shopify.com/s/files/1/0679/9792/5684/files/Q894340.jpg?v=1740628452,cdn.shopify.com,shopify,files/remote/cdn.shopify.com/3700194719159.jpg,0
3700222270508,https://cdn.shopify.com/s/files/1/0679/9792/5684/files/D466722.jpg?v=1740619504,cdn.shopify.com,shopify,files/remote/cdn.shopify.com/3700222270508.jpg,0
3700222271000,https://cdn.shopify.com/s/files/1/0679/9792/5684/files/J91729.jpg?v=1740619500,cdn.shopify.com,shopify,files/remote/cdn.shopify.com/3700222271000.jpg,0
3700222280309,https://cdn.shopify.com/s/files/1/0679/9792/5684/files/N889292.jpg?v=1740612952,cdn.shopify.com,shopify,files/remote/cdn.shopify.com/3700222280309.jpg,0
3700222280507,https://cdn.shopify.com/s/files/1/0679/9792/5684/files/L203605.jpg?v=1740612956,cdn.shopify.com,shopify,files/remote/cdn.shopify.com/3700222280507.jpg,0
3700222281009,https://cdn.shopify.com/s/files/1/0679/9792/5684/files/R051036.jpg?v=1740612948,cdn.shopify.com,shopify,files/remote/cdn.shopify.com/3700222281009.jpg,0
3700426218665,https://cdn.shopify.com/s/files/1/0679/9792/5684/files/Q042311.jpg?v=1740616039,cdn.shopify.com,shopify,files/remote/cdn.shopify.com/3700426218665.jpg,0
3700426218672,https://cdn.shopify.com/s/files/1/0679/9792/5684/files/O62234.jpg?v=1740616036,cdn.shopify.com,shopify,files/remote/cdn.shopify.com/3700426218672.jpg,0
3700431405845,https://cdn.shopify.com/s/files/1/0679/9792/5684/products/3700431405845-9.jpg?v=1671865676,cdn.shopify.com,shopify,files/remote/cdn.shopify.com/3700431405845.jpg,0
3700550218159,https://cdn.shopify.com/s/files/1/0679/9792/5684/files/T704273.jpg?v=1740622886,cdn.shopify.com,shopify,files/remote/cdn.shopify.com/3700550218159.jpg,0
3700550218197,https://cdn.shopify.com/s/files/1/0679/9792/5684/products/3700550218197-9.jpg?v=1672440205,cdn.shopify.com,shopify,files/remote/cdn.shopify.com/3700550218197.jpg,0
3700550218203,https://cdn.shopify.com/s/files/1/0679/9792/5684/files/T359260.jpg?v=1740609679,cdn.shopify.com,shopify,files/remote/cdn.shopify.com/3700550218203.jpg,0
3700550218746,https://cdn.shopify.com/s/files/1/0679/9792/5684/files/F211751.jpg?v=1740609683,cdn.shopify.com,shopify,files/remote/cdn.shopify.com/3700550218746.jpg,0
3700578504555,https://cdn.shopify.com/s/files/1/0679/9792/5684/files/P439231.jpg?v=1740615050,cdn.shopify.com,shopify,files/remote/cdn.shopify.com/3700578504555.jpg,0
3700583500016,https://cdn.shopify.com/s/files/1/0679/9792/5684/files/X243751.jpg?v=1740624284,cdn.shopify.com,shopify,files/remote/cdn.shopify.com/3700583500016.jpg,0
3700753001381,https://cdn.shopify.com/s/files/1/0679/9792/5684/files/B902232.jpg?v=1740608892,cdn.shopify.com,shopify,files/remote/cdn.shopify.com/3700753001381.jpg,0
3700796900832,https://cdn.shopify.com/s/files/1/0679/9792/5684/files/L003756.jpg?v=1740624302,cdn.shopify.com,shopify,files/remote/cdn.shopify.com/3700796900832.jpg,0
3701129800843,https://cdn.shopify.com/s/files/1/0679/9792/5684/files/D274663.jpg?v=1740628021,cdn.shopify.com,shopify,files/remote/cdn.shopify.com/3701129800843.jpg,0
3701278600905,https://cdn.shopify.com/s/files/1/0679/9792/5684/files/T944263.jpg?v=1740622646,cdn.shopify.com,shopify,files/remote/cdn.shopify.com/3701278600905.jpg,0
3701415900134,https://cdn.shopify.com/s/files/1/0679/9792/5684/files/B116331.jpg?v=1740623411,cdn.shopify.com,shopify,files/remote/cdn.shopify.com/3701415900134.jpg,0
3701436907945,https://cdn.shopify.com/s/files/1/0679/9792/5684/files/J339681.jpg?v=1740624193,cdn.shopify.com,shopify,files/remote/cdn.shopify.com/3701436907945.jpg,0
3701436911607,https://www.oceanfragrances.com/Foto/3701436911607.jpg,www.oceanfragrances.com,oceanfragrances,files/remote/www.oceanfragrances.com/3701436911607.jpg,0
3701436925468,https://www.oceanfragrances.com/Foto/3701436925468.jpg,www.oceanfragrances.com,oceanfragrances,files/remote/www.oceanfragrances.com/3701436925468.jpg,0
3760004322016,https://images.btswholesaler.com/imgs/productos_cosmetica/imagenes/3760004322016.webp,images.btswholesaler.com,bts_cdn,files/remote/images.btswholesaler.com/3760004322016.webp,0
3760004322030,https://images.btswholesaler.com/imgs/productos_cosmetica/imagenes/3760004322030.webp,images.btswholesaler.com,bts_cdn,files/remote/images.btswholesaler.com/3760004322030.webp,0
3760004324690,https://cdn.shopify.com/s/files/1/0679/9792/5684/files/Z537431.jpg?v=1740616698,cdn.shopify.com,shopify,files/remote/cdn.shopify.com/3760004324690.jpg,0
3760004324713,https://cdn.shopify.com/s/files/1/0679/9792/5684/files/D3826110.jpg?v=1740616702,cdn.shopify.com,shopify,files/remote/cdn.shopify.com/3760004324713.jpg,0
3760004324744,https://cdn.shopify.com/s/files/1/0679/9792/5684/files/J576881.jpg?v=1740622229,cdn.shopify.com,shopify,files/remote/cdn.shopify.com/3760004324744.jpg,0
3760016770324,https://images.btswholesaler.com/imgs/productos_cosmetica/imagenes/3760016770324_1.webp,images.btswholesaler.com,bts_cdn,files/remote/images.btswholesaler.com/3760016770324.webp,0
3760022730473,https://cdn.shopify.com/s/files/1/0679/9792/5684/products/3760022730473-9.jpg?v=1671860761,cdn.shopify.com,shopify,files/remote/cdn.shopify.com/3760022730473.jpg,0
3760022731364,https://cdn.shopify.com/s/files/1/0679/9792/5684/files/P395223.jpg?v=1740636946,cdn.shopify.com,shopify,files/remote/cdn.shopify.com/3760022731364.jpg,0
3760022731753,https://cdn.shopify.com/s/files/1/0679/9792/5684/files/D244689.jpg?v=1740613374,cdn.shopify.com,shopify,files/remote/cdn.shopify.com/3760022731753.jpg,0
3760027140048,https://cdn.shopify.com/s/files/1/0679/9792/5684/files/L725911.jpg?v=1740622726,cdn.shopify.com,shopify,files/remote/cdn.shopify.com/3760027140048.jpg,0
3760027140192,https://cdn.shopify.com/s/files/1/0679/9792/5684/files/B376443.jpg?v=1740622730,cdn.shopify.com,shopify,files/remote/cdn.shopify.com/3760027140192.jpg,0
3760048790178,https://cdn.shopify.com/s/files/1/0679/9792/5684/files/L25961.jpg?v=1740614061,cdn.shopify.com,shopify,files/remote/cdn.shopify.com/3760048790178.jpg,0
3760062000123,https://cdn.shopify.com/s/files/1/0679/9792/5684/files/R845029.jpg?v=1740621878,cdn.shopify.com,shopify,files/remote/cdn.shopify.com/3760062000123.jpg,0
3760240890041,https://cdn.shopify.com/s/files/1/0679/9792/5684/files/X067289.jpg?v=1740610501,cdn.shopify.com,shopify,files/remote/cdn.shopify.com/3760240890041.jpg,0
3760240890850,https://cdn.shopify.com/s/files/1/0679/9792/5684/files/Z439425.jpg?v=1740615775,cdn.shopify.com,shopify,files/remote/cdn.shopify.com/3760240890850.jpg,0
3760263370322,https://cdn.shopify.com/s/files/1/0679/9792/5684/files/L324805.jpg?v=1740622401,cdn.shopify.com,shopify,files/remote/cdn.shopify.com/3760263370322.jpg,0
3760263370339,https://cdn.shopify.com/s/files/1/0679/9792/5684/files/H249874.jpg?v=1740622344,cdn.shopify.com,shopify,files/remote/cdn.shopify.com/3760263370339.jpg,0
3760263373378,https://cdn.shopify.com/s/files/1/0679/9792/5684/files/Z173814.jpg?v=1740622376,cdn.shopify.com,shopify,files/remote/cdn.shopify.com/3760263373378.jpg,0
3760263375884,https://cdn.shopify.com/s/files/1/0679/9792/5684/files/T979258.jpg?v=1740622408,cdn.shopify.com,shopify,files/remote/cdn.shopify.com/3760263375884.jpg,0
3760263375976,https://cdn.shopify.com/s/files/1/0679/9792/5684/files/L124718.jpg?v=1740622379,cdn.shopify.com,shopify,files/remote/cdn.shopify.com/3760263375976.jpg,0
3760263375990,https://cdn.shopify.com/s/files/1/0679/9792/5684/files/B036387.jpg?v=1740622387,cdn.shopify.com,shopify,files/remote/cdn.shopify.com/3760263375990.jpg,0
3760263376003,https://cdn.shopify.com/s/files/1/0679/9792/5684/files/D066903.jpg?v=1740622432,cdn.shopify.com,shopify,files/remote/cdn.shopify.com/3760263376003.jpg,0
3760263376065,https://cdn.shopify.com/s/files/1/0679/9792/5684/files/V261774.jpg?v=1740622372,cdn.shopify.com,shopify,files/remote/cdn.shopify.com/3760263376065.jpg,0
3760269841826,https://cdn.shopify.com/s/files/1/0679/9792/5684/files/V873429.jpg?v=1740614009,cdn.shopify.com,shopify,files/remote/cdn.shopify.com/3760269841826.jpg,0
3760269842007,https://cdn.shopify.com/s/files/1/0679/9792/5684/products/3760269842007-9.jpg?v=1671862891,cdn.shopify.com,shopify,files/remote/cdn.shopify.com/3760269842007.jpg,0
3760269848405,https://cdn.shopify.com/s/files/1/0679/9792/5684/files/R245030.jpg?v=1740620222,cdn.shopify.com,shopify,files/remote/cdn.shopify.com/3760269848405.jpg,0
3760269849181,https://cdn.shopify.com/s/files/1/0679/9792/5684/files/N747884.jpg?v=1740620230,cdn.shopify.com,shopify,files/remote/cdn.shopify.com/3760269849181.jpg,0
3760294350621,https://cdn.shopify.com/s/files/1/0679/9792/5684/files/F439551.jpg?v=1740624287,cdn.shopify.com,shopify,files/remote/cdn.shopify.com/3760294350621.jpg,0
3760294350676,https://cdn.shopify.com/s/files/1/0679/9792/5684/files/J439981.jpg?v=1740626522,cdn.shopify.com,shopify,files/remote/cdn.shopify.com/3760294350676.jpg,0
3760294350737,https://cdn.shopify.com/s/files/1/0679/9792/5684/files/D7996100.jpg?v=1740626517,cdn.shopify.com,shopify,files/remote/cdn.shopify.com/3760294350737.jpg,0
3770000002317,https://images.btswholesaler.com/imgs/productos_cosmetica/imagenes/3770000002317.webp,images.btswholesaler.com,bts_cdn,files/remote/images.btswholesaler.com/3770000002317.webp,0
3770000002331,https://images.btswholesaler.com/imgs/productos_cosmetica/imagenes/3770000002331.webp,images.btswholesaler.com,bts_cdn,files/remote/images.btswholesaler.com/3770000002331.webp,0
3770000002669,https://images.btswholesaler.com/imgs/productos_cosmetica/imagenes/3770000002669.webp,images.btswholesaler.com,bts_cdn,files/remote/images.btswholesaler.com/3770000002669.webp,0
3770027188001,https://cdn.shopify.com/s/files/1/0679/9792/5684/files/V661908.jpg?v=1740615066,cdn.shopify.com,shopify,files/remote/cdn.shopify.com/3770027188001.jpg,0
3770027188025,https://cdn.shopify.com/s/files/1/0679/9792/5684/files/P289230.jpg?v=1740615070,cdn.shopify.com,shopify,files/remote/cdn.shopify.com/3770027188025.jpg,0
3770027188049,https://cdn.shopify.com/s/files/1/0679/9792/5684/files/D4976106.jpg?v=1740624123,cdn.shopify.com,shopify,files/remote/cdn.shopify.com/3770027188049.jpg,0
3770027188063,https://cdn.shopify.com/s/files/1/0679/9792/5684/files/F514451.jpg?v=1740624126,cdn.shopify.com,shopify,files/remote/cdn.shopify.com/3770027188063.jpg,0
4001638093668,https://cdn.shopify.com/s/files/1/0679/9792/5684/products/7611916154317-1.jpg?v=1671856183,cdn.shopify.com,shopify,files/remote/cdn.shopify.com/4001638093668.jpg,0
4001638096539,https://cdn.shopify.com/s/files/1/0679/9792/5684/products/4001638523134-1.jpg?v=1671855878,cdn.shopify.com,shopify,files/remote/cdn.shopify.com/4001638096539.jpg,0
4004711001307,https://cdn.shopify.com/s/files/1/0679/9792/5684/files/B1920.jpg?v=1740624043,cdn.shopify.com,shopify,files/remote/cdn.shopify.com/4004711001307.jpg,0
4005800034329,https://cdn.shopify.com/s/files/1/0679/9792/5684/files/Z975421.jpg?v=1740635597,cdn.shopify.com,shopify,files/remote/cdn.shopify.com/4005800034329.jpg,0
4005900736901,https://images.btswholesaler.com/imgs/productos_cosmetica/imagenes/4005900736901_1.webp,images.btswholesaler.com,bts_cdn,files/remote/images.btswholesaler.com/4005900736901.webp,0
4005900736925,https://images.btswholesaler.com/imgs/productos_cosmetica/imagenes/4005900736925_1.webp,images.btswholesaler.com,bts_cdn,files/remote/images.btswholesaler.com/4005900736925.webp,0
4011700410903,https://cdn.shopify.com/s/files/1/0679/9792/5684/products/4011700410903-9.jpg?v=1673063585,cdn.shopify.com,shopify,files/remote/cdn.shopify.com/4011700410903.jpg,0
4011700415014,https://cdn.shopify.com/s/files/1/0679/9792/5684/files/J42981.jpg?v=1740636519,cdn.shopify.com,shopify,files/remote/cdn.shopify.com/4011700415014.jpg,0
4011700422043,https://cdn.shopify.com/s/files/1/0679/9792/5684/files/U91212.jpg?v=1740620787,cdn.shopify.com,shopify,files/remote/cdn.shopify.com/4011700422043.jpg,0
4011700425037,https://images.btswholesaler.com/imgs/productos_cosmetica/imagenes/4011700425112.webp,images.btswholesaler.com,bts_cdn,files/remote/images.btswholesaler.com/4011700425037.webp,0
4011700425129,https://cdn.shopify.com/s/files/1/0679/9792/5684/files/Y270372.jpg?v=1740628470,cdn.shopify.com,shopify,files/remote/cdn.shopify.com/4011700425129.jpg,0
4011700425501,https://cdn.shopify.com/s/files/1/0679/9792/5684/files/X27276.jpg?v=1740620784,cdn.shopify.com,shopify,files/remote/cdn.shopify.com/4011700425501.jpg,0
4011700430048,https://cdn.shopify.com/s/files/1/0679/9792/5684/files/K84714.jpg?v=1740620772,cdn.shopify.com,shopify,files/remote/cdn.shopify.com/4011700430048.jpg,0
4011700430079,https://cdn.shopify.com/s/files/1/0679/9792/5684/files/J7807.jpg?v=1740620754,cdn.shopify.com,shopify,files/remote/cdn.shopify.com/4011700430079.jpg,0
4011700430116,https://cdn.shopify.com/s/files/1/0679/9792/5684/files/M459416.jpg?v=1740620769,cdn.shopify.com,shopify,files/remote/cdn.shopify.com/4011700430116.jpg,0
4011700430161,https://images.btswholesaler.com/imgs/productos_cosmetica/imagenes/4011700436415.webp,images.btswholesaler.com,bts_cdn,files/remote/images.btswholesaler.com/4011700430161.webp,0
4011700435012,https://cdn.shopify.com/s/files/1/0679/9792/5684/files/E331370.jpg?v=1740628473,cdn.shopify.com,shopify,files/remote/cdn.shopify.com/4011700435012.jpg,0
4011700435029,https://cdn.shopify.com/s/files/1/0679/9792/5684/files/A387937.jpg?v=1740626416,cdn.shopify.com,shopify,files/remote/cdn.shopify.com/4011700435029.jpg,0
4011700435227,https://cdn.shopify.com/s/files/1/0679/9792/5684/files/O62934.jpg?v=1740620791,cdn.shopify.com,shopify,files/remote/cdn.shopify.com/4011700435227.jpg,0
4011700437108,https://cdn.shopify.com/s/files/1/0679/9792/5684/files/V441909.jpg?v=1740628476,cdn.shopify.com,shopify,files/remote/cdn.shopify.com/4011700437108.jpg,0
4011700449125,https://cdn.shopify.com/s/files/1/0679/9792/5684/files/Q43126.jpg?v=1740634855,cdn.shopify.com,shopify,files/remote/cdn.shopify.com/4011700449125.jpg,0
4011700740000,https://cdn.shopify.com/s/files/1/0679/9792/5684/files/N294545.jpg?v=1740637896,cdn.shopify.com,shopify,files/remote/cdn.shopify.com/4011700740000.jpg,0
4011700740031,https://cdn.shopify.com/s/files/1/0679/9792/5684/products/4011700740031-9.jpg?v=1671869557,cdn.shopify.com,shopify,files/remote/cdn.shopify.com/4011700740031.jpg,0
4011700740048,https://cdn.shopify.com/s/files/1/0679/9792/5684/files/R26212.jpg?v=1740624050,cdn.shopify.com,shopify,files/remote/cdn.shopify.com/4011700740048.jpg,0
4011700740055,https://cdn.shopify.com/s/files/1/0679/9792/5684/files/H83851.jpg?v=1740623763,cdn.shopify.com,shopify,files/remote/cdn.shopify.com/4011700740055.jpg,0
4011700740246,https://cdn.shopify.com/s/files/1/0679/9792/5684/files/A23437.jpg?v=1740637893,cdn.shopify.com,shopify,files/remote/cdn.shopify.com/4011700740246.jpg,0
4011700740475,https://images.btswholesaler.com/imgs/productos_cosmetica/imagenes/4011700740475.webp,images.btswholesaler.com,bts_cdn,files/remote/images.btswholesaler.com/4011700740475.webp,0
4011700744381,https://cdn.shopify.com/s/files/1/0679/9792/5684/files/O60212.jpg?v=1740636494,cdn.shopify.com,shopify,files/remote/cdn.shopify.com/4011700744381.jpg,0
4011700745364,https://cdn.shopify.com/s/files/1/0679/9792/5684/files/O68034.jpg?v=1740623969,cdn.shopify.com,shopify,files/remote/cdn.shopify.com/4011700745364.jpg,1
4011700745371,https://cdn.shopify.com/s/files/1/0679/9792/5684/files/K845196.jpg?v=1740624033,cdn.shopify.com,shopify,files/remote/cdn.shopify.com/4011700745371.jpg,1
4011700745401,https://cdn.shopify.com/s/files/1/0679/9792/5684/files/D2636103.jpg?v=1740636097,cdn.shopify.com,shopify,files/remote/cdn.shopify.com/4011700745401.jpg,0
4011700747290,https://cdn.shopify.com/s/files/1/0679/9792/5684/files/T476247.jpg?v=1740636970,cdn.shopify.com,shopify,files/remote/cdn.shopify.com/4011700747290.jpg,0
4011700747481,https://cdn.shopify.com/s/files/1/0679/9792/5684/files/D566766.jpg?v=1740636505,cdn.shopify.com,shopify,files/remote/cdn.shopify.com/4011700747481.jpg,0
4011700747498,https://cdn.shopify.com/s/files/1/0679/9792/5684/files/H596674.jpg?v=1740636511,cdn.shopify.com,shopify,files/remote/cdn.shopify.com/4011700747498.jpg,0
4011700747573,https://cdn.shopify.com/s/files/1/0679/9792/5684/files/U762216.jpg?v=1740624064,cdn.shopify.com,shopify,files/remote/cdn.shopify.com/4011700747573.jpg,0
4011700747597,https://cdn.shopify.com/s/files/1/0679/9792/5684/files/B507282.jpg?v=1740624068,cdn.shopify.com,shopify,files/remote/cdn.shopify.com/4011700747597.jpg,1
4011700747733,https://cdn.shopify.com/s/files/1/0679/9792/5684/files/P531220.jpg?v=1740623992,cdn.shopify.com,shopify,files/remote/cdn.shopify.com/4011700747733.jpg,1
4011700747740,https://images.btswholesaler.com/imgs/productos_cosmetica/imagenes/4011700747740.webp,images.btswholesaler.com,bts_cdn,files/remote/images.btswholesaler.com/4011700747740.webp,1
4011700747764,https://cdn.shopify.com/s/files/1/0679/9792/5684/files/D486707.jpg?v=1740636501,cdn.shopify.com,shopify,files/remote/cdn.shopify.com/4011700747764.jpg,0
4011700747771,https://cdn.shopify.com/s/files/1/0679/9792/5684/files/Z675421.jpg?v=1740623996,cdn.shopify.com,shopify,files/remote/cdn.shopify.com/4011700747771.jpg,0
4011700747948,https://cdn.shopify.com/s/files/1/0679/9792/5684/files/V381849.jpg?v=1740624004,cdn.shopify.com,shopify,files/remote/cdn.shopify.com/4011700747948.jpg,0
4011700748280,https://cdn.shopify.com/s/files/1/0679/9792/5684/files/D316852.jpg?v=1740624025,cdn.shopify.com,shopify,files/remote/cdn.shopify.com/4011700748280.jpg,1
4011700748389,https://images.btswholesaler.com/imgs/productos_cosmetica/imagenes/4011700748389.webp,images.btswholesaler.com,bts_cdn,files/remote/images.btswholesaler.com/4011700748389.webp,0
4011700748594,https://cdn.shopify.com/s/files/1/0679/9792/5684/files/F509151.jpg?v=1740635964,cdn.shopify.com,shopify,files/remote/cdn.shopify.com/4011700748594.jpg,0
4011700748679,https://images.btswholesaler.com/imgs/productos_cosmetica/imagenes/4011700748679_1.webp,images.btswholesaler.com,bts_cdn,files/remote/images.btswholesaler.com/4011700748679.webp,0
4011700748693,https://images.btswholesaler.com/imgs/productos_cosmetica/imagenes/4011700748693.webp,images.btswholesaler.com,bts_cdn,files/remote/images.btswholesaler.com/4011700748693.webp,0
4011700748822,https://images.btswholesaler.com/imgs/productos_cosmetica/imagenes/4011700748822.webp,images.btswholesaler.com,bts_cdn,files/remote/images.btswholesaler.com/4011700748822.webp,0
4011700749232,https://images.btswholesaler.com/imgs/productos_cosmetica/imagenes/4011700749232.webp,images.btswholesaler.com,bts_cdn,files/remote/images.btswholesaler.com/4011700749232.webp,0
4011700750009,https://images.btswholesaler.com/imgs/productos_cosmetica/imagenes/4011700750009.webp,images.btswholesaler.com,bts_cdn,files/remote/images.btswholesaler.com/4011700750009.webp,0
4011700750184,https://images.btswholesaler.com/imgs/productos_cosmetica/imagenes/4011700750184.webp,images.btswholesaler.com,bts_cdn,files/remote/images.btswholesaler.com/4011700750184.webp,0
4011700902330,https://cdn.shopify.com/s/files/1/0679/9792/5684/files/V481905.jpg?v=1740636182,cdn.shopify.com,shopify,files/remote/cdn.shopify.com/4011700902330.jpg,0
4011700902699,https://cdn.shopify.com/s/files/1/0679/9792/5684/files/C163430.jpg?v=1740617292,cdn.shopify.com,shopify,files/remote/cdn.shopify.com/4011700902699.jpg,0
4011700905027,https://cdn.shopify.com/s/files/1/0679/9792/5684/files/N2356211.jpg?v=1740609212,cdn.shopify.com,shopify,files/remote/cdn.shopify.com/4011700905027.jpg,0
4011700905089,https://cdn.shopify.com/s/files/1/0679/9792/5684/files/J520881.jpg?v=1740609198,cdn.shopify.com,shopify,files/remote/cdn.shopify.com/4011700905089.jpg,0
4011700905096,https://cdn.shopify.com/s/files/1/0679/9792/5684/files/T044276.jpg?v=1740609208,cdn.shopify.com,shopify,files/remote/cdn.shopify.com/4011700905096.jpg,0
4011700908103,https://cdn.shopify.com/s/files/1/0679/9792/5684/files/L724225.jpg?v=1740617301,cdn.shopify.com,shopify,files/remote/cdn.shopify.com/4011700908103.jpg,0
4011700908110,https://cdn.shopify.com/s/files/1/0679/9792/5684/files/T444250.jpg?v=1740617305,cdn.shopify.com,shopify,files/remote/cdn.shopify.com/4011700908110.jpg,0
4011700911158,https://cdn.shopify.com/s/files/1/0679/9792/5684/files/V821943.jpg?v=1740617309,cdn.shopify.com,shopify,files/remote/cdn.shopify.com/4011700911158.jpg,0
4011700919024,https://images.btswholesaler.com/imgs/productos_cosmetica/imagenes/4011700919024.webp,images.btswholesaler.com,bts_cdn,files/remote/images.btswholesaler.com/4011700919024.webp,0
4011700920006,https://cdn.shopify.com/s/files/1/0679/9792/5684/files/V601116.jpg?v=1740617296,cdn.shopify.com,shopify,files/remote/cdn.shopify.com/4011700920006.jpg,0
4013670000368,https://cdn.shopify.com/s/files/1/0679/9792/5684/files/C763491.jpg?v=1740618663,cdn.shopify.com,shopify,files/remote/cdn.shopify.com/4013670000368.jpg,0
4013670000900,https://cdn.shopify.com/s/files/1/0679/9792/5684/files/C363441.jpg?v=1740611684,cdn.shopify.com,shopify,files/remote/cdn.shopify.com/4013670000900.jpg,0
4013670508390,https://images.btswholesaler.com/imgs/productos_cosmetica/imagenes/4013670508390.webp,images.btswholesaler.com,bts_cdn,files/remote/images.btswholesaler.com/4013670508390.webp,0
4013670508406,https://images.btswholesaler.com/imgs/productos_cosmetica/imagenes/4013670508406.webp,images.btswholesaler.com,bts_cdn,files/remote/images.btswholesaler.com/4013670508406.webp,0
4013671000909,https://cdn.shopify.com/s/files/1/0679/9792/5684/files/V331188.jpg?v=1740623202,cdn.shopify.com,shopify,files/remote/cdn.shopify.com/4013671000909.jpg,0
4013671002101,https://cdn.shopify.com/s/files/1/0679/9792/5684/files/T309268.jpg?v=1740618671,cdn.shopify.com,shopify,files/remote/cdn.shopify.com/4013671002101.jpg,0
4015165335399,https://cdn.shopify.com/s/files/1/0679/9792/5684/products/4015165335399-9_1.jpg?v=1671812668,cdn.shopify.com,shopify,files/remote/cdn.shopify.com/4015165335399.jpg,0
4015400903963,https://cdn.shopify.com/s/files/1/0679/9792/5684/files/V953463.jpg?v=1740629975,cdn.shopify.com,shopify,files/remote/cdn.shopify.com/4015400903963.jpg,0
4019674028049,https://images.btswholesaler.com/imgs/productos_cosmetica/imagenes/4019674028049.webp,images.btswholesaler.com,bts_cdn,files/remote/images.btswholesaler.com/4019674028049.webp,0
4019674049730,https://cdn.shopify.com/s/files/1/0679/9792/5684/files/K600267.jpg?v=1740629614,cdn.shopify.com,shopify,files/remote/cdn.shopify.com/4019674049730.jpg,0
4019674200018,https://cdn.shopify.com/s/files/1/0679/9792/5684/files/D285408.jpg?v=1740632568,cdn.shopify.com,shopify,files/remote/cdn.shopify.com/4019674200018.jpg,0
4019674305126,https://cdn.shopify.com/s/files/1/0679/9792/5684/files/I256644.jpg?v=1740630975,cdn.shopify.com,shopify,files/remote/cdn.shopify.com/4019674305126.jpg,0
4019674492109,https://cdn.shopify.com/s/files/1/0679/9792/5684/files/I381944.jpg?v=1740629607,cdn.shopify.com,shopify,files/remote/cdn.shopify.com/4019674492109.jpg,0
4019674604724,https://cdn.shopify.com/s/files/1/0679/9792/5684/files/G410837.jpg?v=1740629531,cdn.shopify.com,shopify,files/remote/cdn.shopify.com/4019674604724.jpg,0
4021609012207,https://cdn.shopify.com/s/files/1/0679/9792/5684/files/O69486.jpg?v=1740624899,cdn.shopify.com,shopify,files/remote/cdn.shopify.com/4021609012207.jpg,0
4021609012474,https://cdn.shopify.com/s/files/1/0679/9792/5684/files/Z275430.jpg?v=1740634137,cdn.shopify.com,shopify,files/remote/cdn.shopify.com/4021609012474.jpg,0
4021609012481,https://cdn.shopify.com/s/files/1/0679/9792/5684/files/P977230.jpg?v=1740624903,cdn.shopify.com,shopify,files/remote/cdn.shopify.com/4021609012481.jpg,0
4021609026556,https://cdn.shopify.com/s/files/1/0679/9792/5684/products/4021609026556-1.jpg?v=1671905046,cdn.shopify.com,shopify,files/remote/cdn.shopify.com/4021609026556.jpg,0
4021609028437,https://cdn.shopify.com/s/files/1/0679/9792/5684/products/4021609029083-1.jpg?v=1671904219,cdn.shopify.com,shopify,files/remote/cdn.shopify.com/4021609028437.jpg,0
4021609028796,https://cdn.shopify.com/s/files/1/0679/9792/5684/products/4021609029793-1.jpg?v=1671905588,cdn.shopify.com,shopify,files/remote/cdn.shopify.com/4021609028796.jpg,0
4021609029038,https://cdn.shopify.com/s/files/1/0679/9792/5684/products/4021609029038-1.jpg?v=1671904987,cdn.shopify.com,shopify,files/remote/cdn.shopify.com/4021609029038.jpg,0
4021609029274,https://cdn.shopify.com/s/files/1/0679/9792/5684/products/4021609029274-1.jpg?v=1671905135,cdn.shopify.com,shopify,files/remote/cdn.shopify.com/4021609029274.jpg,0
4021609029373,https://cdn.shopify.com/s/files/1/0679/9792/5684/products/4021609029373-1.jpg?v=1671905113,cdn.shopify.com,shopify,files/remote/cdn.shopify.com/4021609029373.jpg,0
4021609061038,https://cdn.shopify.com/s/files/1/0679/9792/5684/products/4021609061038-1.jpg?v=1671904225,cdn.shopify.com,shopify,files/remote/cdn.shopify.com/4021609061038.jpg,0
4021609061045,https://cdn.shopify.com/s/files/1/0679/9792/5684/products/4021609061045-1.jpg?v=1671904204,cdn.shopify.com,shopify,files/remote/cdn.shopify.com/4021609061045.jpg,0
4021609061144,https://cdn.shopify.com/s/files/1/0679/9792/5684/products/4021609061144-1.jpg?v=1671904213,cdn.shopify.com,shopify,files/remote/cdn.shopify.com/4021609061144.jpg,0
4021609061229,https://cdn.shopify.com/s/files/1/0679/9792/5684/products/4021609061229-1.jpg?v=1671904184,cdn.shopify.com,shopify,files/remote/cdn.shopify.com/4021609061229.jpg,0
4021609061403,https://cdn.shopify.com/s/files/1/0679/9792/5684/products/4021609061403-1.jpg?v=1671905092,cdn.shopify.com,shopify,files/remote/cdn.shopify.com/4021609061403.jpg,0
4021609061410,https://cdn.shopify.com/s/files/1/0679/9792/5684/products/4021609061410-1.jpg?v=1671905069,cdn.shopify.com,shopify,files/remote/cdn.shopify.com/4021609061410.jpg,0
4021609061434,https://cdn.shopify.com/s/files/1/0679/9792/5684/products/4021609061434-1.jpg?v=1671905086,cdn.shopify.com,shopify,files/remote/cdn.shopify.com/4021609061434.jpg,0
4021609062219,https://cdn.shopify.com/s/files/1/0679/9792/5684/products/4021609062219-1.jpg?v=1671905577,cdn.shopify.com,shopify,files/remote/cdn.shopify.com/4021609062219.jpg,0
4021609269632,https://cdn.shopify.com/s/files/1/0679/9792/5684/products/4021609269632-1.jpg?v=1671905052,cdn.shopify.com,shopify,files/remote/cdn.shopify.com/4021609269632.jpg,0
4021609275091,https://cdn.shopify.com/s/files/1/0679/9792/5684/products/4021609275091-1.jpg?v=1671905463,cdn.shopify.com,shopify,files/remote/cdn.shopify.com/4021609275091.jpg,0
4030651045743,https://cdn.shopify.com/s/files/1/0679/9792/5684/files/D1446103.jpg?v=1740634375,cdn.shopify.com,shopify,files/remote/cdn.shopify.com/4030651045743.jpg,0
4035773063743,https://cdn.shopify.com/s/files/1/0679/9792/5684/files/B57297.jpg?v=1740637434,cdn.shopify.com,shopify,files/remote/cdn.shopify.com/4035773063743.jpg,0
4035773105443,https://cdn.shopify.com/s/files/1/0679/9792/5684/files/Z53815.jpg?v=1740637448,cdn.shopify.com,shopify,files/remote/cdn.shopify.com/4035773105443.jpg,0
4035773105450,https://cdn.shopify.com/s/files/1/0679/9792/5684/files/R89030.jpg?v=1740637431,cdn.shopify.com,shopify,files/remote/cdn.shopify.com/4035773105450.jpg,0
4035773127315,https://cdn.shopify.com/s/files/1/0679/9792/5684/files/T70238.jpg?v=1740637237,cdn.shopify.com,shopify,files/remote/cdn.shopify.com/4035773127315.jpg,0
4035773149553,https://cdn.shopify.com/s/files/1/0679/9792/5684/files/G15848.jpg?v=1740637234,cdn.shopify.com,shopify,files/remote/cdn.shopify.com/4035773149553.jpg,0
4045787199963,https://images.btswholesaler.com/imgs/productos_cosmetica/imagenes/4045787199963_1.webp,images.btswholesaler.com,bts_cdn,files/remote/images.btswholesaler.com/4045787199963.webp,0
4045787200225,https://images.btswholesaler.com/imgs/productos_cosmetica/imagenes/4045787200225.webp,images.btswholesaler.com,bts_cdn,files/remote/images.btswholesaler.com/4045787200225.webp,0
4045787200720,https://images.btswholesaler.com/imgs/productos_cosmetica/imagenes/4045787200720.webp,images.btswholesaler.com,bts_cdn,files/remote/images.btswholesaler.com/4045787200720.webp,0
4045787200768,https://cdn.shopify.com/s/files/1/0679/9792/5684/files/S083184.jpg?v=1740625728,cdn.shopify.com,shopify,files/remote/cdn.shopify.com/4045787200768.jpg,0
4045787207736,https://images.btswholesaler.com/imgs/productos_cosmetica/imagenes/4045787814170.webp,images.btswholesaler.com,bts_cdn,files/remote/images.btswholesaler.com/4045787207736.webp,0
4045787237979,https://images.btswholesaler.com/imgs/productos_cosmetica/imagenes/4045787237979_1.webp,images.btswholesaler.com,bts_cdn,files/remote/images.btswholesaler.com/4045787237979.webp,0
4045787278743,https://images.btswholesaler.com/imgs/productos_cosmetica/imagenes/4045787278743_1.webp,images.btswholesaler.com,bts_cdn,files/remote/images.btswholesaler.com/4045787278743.webp,0
4045787279320,https://cdn.shopify.com/s/files/1/0679/9792/5684/files/I211886.jpg?v=1740625731,cdn.shopify.com,shopify,files/remote/cdn.shopify.com/4045787279320.jpg,0
4045787279399,https://images.btswholesaler.com/imgs/productos_cosmetica/imagenes/4045787279399.webp,images.btswholesaler.com,bts_cdn,files/remote/images.btswholesaler.com/4045787279399.webp,0
4045787279528,https://images.btswholesaler.com/imgs/productos_cosmetica/imagenes/4045787279528.webp,images.btswholesaler.com,bts_cdn,files/remote/images.btswholesaler.com/4045787279528.webp,0
4045787279665,https://cdn.shopify.com/s/files/1/0679/9792/5684/files/S229266.jpg?v=1740625735,cdn.shopify.com,shopify,files/remote/cdn.shopify.com/4045787279665.jpg,0
4045787301090,https://images.btswholesaler.com/imgs/productos_cosmetica/imagenes/4045787301090.webp,images.btswholesaler.com,bts_cdn,files/remote/images.btswholesaler.com/4045787301090.webp,0
4045787461596,https://images.btswholesaler.com/imgs/productos_cosmetica/imagenes/4045787999617_1.webp,images.btswholesaler.com,bts_cdn,files/remote/images.btswholesaler.com/4045787461596.webp,0
4052136039849,https://cdn.shopify.com/s/files/1/0679/9792/5684/files/B972231.jpg?v=1740629847,cdn.shopify.com,shopify,files/remote/cdn.shopify.com/4052136039849.jpg,0
4052136055085,https://images.btswholesaler.com/imgs/productos_cosmetica/imagenes/4052136055085_1.webp,images.btswholesaler.com,bts_cdn,files/remote/images.btswholesaler.com/4052136055085.webp,0
4052136055931,https://cdn.shopify.com/s/files/1/0679/9792/5684/files/S413187.jpg?v=1740629419,cdn.shopify.com,shopify,files/remote/cdn.shopify.com/4052136055931.jpg,0
4052136055979,https://cdn.shopify.com/s/files/1/0679/9792/5684/files/A622585.jpg?v=1740629423,cdn.shopify.com,shopify,files/remote/cdn.shopify.com/4052136055979.jpg,0
4052136059144,https://cdn.shopify.com/s/files/1/0679/9792/5684/files/S359250.jpg?v=1740629611,cdn.shopify.com,shopify,files/remote/cdn.shopify.com/4052136059144.jpg,0
4052136071634,https://cdn.shopify.com/s/files/1/0679/9792/5684/files/E371500.jpg?v=1740634068,cdn.shopify.com,shopify,files/remote/cdn.shopify.com/4052136071634.jpg,0
4064665115024,https://cdn.shopify.com/s/files/1/0679/9792/5684/files/T559278.jpg?v=1740633248,cdn.shopify.com,shopify,files/remote/cdn.shopify.com/4064665115024.jpg,0
4064666035536,https://images.btswholesaler.com/imgs/productos_cosmetica/imagenes/4064666035536.webp,images.btswholesaler.com,bts_cdn,files/remote/images.btswholesaler.com/4064666035536.webp,0
4064666043715,https://cdn.shopify.com/s/files/1/0679/9792/5684/products/8005610415482-1.jpg?v=1671909707,cdn.shopify.com,shopify,files/remote/cdn.shopify.com/4064666043715.jpg,0
4064666211893,https://images.btswholesaler.com/imgs/productos_cosmetica/imagenes/8005610563213_1.webp,images.btswholesaler.com,bts_cdn,files/remote/images.btswholesaler.com/4064666211893.webp,0
4064666212043,https://cdn.shopify.com/s/files/1/0679/9792/5684/files/F91977.jpg?v=1740625751,cdn.shopify.com,shopify,files/remote/cdn.shopify.com/4064666212043.jpg,0
4064666228976,https://images.btswholesaler.com/imgs/productos_cosmetica/imagenes/8005610265513_1.webp,images.btswholesaler.com,bts_cdn,files/remote/images.btswholesaler.com/4064666228976.webp,0
4064666316444,https://images.btswholesaler.com/imgs/productos_cosmetica/imagenes/4064666585598.webp,images.btswholesaler.com,bts_cdn,files/remote/images.btswholesaler.com/4064666316444.webp,0
4064666326108,https://cdn.shopify.com/s/files/1/0679/9792/5684/files/J67129.jpg?v=1740626545,cdn.shopify.com,shopify,files/remote/cdn.shopify.com/4064666326108.jpg,0
4064666583198,https://cdn.shopify.com/s/files/1/0679/9792/5684/products/8005610531632-1.jpg?v=1671909214,cdn.shopify.com,shopify,files/remote/cdn.shopify.com/4064666583198.jpg,0
4064941006688,https://cdn.shopify.com/s/files/1/0679/9792/5684/files/V521943.jpg?v=1740632282,cdn.shopify.com,shopify,files/remote/cdn.shopify.com/4064941006688.jpg,0
4064941006787,https://cdn.shopify.com/s/files/1/0679/9792/5684/files/F572551.jpg?v=1740632258,cdn.shopify.com,shopify,files/remote/cdn.shopify.com/4064941006787.jpg,0
4064941006800,https://cdn.shopify.com/s/files/1/0679/9792/5684/files/J572581.jpg?v=1740632285,cdn.shopify.com,shopify,files/remote/cdn.shopify.com/4064941006800.jpg,0
4064941006824,https://cdn.shopify.com/s/files/1/0679/9792/5684/files/T384275.jpg?v=1740632289,cdn.shopify.com,shopify,files/remote/cdn.shopify.com/4064941006824.jpg,0
4064941006893,https://cdn.shopify.com/s/files/1/0679/9792/5684/files/T629278.jpg?v=1740632274,cdn.shopify.com,shopify,files/remote/cdn.shopify.com/4064941006893.jpg,0
4064941006916,https://cdn.shopify.com/s/files/1/0679/9792/5684/files/N1534214.jpg?v=1740632262,cdn.shopify.com,shopify,files/remote/cdn.shopify.com/4064941006916.jpg,0
4064941008521,https://cdn.shopify.com/s/files/1/0679/9792/5684/files/J570081.jpg?v=1740633827,cdn.shopify.com,shopify,files/remote/cdn.shopify.com/4064941008521.jpg,0
4082800171902,https://cdn.shopify.com/s/files/1/0679/9792/5684/products/737052903606-9.jpg?v=1671883847,cdn.shopify.com,shopify,files/remote/cdn.shopify.com/4082800171902.jpg,0
4082800351304,https://cdn.shopify.com/s/files/1/0679/9792/5684/files/S608148.jpg?v=1740617460,cdn.shopify.com,shopify,files/remote/cdn.shopify.com/4082800351304.jpg,0
4084500214309,https://cdn.shopify.com/s/files/1/0679/9792/5684/products/8011530001148-9.jpg?v=1673062506,cdn.shopify.com,shopify,files/remote/cdn.shopify.com/4084500214309.jpg,0
4084500234697,https://cdn.shopify.com/s/files/1/0679/9792/5684/products/8011530000318-9.jpg?v=1673062522,cdn.shopify.com,shopify,files/remote/cdn.shopify.com/4084500234697.jpg,0
4084500584822,https://images.btswholesaler.com/imgs/productos_cosmetica/imagenes/8005610533285_1.webp,images.btswholesaler.com,bts_cdn,files/remote/images.btswholesaler.com/4084500584822.webp,0
4084500587113,https://images.btswholesaler.com/imgs/productos_cosmetica/imagenes/4084500587113_1.webp,images.btswholesaler.com,bts_cdn,files/remote/images.btswholesaler.com/4084500587113.webp,0
4084500641808,https://cdn.shopify.com/s/files/1/0679/9792/5684/products/8005610590059-1.jpg?v=1671909702,cdn.shopify.com,shopify,files/remote/cdn.shopify.com/4084500641808.jpg,0
4084500694293,https://cdn.shopify.com/s/files/1/0679/9792/5684/files/A828685.jpg?v=1740629972,cdn.shopify.com,shopify,files/remote/cdn.shopify.com/4084500694293.jpg,0
4260180218916,https://cdn.shopify.com/s/files/1/0679/9792/5684/products/4260180218916-9-1.jpg?v=1671838900,cdn.shopify.com,shopify,files/remote/cdn.shopify.com/4260180218916.jpg,0
4260180219005,https://cdn.shopify.com/s/files/1/0679/9792/5684/files/Z639421.jpg?v=1740632681,cdn.shopify.com,shopify,files/remote/cdn.shopify.com/4260180219005.jpg,0
44936261272,https://cdn.shopify.com/s/files/1/0679/9792/5684/files/O02812.jpg?v=1740631460,cdn.shopify.com,shopify,files/remote/cdn.shopify.com/44936261272.jpg,0
44936261289,https://cdn.shopify.com/s/files/1/0679/9792/5684/files/C88112.jpg?v=1740631454,cdn.shopify.com,shopify,files/remote/cdn.shopify.com/44936261289.jpg,0
44936261296,https://cdn.shopify.com/s/files/1/0679/9792/5684/files/M169412.jpg?v=1740631457,cdn.shopify.com,shopify,files/remote/cdn.shopify.com/44936261296.jpg,0
4560358163070,https://cdn.shopify.com/s/files/1/0679/9792/5684/files/N9402212.jpg?v=1740628939,cdn.shopify.com,shopify,files/remote/cdn.shopify.com/4560358163070.jpg,0
4935421625173,https://cdn.shopify.com/s/files/1/0679/9792/5684/files/P079229.jpg?v=1740631228,cdn.shopify.com,shopify,files/remote/cdn.shopify.com/4935421625173.jpg,0
4935421625258,https://cdn.shopify.com/s/files/1/0679/9792/5684/files/P877228.jpg?v=1740631232,cdn.shopify.com,shopify,files/remote/cdn.shopify.com/4935421625258.jpg,0
4935421642538,https://cdn.shopify.com/s/files/1/0679/9792/5684/files/V941646.jpg?v=1740632485,cdn.shopify.com,shopify,files/remote/cdn.shopify.com/4935421642538.jpg,0
4935421650687,https://cdn.shopify.com/s/files/1/0679/9792/5684/files/L324347.jpg?v=1740630796,cdn.shopify.com,shopify,files/remote/cdn.shopify.com/4935421650687.jpg,0
4935421652483,https://cdn.shopify.com/s/files/1/0679/9792/5684/files/F453951.jpg?v=1740631225,cdn.shopify.com,shopify,files/remote/cdn.shopify.com/4935421652483.jpg,0
4935421652513,https://cdn.shopify.com/s/files/1/0679/9792/5684/files/V361872.jpg?v=1740631255,cdn.shopify.com,shopify,files/remote/cdn.shopify.com/4935421652513.jpg,0
4935421655477,https://cdn.shopify.com/s/files/1/0679/9792/5684/files/Z473427.jpg?v=1740630013,cdn.shopify.com,shopify,files/remote/cdn.shopify.com/4935421655477.jpg,0
4935421655491,https://cdn.shopify.com/s/files/1/0679/9792/5684/files/B906345.jpg?v=1740630016,cdn.shopify.com,shopify,files/remote/cdn.shopify.com/4935421655491.jpg,0
4935421655507,https://cdn.shopify.com/s/files/1/0679/9792/5684/files/P473227.jpg?v=1740630027,cdn.shopify.com,shopify,files/remote/cdn.shopify.com/4935421655507.jpg,0
4935421655521,https://cdn.shopify.com/s/files/1/0679/9792/5684/files/P565221.jpg?v=1740630030,cdn.shopify.com,shopify,files/remote/cdn.shopify.com/4935421655521.jpg,0
4935421656047,https://cdn.shopify.com/s/files/1/0679/9792/5684/files/N9942212.jpg?v=1740631599,cdn.shopify.com,shopify,files/remote/cdn.shopify.com/4935421656047.jpg,0
4935421656399,https://cdn.shopify.com/s/files/1/0679/9792/5684/files/B206436.jpg?v=1740632453,cdn.shopify.com,shopify,files/remote/cdn.shopify.com/4935421656399.jpg,0
4935421661249,https://cdn.shopify.com/s/files/1/0679/9792/5684/files/N347294.jpg?v=1740632491,cdn.shopify.com,shopify,files/remote/cdn.shopify.com/4935421661249.jpg,0
4935421662192,https://cdn.shopify.com/s/files/1/0679/9792/5684/files/V403599.jpg?v=1740631240,cdn.shopify.com,shopify,files/remote/cdn.shopify.com/4935421662192.jpg,0
4935421662420,https://cdn.shopify.com/s/files/1/0679/9792/5684/files/N0851213.jpg?v=1740631244,cdn.shopify.com,shopify,files/remote/cdn.shopify.com/4935421662420.jpg,0
4935421662437,https://cdn.shopify.com/s/files/1/0679/9792/5684/files/T951249.jpg?v=1740631251,cdn.shopify.com,shopify,files/remote/cdn.shopify.com/4935421662437.jpg,0
4935421662482,https://cdn.shopify.com/s/files/1/0679/9792/5684/files/H993775.jpg?v=1740631247,cdn.shopify.com,shopify,files/remote/cdn.shopify.com/4935421662482.jpg,0
4935421665810,https://cdn.shopify.com/s/files/1/0679/9792/5684/files/B116322.jpg?v=1740629369,cdn.shopify.com,shopify,files/remote/cdn.shopify.com/4935421665810.jpg,0
4935421665889,https://cdn.shopify.com/s/files/1/0679/9792/5684/files/F454451.jpg?v=1740629365,cdn.shopify.com,shopify,files/remote/cdn.shopify.com/4935421665889.jpg,0
4935421665940,https://cdn.shopify.com/s/files/1/0679/9792/5684/files/P089229.jpg?v=1740629361,cdn.shopify.com,shopify,files/remote/cdn.shopify.com/4935421665940.jpg,0
4935421665995,https://cdn.shopify.com/s/files/1/0679/9792/5684/files/V301866.jpg?v=1740630923,cdn.shopify.com,shopify,files/remote/cdn.shopify.com/4935421665995.jpg,0
4935421666008,https://cdn.shopify.com/s/files/1/0679/9792/5684/files/P861223.jpg?v=1740630919,cdn.shopify.com,shopify,files/remote/cdn.shopify.com/4935421666008.jpg,0
4935421666022,https://cdn.shopify.com/s/files/1/0679/9792/5684/files/T724272.jpg?v=1740630927,cdn.shopify.com,shopify,files/remote/cdn.shopify.com/4935421666022.jpg,0
4935421670111,https://cdn.shopify.com/s/files/1/0679/9792/5684/files/Z089429.jpg?v=1740629381,cdn.shopify.com,shopify,files/remote/cdn.shopify.com/4935421670111.jpg,0
4935421690898,https://cdn.shopify.com/s/files/1/0679/9792/5684/files/T914253.jpg?v=1740632461,cdn.shopify.com,shopify,files/remote/cdn.shopify.com/4935421690898.jpg,0
4935421691857,https://cdn.shopify.com/s/files/1/0679/9792/5684/files/J373681.jpg?v=1740630010,cdn.shopify.com,shopify,files/remote/cdn.shopify.com/4935421691857.jpg,0
4935421691871,https://cdn.shopify.com/s/files/1/0679/9792/5684/files/T684268.jpg?v=1740630006,cdn.shopify.com,shopify,files/remote/cdn.shopify.com/4935421691871.jpg,0
4935421699020,https://cdn.shopify.com/s/files/1/0679/9792/5684/files/B706320.jpg?v=1740632457,cdn.shopify.com,shopify,files/remote/cdn.shopify.com/4935421699020.jpg,0
4935421707749,https://cdn.shopify.com/s/files/1/0679/9792/5684/files/V421641.jpg?v=1740632480,cdn.shopify.com,shopify,files/remote/cdn.shopify.com/4935421707749.jpg,0
4935421707794,https://cdn.shopify.com/s/files/1/0679/9792/5684/files/N633296.jpg?v=1740632465,cdn.shopify.com,shopify,files/remote/cdn.shopify.com/4935421707794.jpg,0
4935421707800,https://cdn.shopify.com/s/files/1/0679/9792/5684/files/B496323.jpg?v=1740632475,cdn.shopify.com,shopify,files/remote/cdn.shopify.com/4935421707800.jpg,0
4935421707817,https://cdn.shopify.com/s/files/1/0679/9792/5684/files/N047297.jpg?v=1740632470,cdn.shopify.com,shopify,files/remote/cdn.shopify.com/4935421707817.jpg,0
4935421740692,https://cdn.shopify.com/s/files/1/0679/9792/5684/products/4935421740692-9-1.jpg?v=1671834832,cdn.shopify.com,shopify,files/remote/cdn.shopify.com/4935421740692.jpg,0
49398031074,https://cdn.shopify.com/s/files/1/0679/9792/5684/files/E235220.jpg?v=1740612593,cdn.shopify.com,shopify,files/remote/cdn.shopify.com/49398031074.jpg,0
49398031128,https://cdn.shopify.com/s/files/1/0679/9792/5684/files/P248610.jpg?v=1740612590,cdn.shopify.com,shopify,files/remote/cdn.shopify.com/49398031128.jpg,0
4973167228715,https://www.oceanfragrances.com/Foto/4973167228715.jpg,www.oceanfragrances.com,oceanfragrances,files/remote/www.oceanfragrances.com/4973167228715.jpg,0
4973167257494,https://www.oceanfragrances.com/Foto/4973167257494.jpg,www.oceanfragrances.com,oceanfragrances,files/remote/www.oceanfragrances.com/4973167257494.jpg,0
4973167294284,https://www.oceanfragrances.com/Foto/4973167294284.jpg,www.oceanfragrances.com,oceanfragrances,files/remote/www.oceanfragrances.com/4973167294284.jpg,0
4973167501023,https://cdn.shopify.com/s/files/1/0679/9792/5684/files/E451484.jpg?v=1740627707,cdn.shopify.com,shopify,files/remote/cdn.shopify.com/4973167501023.jpg,0
4973167903148,https://www.oceanfragrances.com/Foto/4973167903148.jpg,www.oceanfragrances.com,oceanfragrances,files/remote/www.oceanfragrances.com/4973167903148.jpg,0
4973167943519,https://cdn.shopify.com/s/files/1/0679/9792/5684/files/F011751.jpg?v=1740629456,cdn.shopify.com,shopify,files/remote/cdn.shopify.com/4973167943519.jpg,0
4992944849493,https://cdn.shopify.com/s/files/1/0679/9792/5684/files/Z749420.jpg?v=1740626846,cdn.shopify.com,shopify,files/remote/cdn.shopify.com/4992944849493.jpg,0
5000167340457,https://cdn.shopify.com/s/files/1/0679/9792/5684/files/T174279.jpg?v=1740630752,cdn.shopify.com,shopify,files/remote/cdn.shopify.com/5000167340457.jpg,0
5000167340488,https://cdn.shopify.com/s/files/1/0679/9792/5684/files/F583551.jpg?v=1740630762,cdn.shopify.com,shopify,files/remote/cdn.shopify.com/5000167340488.jpg,0
5000167340495,https://cdn.shopify.com/s/files/1/0679/9792/5684/files/P671231.jpg?v=1740630769,cdn.shopify.com,shopify,files/remote/cdn.shopify.com/5000167340495.jpg,0
5000167340501,https://cdn.shopify.com/s/files/1/0679/9792/5684/files/Z671431.jpg?v=1740630766,cdn.shopify.com,shopify,files/remote/cdn.shopify.com/5000167340501.jpg,0
5000386001047,https://cdn.shopify.com/s/files/1/0679/9792/5684/files/V31239.jpg?v=1740615589,cdn.shopify.com,shopify,files/remote/cdn.shopify.com/5000386001047.jpg,0
5000386004628,https://cdn.shopify.com/s/files/1/0679/9792/5684/files/P274.jpg?v=1740615568,cdn.shopify.com,shopify,files/remote/cdn.shopify.com/5000386004628.jpg,0
5000386008466,https://cdn.shopify.com/s/files/1/0679/9792/5684/files/Q43451.jpg?v=1740615585,cdn.shopify.com,shopify,files/remote/cdn.shopify.com/5000386008466.jpg,0
5000386018366,https://cdn.shopify.com/s/files/1/0679/9792/5684/files/P87224.jpg?v=1740637036,cdn.shopify.com,shopify,files/remote/cdn.shopify.com/5000386018366.jpg,0
5000386024596,https://cdn.shopify.com/s/files/1/0679/9792/5684/files/L4252.jpg?v=1740615572,cdn.shopify.com,shopify,files/remote/cdn.shopify.com/5000386024596.jpg,0
5000386101310,https://cdn.shopify.com/s/files/1/0679/9792/5684/files/U91213.jpg?v=1740615599,cdn.shopify.com,shopify,files/remote/cdn.shopify.com/5000386101310.jpg,0
5000386111838,https://cdn.shopify.com/s/files/1/0679/9792/5684/files/R38212.jpg?v=1740615579,cdn.shopify.com,shopify,files/remote/cdn.shopify.com/5000386111838.jpg,0
5000386120359,https://cdn.shopify.com/s/files/1/0679/9792/5684/files/L21595.jpg?v=1740615582,cdn.shopify.com,shopify,files/remote/cdn.shopify.com/5000386120359.jpg,0
5000386142948,https://cdn.shopify.com/s/files/1/0679/9792/5684/files/V241929.jpg?v=1740631592,cdn.shopify.com,shopify,files/remote/cdn.shopify.com/5000386142948.jpg,0
5000386147745,https://cdn.shopify.com/s/files/1/0679/9792/5684/files/D0260.jpg?v=1740615592,cdn.shopify.com,shopify,files/remote/cdn.shopify.com/5000386147745.jpg,0
5000386148155,https://cdn.shopify.com/s/files/1/0679/9792/5684/files/B16458.jpg?v=1740637040,cdn.shopify.com,shopify,files/remote/cdn.shopify.com/5000386148155.jpg,0
5000386292872,https://cdn.shopify.com/s/files/1/0679/9792/5684/files/G882614.jpg?v=1740637034,cdn.shopify.com,shopify,files/remote/cdn.shopify.com/5000386292872.jpg,0
5000386296412,https://cdn.shopify.com/s/files/1/0679/9792/5684/files/P71221.jpg?v=1740634932,cdn.shopify.com,shopify,files/remote/cdn.shopify.com/5000386296412.jpg,0
5011321772335,https://images.btswholesaler.com/imgs/productos_cosmetica/imagenes/5011321772335.webp,images.btswholesaler.com,bts_cdn,files/remote/images.btswholesaler.com/5011321772335.webp,0
5011807054153,https://cdn.shopify.com/s/files/1/0679/9792/5684/files/U368217.jpg?v=1740637359,cdn.shopify.com,shopify,files/remote/cdn.shopify.com/5011807054153.jpg,0
5012209042441,https://cdn.shopify.com/s/files/1/0679/9792/5684/files/O1534.jpg?v=1740610397,cdn.shopify.com,shopify,files/remote/cdn.shopify.com/5012209042441.jpg,0
5012583105091,https://images.btswholesaler.com/imgs/productos_cosmetica/imagenes/5012583105091.webp,images.btswholesaler.com,bts_cdn,files/remote/images.btswholesaler.com/5012583105091.webp,0
5012874212262,https://cdn.shopify.com/s/files/1/0679/9792/5684/files/Z7425.jpg?v=1740618236,cdn.shopify.com,shopify,files/remote/cdn.shopify.com/5012874212262.jpg,0
5012874248872,https://cdn.shopify.com/s/files/1/0679/9792/5684/files/C1948.jpg?v=1740618205,cdn.shopify.com,shopify,files/remote/cdn.shopify.com/5012874248872.jpg,0
5013692250214,https://cdn.shopify.com/s/files/1/0679/9792/5684/files/B436455.jpg?v=1740634351,cdn.shopify.com,shopify,files/remote/cdn.shopify.com/5013692250214.jpg,0
5013692253338,https://cdn.shopify.com/s/files/1/0679/9792/5684/files/L526078.jpg?v=1740635145,cdn.shopify.com,shopify,files/remote/cdn.shopify.com/5013692253338.jpg,0
5013692253369,https://cdn.shopify.com/s/files/1/0679/9792/5684/files/N6773213.jpg?v=1740635141,cdn.shopify.com,shopify,files/remote/cdn.shopify.com/5013692253369.jpg,0
5013692253413,https://cdn.shopify.com/s/files/1/0679/9792/5684/files/Z395430.jpg?v=1740635137,cdn.shopify.com,shopify,files/remote/cdn.shopify.com/5013692253413.jpg,0
5013692253505,https://cdn.shopify.com/s/files/1/0679/9792/5684/files/J519781.jpg?v=1740637337,cdn.shopify.com,shopify,files/remote/cdn.shopify.com/5013692253505.jpg,0
5013692253536,https://cdn.shopify.com/s/files/1/0679/9792/5684/files/T884275.jpg?v=1740637330,cdn.shopify.com,shopify,files/remote/cdn.shopify.com/5013692253536.jpg,0
5013692253543,https://cdn.shopify.com/s/files/1/0679/9792/5684/files/J517681.jpg?v=1740637326,cdn.shopify.com,shopify,files/remote/cdn.shopify.com/5013692253543.jpg,0
5013692260619,https://cdn.shopify.com/s/files/1/0679/9792/5684/files/F567751.jpg?v=1740635133,cdn.shopify.com,shopify,files/remote/cdn.shopify.com/5013692260619.jpg,0
5013692263191,https://cdn.shopify.com/s/files/1/0679/9792/5684/files/T469277.jpg?v=1740634355,cdn.shopify.com,shopify,files/remote/cdn.shopify.com/5013692263191.jpg,0
5014697031860,https://images.btswholesaler.com/imgs/productos_cosmetica/imagenes/5060322953472.webp,images.btswholesaler.com,bts_cdn,files/remote/images.btswholesaler.com/5014697031860.webp,0
5014697033765,https://cdn.shopify.com/s/files/1/0679/9792/5684/files/H63274.jpg?v=1740616781,cdn.shopify.com,shopify,files/remote/cdn.shopify.com/5014697033765.jpg,0
5014697033802,https://cdn.shopify.com/s/files/1/0679/9792/5684/files/J7407.jpg?v=1740636068,cdn.shopify.com,shopify,files/remote/cdn.shopify.com/5014697033802.jpg,0
5014697034625,https://cdn.shopify.com/s/files/1/0679/9792/5684/files/F7677.jpg?v=1740616816,cdn.shopify.com,shopify,files/remote/cdn.shopify.com/5014697034625.jpg,0
5014697034663,https://cdn.shopify.com/s/files/1/0679/9792/5684/files/B22233.jpg?v=1740636086,cdn.shopify.com,shopify,files/remote/cdn.shopify.com/5014697034663.jpg,0
5014697037800,https://cdn.shopify.com/s/files/1/0679/9792/5684/files/R05031.jpg?v=1740616777,cdn.shopify.com,shopify,files/remote/cdn.shopify.com/5014697037800.jpg,0
5014697038647,https://cdn.shopify.com/s/files/1/0679/9792/5684/files/V41946.jpg?v=1740637247,cdn.shopify.com,shopify,files/remote/cdn.shopify.com/5014697038647.jpg,0
5014697038661,https://cdn.shopify.com/s/files/1/0679/9792/5684/files/C81674.jpg?v=1740637224,cdn.shopify.com,shopify,files/remote/cdn.shopify.com/5014697038661.jpg,0
5014697050014,https://cdn.shopify.com/s/files/1/0679/9792/5684/files/S78144.jpg?v=1740616784,cdn.shopify.com,shopify,files/remote/cdn.shopify.com/5014697050014.jpg,0
5014697050045,https://cdn.shopify.com/s/files/1/0679/9792/5684/files/P53615.jpg?v=1740616819,cdn.shopify.com,shopify,files/remote/cdn.shopify.com/5014697050045.jpg,0
5014697050335,https://cdn.shopify.com/s/files/1/0679/9792/5684/files/C89864.jpg?v=1740638006,cdn.shopify.com,shopify,files/remote/cdn.shopify.com/5014697050335.jpg,0
5014697050403,https://cdn.shopify.com/s/files/1/0679/9792/5684/files/O46612.jpg?v=1740637994,cdn.shopify.com,shopify,files/remote/cdn.shopify.com/5014697050403.jpg,0
5017101031616,https://cdn.shopify.com/s/files/1/0679/9792/5684/files/J7607.jpg?v=1740636065,cdn.shopify.com,shopify,files/remote/cdn.shopify.com/5017101031616.jpg,0
5017101031654,https://cdn.shopify.com/s/files/1/0679/9792/5684/files/P51615.jpg?v=1740637423,cdn.shopify.com,shopify,files/remote/cdn.shopify.com/5017101031654.jpg,0
5017101035225,https://cdn.shopify.com/s/files/1/0679/9792/5684/files/W17756.jpg?v=1740635000,cdn.shopify.com,shopify,files/remote/cdn.shopify.com/5017101035225.jpg,0
5017101052772,https://cdn.shopify.com/s/files/1/0679/9792/5684/files/V61914.jpg?v=1740637068,cdn.shopify.com,shopify,files/remote/cdn.shopify.com/5017101052772.jpg,0
5017101634282,https://cdn.shopify.com/s/files/1/0679/9792/5684/files/H65674.jpg?v=1740616774,cdn.shopify.com,shopify,files/remote/cdn.shopify.com/5017101634282.jpg,0
5017371134222,https://cdn.shopify.com/s/files/1/0679/9792/5684/files/Z305430.jpg?v=1740637957,cdn.shopify.com,shopify,files/remote/cdn.shopify.com/5017371134222.jpg,0
5017371138886,https://cdn.shopify.com/s/files/1/0679/9792/5684/files/V241908.jpg?v=1740626506,cdn.shopify.com,shopify,files/remote/cdn.shopify.com/5017371138886.jpg,0
5018632009389,https://cdn.shopify.com/s/files/1/0679/9792/5684/files/P451230.jpg?v=1740629577,cdn.shopify.com,shopify,files/remote/cdn.shopify.com/5018632009389.jpg,0
5018632141928,https://cdn.shopify.com/s/files/1/0679/9792/5684/files/P001231.jpg?v=1740633158,cdn.shopify.com,shopify,files/remote/cdn.shopify.com/5018632141928.jpg,0
5018632141966,https://cdn.shopify.com/s/files/1/0679/9792/5684/files/Z001431.jpg?v=1740633155,cdn.shopify.com,shopify,files/remote/cdn.shopify.com/5018632141966.jpg,0
5018632200991,https://cdn.shopify.com/s/files/1/0679/9792/5684/files/N7025213.jpg?v=1740633162,cdn.shopify.com,shopify,files/remote/cdn.shopify.com/5018632200991.jpg,0
5022479500510,https://cdn.shopify.com/s/files/1/0679/9792/5684/files/D6748.jpg?v=1740612838,cdn.shopify.com,shopify,files/remote/cdn.shopify.com/5022479500510.jpg,0
5022479502965,https://cdn.shopify.com/s/files/1/0679/9792/5684/files/R129029.jpg?v=1740622225,cdn.shopify.com,shopify,files/remote/cdn.shopify.com/5022479502965.jpg,0
5022545131273,https://cdn.shopify.com/s/files/1/0679/9792/5684/files/F539951.jpg?v=1740634372,cdn.shopify.com,shopify,files/remote/cdn.shopify.com/5022545131273.jpg,0
5022545139170,https://cdn.shopify.com/s/files/1/0679/9792/5684/files/D1566108.jpg?v=1740637296,cdn.shopify.com,shopify,files/remote/cdn.shopify.com/5022545139170.jpg,0
5022545142774,https://cdn.shopify.com/s/files/1/0679/9792/5684/files/T499277.jpg?v=1740634364,cdn.shopify.com,shopify,files/remote/cdn.shopify.com/5022545142774.jpg,0
5022545146291,https://cdn.shopify.com/s/files/1/0679/9792/5684/files/V021927.jpg?v=1740634360,cdn.shopify.com,shopify,files/remote/cdn.shopify.com/5022545146291.jpg,0
5022545151158,https://cdn.shopify.com/s/files/1/0679/9792/5684/files/D4156108.jpg?v=1740626742,cdn.shopify.com,shopify,files/remote/cdn.shopify.com/5022545151158.jpg,0
5023977600269,https://cdn.shopify.com/s/files/1/0679/9792/5684/files/F35951.jpg?v=1740636432,cdn.shopify.com,shopify,files/remote/cdn.shopify.com/5023977600269.jpg,0
5025135111341,https://cdn.shopify.com/s/files/1/0679/9792/5684/files/L24749.jpg?v=1740638036,cdn.shopify.com,shopify,files/remote/cdn.shopify.com/5025135111341.jpg,0
5025135113758,https://cdn.shopify.com/s/files/1/0679/9792/5684/files/O88934.jpg?v=1740638254,cdn.shopify.com,shopify,files/remote/cdn.shopify.com/5025135113758.jpg,0
5025352002781,https://cdn.shopify.com/s/files/1/0679/9792/5684/files/P187228.jpg?v=1740637560,cdn.shopify.com,shopify,files/remote/cdn.shopify.com/5025352002781.jpg,0
5025352121604,https://cdn.shopify.com/s/files/1/0679/9792/5684/files/L325633.jpg?v=1740634076,cdn.shopify.com,shopify,files/remote/cdn.shopify.com/5025352121604.jpg,0
5025352126586,https://cdn.shopify.com/s/files/1/0679/9792/5684/files/B526422.jpg?v=1740637545,cdn.shopify.com,shopify,files/remote/cdn.shopify.com/5025352126586.jpg,0
5025352161600,https://cdn.shopify.com/s/files/1/0679/9792/5684/files/V821844.jpg?v=1740634102,cdn.shopify.com,shopify,files/remote/cdn.shopify.com/5025352161600.jpg,0
5025352168135,https://cdn.shopify.com/s/files/1/0679/9792/5684/files/J408081.jpg?v=1740634109,cdn.shopify.com,shopify,files/remote/cdn.shopify.com/5025352168135.jpg,0
5026445000332,https://cdn.shopify.com/s/files/1/0679/9792/5684/files/P37231.jpg?v=1740621033,cdn.shopify.com,shopify,files/remote/cdn.shopify.com/5026445000332.jpg,0
5026445000349,https://cdn.shopify.com/s/files/1/0679/9792/5684/files/L03118.jpg?v=1740621030,cdn.shopify.com,shopify,files/remote/cdn.shopify.com/5026445000349.jpg,0
5026445002817,https://cdn.shopify.com/s/files/1/0679/9792/5684/files/Z447426.jpg?v=1740626211,cdn.shopify.com,shopify,files/remote/cdn.shopify.com/5026445002817.jpg,0
5026445004507,https://cdn.shopify.com/s/files/1/0679/9792/5684/files/T449278.jpg?v=1740626673,cdn.shopify.com,shopify,files/remote/cdn.shopify.com/5026445004507.jpg,0
5030805002621,https://cdn.shopify.com/s/files/1/0679/9792/5684/files/W594318.jpg?v=1740635356,cdn.shopify.com,shopify,files/remote/cdn.shopify.com/5030805002621.jpg,0
5030805002782,https://cdn.shopify.com/s/files/1/0679/9792/5684/products/008080088086-1.jpg?v=1671840452,cdn.shopify.com,shopify,files/remote/cdn.shopify.com/5030805002782.jpg,0
5030805002829,https://cdn.shopify.com/s/files/1/0679/9792/5684/products/008080086655-1.jpg?v=1671840578,cdn.shopify.com,shopify,files/remote/cdn.shopify.com/5030805002829.jpg,0
5030805002904,https://cdn.shopify.com/s/files/1/0679/9792/5684/products/008080086693-1.jpg?v=1671840574,cdn.shopify.com,shopify,files/remote/cdn.shopify.com/5030805002904.jpg,0
5030805003468,https://cdn.shopify.com/s/files/1/0679/9792/5684/products/008080088406-1.jpg?v=1671840477,cdn.shopify.com,shopify,files/remote/cdn.shopify.com/5030805003468.jpg,0
5030805003581,https://cdn.shopify.com/s/files/1/0679/9792/5684/products/008080088321-1.jpg?v=1671840622,cdn.shopify.com,shopify,files/remote/cdn.shopify.com/5030805003581.jpg,0
5030805003604,https://cdn.shopify.com/s/files/1/0679/9792/5684/products/008080087362-1.jpg?v=1671840627,cdn.shopify.com,shopify,files/remote/cdn.shopify.com/5030805003604.jpg,0
5030805003642,https://cdn.shopify.com/s/files/1/0679/9792/5684/products/008080111951-1.jpg?v=1671840617,cdn.shopify.com,shopify,files/remote/cdn.shopify.com/5030805003642.jpg,0
5038633040013,https://cdn.shopify.com/s/files/1/0679/9792/5684/files/Z23427.jpg?v=1740633680,cdn.shopify.com,shopify,files/remote/cdn.shopify.com/5038633040013.jpg,0
5038633040020,https://cdn.shopify.com/s/files/1/0679/9792/5684/files/P23227.jpg?v=1740633670,cdn.shopify.com,shopify,files/remote/cdn.shopify.com/5038633040020.jpg,0
5038633040099,https://cdn.shopify.com/s/files/1/0679/9792/5684/files/V41817.jpg?v=1740633677,cdn.shopify.com,shopify,files/remote/cdn.shopify.com/5038633040099.jpg,0
5038633040129,https://cdn.shopify.com/s/files/1/0679/9792/5684/files/L25445.jpg?v=1740633683,cdn.shopify.com,shopify,files/remote/cdn.shopify.com/5038633040129.jpg,0
5038633040136,https://cdn.shopify.com/s/files/1/0679/9792/5684/files/B96408.jpg?v=1740633673,cdn.shopify.com,shopify,files/remote/cdn.shopify.com/5038633040136.jpg,0
5038633040181,https://cdn.shopify.com/s/files/1/0679/9792/5684/files/V81813.jpg?v=1740633645,cdn.shopify.com,shopify,files/remote/cdn.shopify.com/5038633040181.jpg,0
5038633040204,https://cdn.shopify.com/s/files/1/0679/9792/5684/files/L26097.jpg?v=1740633660,cdn.shopify.com,shopify,files/remote/cdn.shopify.com/5038633040204.jpg,0
5038633040211,https://cdn.shopify.com/s/files/1/0679/9792/5684/files/L25429.jpg?v=1740633638,cdn.shopify.com,shopify,files/remote/cdn.shopify.com/5038633040211.jpg,0
5038633040235,https://cdn.shopify.com/s/files/1/0679/9792/5684/files/P13227.jpg?v=1740633652,cdn.shopify.com,shopify,files/remote/cdn.shopify.com/5038633040235.jpg,0
5038633040266,https://cdn.shopify.com/s/files/1/0679/9792/5684/files/B26457.jpg?v=1740633663,cdn.shopify.com,shopify,files/remote/cdn.shopify.com/5038633040266.jpg,0
5038633040273,https://cdn.shopify.com/s/files/1/0679/9792/5684/files/Z13427.jpg?v=1740633635,cdn.shopify.com,shopify,files/remote/cdn.shopify.com/5038633040273.jpg,0
5038633040280,https://cdn.shopify.com/s/files/1/0679/9792/5684/files/J35681.jpg?v=1740633649,cdn.shopify.com,shopify,files/remote/cdn.shopify.com/5038633040280.jpg,0
5038633040303,https://cdn.shopify.com/s/files/1/0679/9792/5684/files/D86949.jpg?v=1740633642,cdn.shopify.com,shopify,files/remote/cdn.shopify.com/5038633040303.jpg,0
5038633040310,https://cdn.shopify.com/s/files/1/0679/9792/5684/files/N213212.jpg?v=1740633686,cdn.shopify.com,shopify,files/remote/cdn.shopify.com/5038633040310.jpg,0
5038633040327,https://cdn.shopify.com/s/files/1/0679/9792/5684/files/L25453.jpg?v=1740633666,cdn.shopify.com,shopify,files/remote/cdn.shopify.com/5038633040327.jpg,0
5038633042116,https://cdn.shopify.com/s/files/1/0679/9792/5684/files/S09243.jpg?v=1740614189,cdn.shopify.com,shopify,files/remote/cdn.shopify.com/5038633042116.jpg,0
5038633042260,https://cdn.shopify.com/s/files/1/0679/9792/5684/files/D96951.jpg?v=1740614180,cdn.shopify.com,shopify,files/remote/cdn.shopify.com/5038633042260.jpg,0
5038633042345,https://cdn.shopify.com/s/files/1/0679/9792/5684/files/D06982.jpg?v=1740636449,cdn.shopify.com,shopify,files/remote/cdn.shopify.com/5038633042345.jpg,0
5038633042550,https://cdn.shopify.com/s/files/1/0679/9792/5684/files/W73756.jpg?v=1740634741,cdn.shopify.com,shopify,files/remote/cdn.shopify.com/5038633042550.jpg,0
5038633042758,https://cdn.shopify.com/s/files/1/0679/9792/5684/files/T89269.jpg?v=1740614184,cdn.shopify.com,shopify,files/remote/cdn.shopify.com/5038633042758.jpg,0
5038633042796,https://cdn.shopify.com/s/files/1/0679/9792/5684/files/D56978.jpg?v=1740636452,cdn.shopify.com,shopify,files/remote/cdn.shopify.com/5038633042796.jpg,0
5038633043281,https://cdn.shopify.com/s/files/1/0679/9792/5684/files/J41781.jpg?v=1740629434,cdn.shopify.com,shopify,files/remote/cdn.shopify.com/5038633043281.jpg,0
5038633043632,https://cdn.shopify.com/s/files/1/0679/9792/5684/files/F38151.jpg?v=1740636439,cdn.shopify.com,shopify,files/remote/cdn.shopify.com/5038633043632.jpg,0
5038633043694,https://cdn.shopify.com/s/files/1/0679/9792/5684/files/T59268.jpg?v=1740636436,cdn.shopify.com,shopify,files/remote/cdn.shopify.com/5038633043694.jpg,0
5038633043908,https://cdn.shopify.com/s/files/1/0679/9792/5684/files/B312222.jpg?v=1740614177,cdn.shopify.com,shopify,files/remote/cdn.shopify.com/5038633043908.jpg,0
5038633043939,https://cdn.shopify.com/s/files/1/0679/9792/5684/files/V633444.jpg?v=1740614193,cdn.shopify.com,shopify,files/remote/cdn.shopify.com/5038633043939.jpg,0
5038633043946,https://cdn.shopify.com/s/files/1/0679/9792/5684/files/Z821814.jpg?v=1740614196,cdn.shopify.com,shopify,files/remote/cdn.shopify.com/5038633043946.jpg,0
5038633043953,https://cdn.shopify.com/s/files/1/0679/9792/5684/files/D176117.jpg?v=1740614187,cdn.shopify.com,shopify,files/remote/cdn.shopify.com/5038633043953.jpg,0
5038633630009,https://cdn.shopify.com/s/files/1/0679/9792/5684/files/C281854.jpg?v=1740632693,cdn.shopify.com,shopify,files/remote/cdn.shopify.com/5038633630009.jpg,0
50398706,https://cdn.shopify.com/s/files/1/0679/9792/5684/files/B917277.jpg?v=1740627259,cdn.shopify.com,shopify,files/remote/cdn.shopify.com/50398706.jpg,0
5045413442585,https://cdn.shopify.com/s/files/1/0679/9792/5684/files/T439253.jpg?v=1740632779,cdn.shopify.com,shopify,files/remote/cdn.shopify.com/5045413442585.jpg,0
5045460832810,https://cdn.shopify.com/s/files/1/0679/9792/5684/files/G433853.jpg?v=1740637877,cdn.shopify.com,shopify,files/remote/cdn.shopify.com/5045460832810.jpg,0
5045492043413,https://cdn.shopify.com/s/files/1/0679/9792/5684/files/T167726.jpg?v=1740627376,cdn.shopify.com,shopify,files/remote/cdn.shopify.com/5045492043413.jpg,0
5045551783557,https://cdn.shopify.com/s/files/1/0679/9792/5684/files/L603018.jpg?v=1740628408,cdn.shopify.com,shopify,files/remote/cdn.shopify.com/5045551783557.jpg,0
5045552456207,https://cdn.shopify.com/s/files/1/0679/9792/5684/files/F54677.jpg?v=1740633762,cdn.shopify.com,shopify,files/remote/cdn.shopify.com/5045552456207.jpg,0
5050013006549,https://cdn.shopify.com/s/files/1/0679/9792/5684/files/P830611.jpg?v=1740628151,cdn.shopify.com,shopify,files/remote/cdn.shopify.com/5050013006549.jpg,0
5050013007966,https://cdn.shopify.com/s/files/1/0679/9792/5684/files/T297727.jpg?v=1740628594,cdn.shopify.com,shopify,files/remote/cdn.shopify.com/5050013007966.jpg,0
5050013027810,https://cdn.shopify.com/s/files/1/0679/9792/5684/files/L525460.jpg?v=1740627234,cdn.shopify.com,shopify,files/remote/cdn.shopify.com/5050013027810.jpg,0
5050456000036,https://cdn.shopify.com/s/files/1/0679/9792/5684/files/M914429.jpg?v=1740612014,cdn.shopify.com,shopify,files/remote/cdn.shopify.com/5050456000036.jpg,0
5050456000074,https://cdn.shopify.com/s/files/1/0679/9792/5684/files/V201777.jpg?v=1740613073,cdn.shopify.com,shopify,files/remote/cdn.shopify.com/5050456000074.jpg,0
5050456000104,https://cdn.shopify.com/s/files/1/0679/9792/5684/files/T39268.jpg?v=1740612011,cdn.shopify.com,shopify,files/remote/cdn.shopify.com/5050456000104.jpg,0
5050456000265,https://cdn.shopify.com/s/files/1/0679/9792/5684/files/S109245.jpg?v=1740611966,cdn.shopify.com,shopify,files/remote/cdn.shopify.com/5050456000265.jpg,0
5050456000555,https://cdn.shopify.com/s/files/1/0679/9792/5684/files/V003564.jpg?v=1740611938,cdn.shopify.com,shopify,files/remote/cdn.shopify.com/5050456000555.jpg,0
5050456001538,https://cdn.shopify.com/s/files/1/0679/9792/5684/files/T469253.jpg?v=1740612963,cdn.shopify.com,shopify,files/remote/cdn.shopify.com/5050456001538.jpg,0
5050456001545,https://cdn.shopify.com/s/files/1/0679/9792/5684/files/D576748.jpg?v=1740612972,cdn.shopify.com,shopify,files/remote/cdn.shopify.com/5050456001545.jpg,0
5050456003778,https://cdn.shopify.com/s/files/1/0679/9792/5684/files/J051281.jpg?v=1740617912,cdn.shopify.com,shopify,files/remote/cdn.shopify.com/5050456003778.jpg,0
5050456003785,https://cdn.shopify.com/s/files/1/0679/9792/5684/files/T564252.jpg?v=1740609930,cdn.shopify.com,shopify,files/remote/cdn.shopify.com/5050456003785.jpg,0
5050456005994,https://cdn.shopify.com/s/files/1/0679/9792/5684/files/J469581.jpg?v=1740611923,cdn.shopify.com,shopify,files/remote/cdn.shopify.com/5050456005994.jpg,0
5050456006076,https://cdn.shopify.com/s/files/1/0679/9792/5684/files/P08278.jpg?v=1740611920,cdn.shopify.com,shopify,files/remote/cdn.shopify.com/5050456006076.jpg,0
5050456006090,https://cdn.shopify.com/s/files/1/0679/9792/5684/files/V841878.jpg?v=1740611969,cdn.shopify.com,shopify,files/remote/cdn.shopify.com/5050456006090.jpg,0
5050456007837,https://cdn.shopify.com/s/files/1/0679/9792/5684/files/L925858.jpg?v=1740611926,cdn.shopify.com,shopify,files/remote/cdn.shopify.com/5050456007837.jpg,0
5050456010493,https://cdn.shopify.com/s/files/1/0679/9792/5684/files/A035452.jpg?v=1740637497,cdn.shopify.com,shopify,files/remote/cdn.shopify.com/5050456010493.jpg,0
5050456020676,https://cdn.shopify.com/s/files/1/0679/9792/5684/files/N084215.jpg?v=1740612878,cdn.shopify.com,shopify,files/remote/cdn.shopify.com/5050456020676.jpg,0
5050456021680,https://cdn.shopify.com/s/files/1/0679/9792/5684/files/J521281.jpg?v=1740612856,cdn.shopify.com,shopify,files/remote/cdn.shopify.com/5050456021680.jpg,0
5050456021932,https://cdn.shopify.com/s/files/1/0679/9792/5684/files/T064276.jpg?v=1740612860,cdn.shopify.com,shopify,files/remote/cdn.shopify.com/5050456021932.jpg,0
5050456044443,https://cdn.shopify.com/s/files/1/0679/9792/5684/files/V151224.jpg?v=1740612960,cdn.shopify.com,shopify,files/remote/cdn.shopify.com/5050456044443.jpg,0
5050456082803,https://cdn.shopify.com/s/files/1/0679/9792/5684/files/P101614.jpg?v=1740613030,cdn.shopify.com,shopify,files/remote/cdn.shopify.com/5050456082803.jpg,0
5050456120802,https://cdn.shopify.com/s/files/1/0679/9792/5684/files/N767549.jpg?v=1740612864,cdn.shopify.com,shopify,files/remote/cdn.shopify.com/5050456120802.jpg,0
5050456120901,https://cdn.shopify.com/s/files/1/0679/9792/5684/files/T647727.jpg?v=1740612868,cdn.shopify.com,shopify,files/remote/cdn.shopify.com/5050456120901.jpg,0
5050456312047,https://cdn.shopify.com/s/files/1/0679/9792/5684/files/B1974.jpg?v=1740611929,cdn.shopify.com,shopify,files/remote/cdn.shopify.com/5050456312047.jpg,0
5050456522729,https://cdn.shopify.com/s/files/1/0679/9792/5684/products/688575134483-9.jpg?v=1671880432,cdn.shopify.com,shopify,files/remote/cdn.shopify.com/5050456522729.jpg,0
5050456522750,https://cdn.shopify.com/s/files/1/0679/9792/5684/products/688575003642-9.jpg?v=1671880472,cdn.shopify.com,shopify,files/remote/cdn.shopify.com/5050456522750.jpg,0
5050456522767,https://cdn.shopify.com/s/files/1/0679/9792/5684/products/688575134476-9.jpg?v=1671880425,cdn.shopify.com,shopify,files/remote/cdn.shopify.com/5050456522767.jpg,0
5050456522774,https://cdn.shopify.com/s/files/1/0679/9792/5684/products/688575003666-9.jpg?v=1671880464,cdn.shopify.com,shopify,files/remote/cdn.shopify.com/5050456522774.jpg,0
5050456522798,https://cdn.shopify.com/s/files/1/0679/9792/5684/files/Z976811.jpg?v=1740617895,cdn.shopify.com,shopify,files/remote/cdn.shopify.com/5050456522798.jpg,0
5050456522828,https://cdn.shopify.com/s/files/1/0679/9792/5684/files/P218610.jpg?v=1740634537,cdn.shopify.com,shopify,files/remote/cdn.shopify.com/5050456522828.jpg,0
5050456523757,https://cdn.shopify.com/s/files/1/0679/9792/5684/files/Q439.jpg?v=1740609940,cdn.shopify.com,shopify,files/remote/cdn.shopify.com/5050456523757.jpg,0
5050456998593,https://cdn.shopify.com/s/files/1/0679/9792/5684/files/F379051.jpg?v=1740623209,cdn.shopify.com,shopify,files/remote/cdn.shopify.com/5050456998593.jpg,0
5050456998630,https://cdn.shopify.com/s/files/1/0679/9792/5684/files/J379081.jpg?v=1740623217,cdn.shopify.com,shopify,files/remote/cdn.shopify.com/5050456998630.jpg,0
5050456998654,https://cdn.shopify.com/s/files/1/0679/9792/5684/files/D9126101.jpg?v=1740623213,cdn.shopify.com,shopify,files/remote/cdn.shopify.com/5050456998654.jpg,0
5050456999859,https://cdn.shopify.com/s/files/1/0679/9792/5684/files/J558881.jpg?v=1740637679,cdn.shopify.com,shopify,files/remote/cdn.shopify.com/5050456999859.jpg,0
5051198670013,https://cdn.shopify.com/s/files/1/0679/9792/5684/files/A667837.jpg?v=1740623792,cdn.shopify.com,shopify,files/remote/cdn.shopify.com/5051198670013.jpg,0
5051198840034,https://cdn.shopify.com/s/files/1/0679/9792/5684/files/N1669214.jpg?v=1740623785,cdn.shopify.com,shopify,files/remote/cdn.shopify.com/5051198840034.jpg,0
5051389020078,https://cdn.shopify.com/s/files/1/0679/9792/5684/files/T50237.jpg?v=1740615565,cdn.shopify.com,shopify,files/remote/cdn.shopify.com/5051389020078.jpg,0
5051389044821,https://cdn.shopify.com/s/files/1/0679/9792/5684/files/L326023.jpg?v=1740634770,cdn.shopify.com,shopify,files/remote/cdn.shopify.com/5051389044821.jpg,0
5051389044838,https://cdn.shopify.com/s/files/1/0679/9792/5684/files/V501903.jpg?v=1740634763,cdn.shopify.com,shopify,files/remote/cdn.shopify.com/5051389044838.jpg,0
5051389044852,https://cdn.shopify.com/s/files/1/0679/9792/5684/files/Z603423.jpg?v=1740634773,cdn.shopify.com,shopify,files/remote/cdn.shopify.com/5051389044852.jpg,0
5051389044869,https://cdn.shopify.com/s/files/1/0679/9792/5684/files/F505851.jpg?v=1740634786,cdn.shopify.com,shopify,files/remote/cdn.shopify.com/5051389044869.jpg,0
5051389044883,https://cdn.shopify.com/s/files/1/0679/9792/5684/files/P468610.jpg?v=1740634793,cdn.shopify.com,shopify,files/remote/cdn.shopify.com/5051389044883.jpg,0
5051389044890,https://cdn.shopify.com/s/files/1/0679/9792/5684/files/J23455.jpg?v=1740634829,cdn.shopify.com,shopify,files/remote/cdn.shopify.com/5051389044890.jpg,0
5051389044906,https://cdn.shopify.com/s/files/1/0679/9792/5684/files/B102216.jpg?v=1740634821,cdn.shopify.com,shopify,files/remote/cdn.shopify.com/5051389044906.jpg,0
5051389044913,https://cdn.shopify.com/s/files/1/0679/9792/5684/files/J473281.jpg?v=1740634811,cdn.shopify.com,shopify,files/remote/cdn.shopify.com/5051389044913.jpg,0
5051389044920,https://cdn.shopify.com/s/files/1/0679/9792/5684/files/X707418.jpg?v=1740634776,cdn.shopify.com,shopify,files/remote/cdn.shopify.com/5051389044920.jpg,0
5051389044944,https://cdn.shopify.com/s/files/1/0679/9792/5684/files/N8322212.jpg?v=1740634790,cdn.shopify.com,shopify,files/remote/cdn.shopify.com/5051389044944.jpg,0
5054076512405,https://cdn.shopify.com/s/files/1/0679/9792/5684/files/P714610.jpg?v=1740619435,cdn.shopify.com,shopify,files/remote/cdn.shopify.com/5054076512405.jpg,0
5054076514003,https://cdn.shopify.com/s/files/1/0679/9792/5684/files/L126154.jpg?v=1740619440,cdn.shopify.com,shopify,files/remote/cdn.shopify.com/5054076514003.jpg,0
5054076514201,https://cdn.shopify.com/s/files/1/0679/9792/5684/files/D05391.jpg?v=1740619444,cdn.shopify.com,shopify,files/remote/cdn.shopify.com/5054076514201.jpg,0
50544684,https://cdn.shopify.com/s/files/1/0679/9792/5684/files/A500752.jpg?v=1740629954,cdn.shopify.com,shopify,files/remote/cdn.shopify.com/50544684.jpg,0
5055116606276,https://cdn.shopify.com/s/files/1/0679/9792/5684/files/S513198.jpg?v=1740613263,cdn.shopify.com,shopify,files/remote/cdn.shopify.com/5055116606276.jpg,0
5055116606368,https://cdn.shopify.com/s/files/1/0679/9792/5684/files/F141951.jpg?v=1740620093,cdn.shopify.com,shopify,files/remote/cdn.shopify.com/5055116606368.jpg,0
5055116606375,https://cdn.shopify.com/s/files/1/0679/9792/5684/files/B576342.jpg?v=1740613785,cdn.shopify.com,shopify,files/remote/cdn.shopify.com/5055116606375.jpg,0
5055116606597,https://cdn.shopify.com/s/files/1/0679/9792/5684/files/P839222.jpg?v=1740620097,cdn.shopify.com,shopify,files/remote/cdn.shopify.com/5055116606597.jpg,0
5055116606603,https://cdn.shopify.com/s/files/1/0679/9792/5684/files/D326799.jpg?v=1740615423,cdn.shopify.com,shopify,files/remote/cdn.shopify.com/5055116606603.jpg,0
5055116606610,https://cdn.shopify.com/s/files/1/0679/9792/5684/files/L803786.jpg?v=1740613267,cdn.shopify.com,shopify,files/remote/cdn.shopify.com/5055116606610.jpg,0
5055116606627,https://cdn.shopify.com/s/files/1/0679/9792/5684/files/T556246.jpg?v=1740636409,cdn.shopify.com,shopify,files/remote/cdn.shopify.com/5055116606627.jpg,0
5055116606634,https://cdn.shopify.com/s/files/1/0679/9792/5684/files/J31129.jpg?v=1740636405,cdn.shopify.com,shopify,files/remote/cdn.shopify.com/5055116606634.jpg,0
5055193524616,https://cdn.shopify.com/s/files/1/0679/9792/5684/files/F42351.jpg?v=1740616929,cdn.shopify.com,shopify,files/remote/cdn.shopify.com/5055193524616.jpg,0
5055193538293,https://cdn.shopify.com/s/files/1/0679/9792/5684/files/R556221.jpg?v=1740633892,cdn.shopify.com,shopify,files/remote/cdn.shopify.com/5055193538293.jpg,0
5055193538378,https://cdn.shopify.com/s/files/1/0679/9792/5684/files/T642727.jpg?v=1740632739,cdn.shopify.com,shopify,files/remote/cdn.shopify.com/5055193538378.jpg,0
5055193538620,https://cdn.shopify.com/s/files/1/0679/9792/5684/files/E371524.jpg?v=1740632742,cdn.shopify.com,shopify,files/remote/cdn.shopify.com/5055193538620.jpg,0
5055193538989,https://cdn.shopify.com/s/files/1/0679/9792/5684/files/Q143207.jpg?v=1740638138,cdn.shopify.com,shopify,files/remote/cdn.shopify.com/5055193538989.jpg,0
5055193539962,https://cdn.shopify.com/s/files/1/0679/9792/5684/files/S329247.jpg?v=1740638122,cdn.shopify.com,shopify,files/remote/cdn.shopify.com/5055193539962.jpg,0
5055193539986,https://cdn.shopify.com/s/files/1/0679/9792/5684/files/H576274.jpg?v=1740638159,cdn.shopify.com,shopify,files/remote/cdn.shopify.com/5055193539986.jpg,0
5055193540111,https://cdn.shopify.com/s/files/1/0679/9792/5684/files/V633420.jpg?v=1740638145,cdn.shopify.com,shopify,files/remote/cdn.shopify.com/5055193540111.jpg,0
5055193540562,https://cdn.shopify.com/s/files/1/0679/9792/5684/files/D654637.jpg?v=1740638132,cdn.shopify.com,shopify,files/remote/cdn.shopify.com/5055193540562.jpg,0
5055193540579,https://cdn.shopify.com/s/files/1/0679/9792/5684/files/U488216.jpg?v=1740638128,cdn.shopify.com,shopify,files/remote/cdn.shopify.com/5055193540579.jpg,0
5055193540586,https://cdn.shopify.com/s/files/1/0679/9792/5684/files/I770885.jpg?v=1740638135,cdn.shopify.com,shopify,files/remote/cdn.shopify.com/5055193540586.jpg,0
5055193540616,https://cdn.shopify.com/s/files/1/0679/9792/5684/files/I770185.jpg?v=1740638125,cdn.shopify.com,shopify,files/remote/cdn.shopify.com/5055193540616.jpg,0
5055193541811,https://cdn.shopify.com/s/files/1/0679/9792/5684/files/X203758.jpg?v=1740638162,cdn.shopify.com,shopify,files/remote/cdn.shopify.com/5055193541811.jpg,0
5055193541958,https://cdn.shopify.com/s/files/1/0679/9792/5684/files/C563556.jpg?v=1740629478,cdn.shopify.com,shopify,files/remote/cdn.shopify.com/5055193541958.jpg,0
5055193542009,https://cdn.shopify.com/s/files/1/0679/9792/5684/files/Q894344.jpg?v=1740637489,cdn.shopify.com,shopify,files/remote/cdn.shopify.com/5055193542009.jpg,0
5055193542177,https://cdn.shopify.com/s/files/1/0679/9792/5684/files/L203687.jpg?v=1740627977,cdn.shopify.com,shopify,files/remote/cdn.shopify.com/5055193542177.jpg,0
5055193542184,https://cdn.shopify.com/s/files/1/0679/9792/5684/files/X403737.jpg?v=1740627980,cdn.shopify.com,shopify,files/remote/cdn.shopify.com/5055193542184.jpg,0
5055193542337,https://cdn.shopify.com/s/files/1/0679/9792/5684/files/L803736.jpg?v=1740631279,cdn.shopify.com,shopify,files/remote/cdn.shopify.com/5055193542337.jpg,0
5055193542382,https://cdn.shopify.com/s/files/1/0679/9792/5684/files/D184685.jpg?v=1740638149,cdn.shopify.com,shopify,files/remote/cdn.shopify.com/5055193542382.jpg,0
5055193544270,https://cdn.shopify.com/s/files/1/0679/9792/5684/files/T574253.jpg?v=1740632732,cdn.shopify.com,shopify,files/remote/cdn.shopify.com/5055193544270.jpg,0
5055193544294,https://cdn.shopify.com/s/files/1/0679/9792/5684/files/F484951.jpg?v=1740629516,cdn.shopify.com,shopify,files/remote/cdn.shopify.com/5055193544294.jpg,0
5055193544331,https://cdn.shopify.com/s/files/1/0679/9792/5684/files/D166786.jpg?v=1740628344,cdn.shopify.com,shopify,files/remote/cdn.shopify.com/5055193544331.jpg,0
5055193544355,https://cdn.shopify.com/s/files/1/0679/9792/5684/files/B936336.jpg?v=1740629204,cdn.shopify.com,shopify,files/remote/cdn.shopify.com/5055193544355.jpg,0
5055193544362,https://cdn.shopify.com/s/files/1/0679/9792/5684/files/L524492.jpg?v=1740629111,cdn.shopify.com,shopify,files/remote/cdn.shopify.com/5055193544362.jpg,0
5055193544447,https://cdn.shopify.com/s/files/1/0679/9792/5684/files/V981660.jpg?v=1740633938,cdn.shopify.com,shopify,files/remote/cdn.shopify.com/5055193544447.jpg,0
5055193544478,https://cdn.shopify.com/s/files/1/0679/9792/5684/files/T084255.jpg?v=1740633942,cdn.shopify.com,shopify,files/remote/cdn.shopify.com/5055193544478.jpg,0
5055193544591,https://cdn.shopify.com/s/files/1/0679/9792/5684/files/L924616.jpg?v=1740638153,cdn.shopify.com,shopify,files/remote/cdn.shopify.com/5055193544591.jpg,0
5055193544683,https://cdn.shopify.com/s/files/1/0679/9792/5684/files/L724565.jpg?v=1740629508,cdn.shopify.com,shopify,files/remote/cdn.shopify.com/5055193544683.jpg,0
5055193544720,https://cdn.shopify.com/s/files/1/0679/9792/5684/files/L524892.jpg?v=1740629600,cdn.shopify.com,shopify,files/remote/cdn.shopify.com/5055193544720.jpg,0
5055193544874,https://cdn.shopify.com/s/files/1/0679/9792/5684/files/P881224.jpg?v=1740635506,cdn.shopify.com,shopify,files/remote/cdn.shopify.com/5055193544874.jpg,0
5055193545079,https://cdn.shopify.com/s/files/1/0679/9792/5684/files/B166428.jpg?v=1740636641,cdn.shopify.com,shopify,files/remote/cdn.shopify.com/5055193545079.jpg,0
5055193545482,https://cdn.shopify.com/s/files/1/0679/9792/5684/files/F274951.jpg?v=1740638142,cdn.shopify.com,shopify,files/remote/cdn.shopify.com/5055193545482.jpg,0
5055193545529,https://cdn.shopify.com/s/files/1/0679/9792/5684/files/N6486212.jpg?v=1740634297,cdn.shopify.com,shopify,files/remote/cdn.shopify.com/5055193545529.jpg,0
5055193545536,https://cdn.shopify.com/s/files/1/0679/9792/5684/files/T824262.jpg?v=1740634300,cdn.shopify.com,shopify,files/remote/cdn.shopify.com/5055193545536.jpg,0
5055193545543,https://cdn.shopify.com/s/files/1/0679/9792/5684/files/B956376.jpg?v=1740633735,cdn.shopify.com,shopify,files/remote/cdn.shopify.com/5055193545543.jpg,0
5055193545550,https://cdn.shopify.com/s/files/1/0679/9792/5684/files/B626421.jpg?v=1740633902,cdn.shopify.com,shopify,files/remote/cdn.shopify.com/5055193545550.jpg,0
5055193545635,https://cdn.shopify.com/s/files/1/0679/9792/5684/files/V221784.jpg?v=1740631323,cdn.shopify.com,shopify,files/remote/cdn.shopify.com/5055193545635.jpg,0
5055193545659,https://cdn.shopify.com/s/files/1/0679/9792/5684/files/B476400.jpg?v=1740627195,cdn.shopify.com,shopify,files/remote/cdn.shopify.com/5055193545659.jpg,0
5055193545673,https://cdn.shopify.com/s/files/1/0679/9792/5684/files/N7729211.jpg?v=1740633913,cdn.shopify.com,shopify,files/remote/cdn.shopify.com/5055193545673.jpg,0
5055193545697,https://cdn.shopify.com/s/files/1/0679/9792/5684/files/V261843.jpg?v=1740633956,cdn.shopify.com,shopify,files/remote/cdn.shopify.com/5055193545697.jpg,0
5055193545802,https://cdn.shopify.com/s/files/1/0679/9792/5684/files/Z141426.jpg?v=1740629505,cdn.shopify.com,shopify,files/remote/cdn.shopify.com/5055193545802.jpg,0
5055193545819,https://cdn.shopify.com/s/files/1/0679/9792/5684/files/B896400.jpg?v=1740633732,cdn.shopify.com,shopify,files/remote/cdn.shopify.com/5055193545819.jpg,0
5055193545840,https://cdn.shopify.com/s/files/1/0679/9792/5684/files/L725437.jpg?v=1740631621,cdn.shopify.com,shopify,files/remote/cdn.shopify.com/5055193545840.jpg,0
5055193545857,https://cdn.shopify.com/s/files/1/0679/9792/5684/files/V661815.jpg?v=1740631618,cdn.shopify.com,shopify,files/remote/cdn.shopify.com/5055193545857.jpg,0
5055193545918,https://cdn.shopify.com/s/files/1/0679/9792/5684/files/P189227.jpg?v=1740629392,cdn.shopify.com,shopify,files/remote/cdn.shopify.com/5055193545918.jpg,0
5055193545925,https://cdn.shopify.com/s/files/1/0679/9792/5684/files/Z189427.jpg?v=1740629395,cdn.shopify.com,shopify,files/remote/cdn.shopify.com/5055193545925.jpg,0
5055193545956,https://cdn.shopify.com/s/files/1/0679/9792/5684/files/F359451.jpg?v=1740638168,cdn.shopify.com,shopify,files/remote/cdn.shopify.com/5055193545956.jpg,0
5055193545970,https://cdn.shopify.com/s/files/1/0679/9792/5684/files/F365051.jpg?v=1740633899,cdn.shopify.com,shopify,files/remote/cdn.shopify.com/5055193545970.jpg,0
5055193546212,https://cdn.shopify.com/s/files/1/0679/9792/5684/files/B096438.jpg?v=1740636647,cdn.shopify.com,shopify,files/remote/cdn.shopify.com/5055193546212.jpg,0
5055193547103,https://cdn.shopify.com/s/files/1/0679/9792/5684/files/V601932.jpg?v=1740629488,cdn.shopify.com,shopify,files/remote/cdn.shopify.com/5055193547103.jpg,0
5055193547219,https://cdn.shopify.com/s/files/1/0679/9792/5684/files/B846438.jpg?v=1740632712,cdn.shopify.com,shopify,files/remote/cdn.shopify.com/5055193547219.jpg,0
5055193547226,https://cdn.shopify.com/s/files/1/0679/9792/5684/files/D6756102.jpg?v=1740632735,cdn.shopify.com,shopify,files/remote/cdn.shopify.com/5055193547226.jpg,0
5055193547264,https://cdn.shopify.com/s/files/1/0679/9792/5684/files/L925850.jpg?v=1740632716,cdn.shopify.com,shopify,files/remote/cdn.shopify.com/5055193547264.jpg,0
5055193547349,https://cdn.shopify.com/s/files/1/0679/9792/5684/files/T564274.jpg?v=1740629491,cdn.shopify.com,shopify,files/remote/cdn.shopify.com/5055193547349.jpg,0
5055193547356,https://cdn.shopify.com/s/files/1/0679/9792/5684/files/L325965.jpg?v=1740631313,cdn.shopify.com,shopify,files/remote/cdn.shopify.com/5055193547356.jpg,0
5055193547363,https://cdn.shopify.com/s/files/1/0679/9792/5684/files/N4217213.jpg?v=1740633967,cdn.shopify.com,shopify,files/remote/cdn.shopify.com/5055193547363.jpg,0
5055193547387,https://cdn.shopify.com/s/files/1/0679/9792/5684/files/V801894.jpg?v=1740631344,cdn.shopify.com,shopify,files/remote/cdn.shopify.com/5055193547387.jpg,0
5055193547394,https://cdn.shopify.com/s/files/1/0679/9792/5684/files/Z829429.jpg?v=1740633926,cdn.shopify.com,shopify,files/remote/cdn.shopify.com/5055193547394.jpg,0
5055193547417,https://cdn.shopify.com/s/files/1/0679/9792/5684/files/T574274.jpg?v=1740633945,cdn.shopify.com,shopify,files/remote/cdn.shopify.com/5055193547417.jpg,0
5055193547448,https://cdn.shopify.com/s/files/1/0679/9792/5684/files/N4235213.jpg?v=1740633963,cdn.shopify.com,shopify,files/remote/cdn.shopify.com/5055193547448.jpg,0
5055193547462,https://cdn.shopify.com/s/files/1/0679/9792/5684/files/B456447.jpg?v=1740633923,cdn.shopify.com,shopify,files/remote/cdn.shopify.com/5055193547462.jpg,0
5055193547486,https://cdn.shopify.com/s/files/1/0679/9792/5684/files/P827229.jpg?v=1740633916,cdn.shopify.com,shopify,files/remote/cdn.shopify.com/5055193547486.jpg,0
5055193547493,https://cdn.shopify.com/s/files/1/0679/9792/5684/files/L525784.jpg?v=1740621971,cdn.shopify.com,shopify,files/remote/cdn.shopify.com/5055193547493.jpg,0
5055193547509,https://cdn.shopify.com/s/files/1/0679/9792/5684/files/V681867.jpg?v=1740621975,cdn.shopify.com,shopify,files/remote/cdn.shopify.com/5055193547509.jpg,0
5055193547660,https://cdn.shopify.com/s/files/1/0679/9792/5684/files/T249276.jpg?v=1740637975,cdn.shopify.com,shopify,files/remote/cdn.shopify.com/5055193547660.jpg,0
5055193547677,https://cdn.shopify.com/s/files/1/0679/9792/5684/files/J524981.jpg?v=1740631789,cdn.shopify.com,shopify,files/remote/cdn.shopify.com/5055193547677.jpg,0
5055193547691,https://cdn.shopify.com/s/files/1/0679/9792/5684/files/J484181.jpg?v=1740627983,cdn.shopify.com,shopify,files/remote/cdn.shopify.com/5055193547691.jpg,0
5055193547769,https://cdn.shopify.com/s/files/1/0679/9792/5684/files/P207231.jpg?v=1740631295,cdn.shopify.com,shopify,files/remote/cdn.shopify.com/5055193547769.jpg,0
5055193547967,https://cdn.shopify.com/s/files/1/0679/9792/5684/files/L126300.jpg?v=1740635503,cdn.shopify.com,shopify,files/remote/cdn.shopify.com/5055193547967.jpg,0
5055193548001,https://cdn.shopify.com/s/files/1/0679/9792/5684/files/N4280213.jpg?v=1740633934,cdn.shopify.com,shopify,files/remote/cdn.shopify.com/5055193548001.jpg,0
5055193548049,https://cdn.shopify.com/s/files/1/0679/9792/5684/files/L125966.jpg?v=1740629474,cdn.shopify.com,shopify,files/remote/cdn.shopify.com/5055193548049.jpg,0
5055193548070,https://images.btswholesaler.com/imgs/productos_cosmetica/imagenes/5055193548070.webp,images.btswholesaler.com,bts_cdn,files/remote/images.btswholesaler.com/5055193548070.webp,0
5055193548087,https://cdn.shopify.com/s/files/1/0679/9792/5684/files/Z113430.jpg?v=1740635497,cdn.shopify.com,shopify,files/remote/cdn.shopify.com/5055193548087.jpg,0
5055193548179,https://cdn.shopify.com/s/files/1/0679/9792/5684/files/B176463.jpg?v=1740631792,cdn.shopify.com,shopify,files/remote/cdn.shopify.com/5055193548179.jpg,0
5055193548193,https://cdn.shopify.com/s/files/1/0679/9792/5684/files/P087231.jpg?v=1740632729,cdn.shopify.com,shopify,files/remote/cdn.shopify.com/5055193548193.jpg,0
5055193548292,https://cdn.shopify.com/s/files/1/0679/9792/5684/files/T289275.jpg?v=1740631287,cdn.shopify.com,shopify,files/remote/cdn.shopify.com/5055193548292.jpg,0
5055193548322,https://cdn.shopify.com/s/files/1/0679/9792/5684/files/B746451.jpg?v=1740631612,cdn.shopify.com,shopify,files/remote/cdn.shopify.com/5055193548322.jpg,0
5055193548377,https://cdn.shopify.com/s/files/1/0679/9792/5684/files/L726283.jpg?v=1740635631,cdn.shopify.com,shopify,files/remote/cdn.shopify.com/5055193548377.jpg,0
5055193548551,https://cdn.shopify.com/s/files/1/0679/9792/5684/files/L326283.jpg?v=1740637988,cdn.shopify.com,shopify,files/remote/cdn.shopify.com/5055193548551.jpg,0
5055193548605,https://cdn.shopify.com/s/files/1/0679/9792/5684/files/F549551.jpg?v=1740636619,cdn.shopify.com,shopify,files/remote/cdn.shopify.com/5055193548605.jpg,0
5055193548650,https://cdn.shopify.com/s/files/1/0679/9792/5684/files/P615230.jpg?v=1740631275,cdn.shopify.com,shopify,files/remote/cdn.shopify.com/5055193548650.jpg,0
5055193548728,https://cdn.shopify.com/s/files/1/0679/9792/5684/files/Z571430.jpg?v=1740634313,cdn.shopify.com,shopify,files/remote/cdn.shopify.com/5055193548728.jpg,0
5055193548759,https://cdn.shopify.com/s/files/1/0679/9792/5684/files/J557381.jpg?v=1740626513,cdn.shopify.com,shopify,files/remote/cdn.shopify.com/5055193548759.jpg,0
5055193549121,https://cdn.shopify.com/s/files/1/0679/9792/5684/files/P439230.jpg?v=1740638070,cdn.shopify.com,shopify,files/remote/cdn.shopify.com/5055193549121.jpg,0
5055193549138,https://cdn.shopify.com/s/files/1/0679/9792/5684/files/Z439430.jpg?v=1740638067,cdn.shopify.com,shopify,files/remote/cdn.shopify.com/5055193549138.jpg,0
5055193549282,https://cdn.shopify.com/s/files/1/0679/9792/5684/files/V081933.jpg?v=1740629108,cdn.shopify.com,shopify,files/remote/cdn.shopify.com/5055193549282.jpg,0
5055193549305,https://cdn.shopify.com/s/files/1/0679/9792/5684/files/J548581.jpg?v=1740632530,cdn.shopify.com,shopify,files/remote/cdn.shopify.com/5055193549305.jpg,0
5055193549312,https://cdn.shopify.com/s/files/1/0679/9792/5684/files/F563851.jpg?v=1740633974,cdn.shopify.com,shopify,files/remote/cdn.shopify.com/5055193549312.jpg,0
5055193549329,https://cdn.shopify.com/s/files/1/0679/9792/5684/files/B586464.jpg?v=1740631302,cdn.shopify.com,shopify,files/remote/cdn.shopify.com/5055193549329.jpg,0
5055193549381,https://cdn.shopify.com/s/files/1/0679/9792/5684/files/N1831214.jpg?v=1740621979,cdn.shopify.com,shopify,files/remote/cdn.shopify.com/5055193549381.jpg,0
5055193549398,https://cdn.shopify.com/s/files/1/0679/9792/5684/files/B776472.jpg?v=1740636671,cdn.shopify.com,shopify,files/remote/cdn.shopify.com/5055193549398.jpg,0
5055193549435,https://cdn.shopify.com/s/files/1/0679/9792/5684/files/T024279.jpg?v=1740624226,cdn.shopify.com,shopify,files/remote/cdn.shopify.com/5055193549435.jpg,0
5055193549459,https://cdn.shopify.com/s/files/1/0679/9792/5684/files/Z433431.jpg?v=1740633978,cdn.shopify.com,shopify,files/remote/cdn.shopify.com/5055193549459.jpg,0
5055193549466,https://cdn.shopify.com/s/files/1/0679/9792/5684/files/B486471.jpg?v=1740631606,cdn.shopify.com,shopify,files/remote/cdn.shopify.com/5055193549466.jpg,0
5055193549473,https://cdn.shopify.com/s/files/1/0679/9792/5684/files/V921942.jpg?v=1740634316,cdn.shopify.com,shopify,files/remote/cdn.shopify.com/5055193549473.jpg,0
5055193549480,https://cdn.shopify.com/s/files/1/0679/9792/5684/files/F571551.jpg?v=1740631347,cdn.shopify.com,shopify,files/remote/cdn.shopify.com/5055193549480.jpg,0
5055193549565,https://cdn.shopify.com/s/files/1/0679/9792/5684/files/D7246109.jpg?v=1740629115,cdn.shopify.com,shopify,files/remote/cdn.shopify.com/5055193549565.jpg,0
5055193549640,https://cdn.shopify.com/s/files/1/0679/9792/5684/files/F580651.jpg?v=1740631320,cdn.shopify.com,shopify,files/remote/cdn.shopify.com/5055193549640.jpg,0
5055193549657,https://cdn.shopify.com/s/files/1/0679/9792/5684/files/P613231.jpg?v=1740634306,cdn.shopify.com,shopify,files/remote/cdn.shopify.com/5055193549657.jpg,0
5055312910085,https://cdn.shopify.com/s/files/1/0679/9792/5684/files/L4772.jpg?v=1740622149,cdn.shopify.com,shopify,files/remote/cdn.shopify.com/5055312910085.jpg,0
5055654017206,https://cdn.shopify.com/s/files/1/0679/9792/5684/files/O64512.jpg?v=1740631439,cdn.shopify.com,shopify,files/remote/cdn.shopify.com/5055654017206.jpg,0
5055654017213,https://cdn.shopify.com/s/files/1/0679/9792/5684/files/C081058.jpg?v=1740631436,cdn.shopify.com,shopify,files/remote/cdn.shopify.com/5055654017213.jpg,0
5055654017220,https://cdn.shopify.com/s/files/1/0679/9792/5684/files/M871415.jpg?v=1740631433,cdn.shopify.com,shopify,files/remote/cdn.shopify.com/5055654017220.jpg,0
5055654021371,https://cdn.shopify.com/s/files/1/0679/9792/5684/files/E131554.jpg?v=1740631411,cdn.shopify.com,shopify,files/remote/cdn.shopify.com/5055654021371.jpg,0
5055654021395,https://cdn.shopify.com/s/files/1/0679/9792/5684/files/U511213.jpg?v=1740631422,cdn.shopify.com,shopify,files/remote/cdn.shopify.com/5055654021395.jpg,0
5055654021401,https://cdn.shopify.com/s/files/1/0679/9792/5684/files/A079786.jpg?v=1740631382,cdn.shopify.com,shopify,files/remote/cdn.shopify.com/5055654021401.jpg,0
5055654021425,https://cdn.shopify.com/s/files/1/0679/9792/5684/files/O75586.jpg?v=1740631394,cdn.shopify.com,shopify,files/remote/cdn.shopify.com/5055654021425.jpg,0
5055654021432,https://cdn.shopify.com/s/files/1/0679/9792/5684/files/S683202.jpg?v=1740631430,cdn.shopify.com,shopify,files/remote/cdn.shopify.com/5055654021432.jpg,0
5055654021449,https://cdn.shopify.com/s/files/1/0679/9792/5684/files/O75486.jpg?v=1740631364,cdn.shopify.com,shopify,files/remote/cdn.shopify.com/5055654021449.jpg,0
5055654021456,https://cdn.shopify.com/s/files/1/0679/9792/5684/files/S653202.jpg?v=1740631379,cdn.shopify.com,shopify,files/remote/cdn.shopify.com/5055654021456.jpg,0
5055654021470,https://cdn.shopify.com/s/files/1/0679/9792/5684/files/S713202.jpg?v=1740631371,cdn.shopify.com,shopify,files/remote/cdn.shopify.com/5055654021470.jpg,0
5055654021487,https://cdn.shopify.com/s/files/1/0679/9792/5684/files/G542840.jpg?v=1740631403,cdn.shopify.com,shopify,files/remote/cdn.shopify.com/5055654021487.jpg,0
5055654021494,https://cdn.shopify.com/s/files/1/0679/9792/5684/files/E611540.jpg?v=1740631386,cdn.shopify.com,shopify,files/remote/cdn.shopify.com/5055654021494.jpg,0
5055654021500,https://cdn.shopify.com/s/files/1/0679/9792/5684/files/A080686.jpg?v=1740631414,cdn.shopify.com,shopify,files/remote/cdn.shopify.com/5055654021500.jpg,0
5055654021517,https://cdn.shopify.com/s/files/1/0679/9792/5684/files/Y575607.jpg?v=1740633520,cdn.shopify.com,shopify,files/remote/cdn.shopify.com/5055654021517.jpg,0
5055654021524,https://cdn.shopify.com/s/files/1/0679/9792/5684/files/S533202.jpg?v=1740631426,cdn.shopify.com,shopify,files/remote/cdn.shopify.com/5055654021524.jpg,0
5055654021531,https://cdn.shopify.com/s/files/1/0679/9792/5684/files/Q643376.jpg?v=1740631407,cdn.shopify.com,shopify,files/remote/cdn.shopify.com/5055654021531.jpg,0
5055654021555,https://cdn.shopify.com/s/files/1/0679/9792/5684/files/I725644.jpg?v=1740631418,cdn.shopify.com,shopify,files/remote/cdn.shopify.com/5055654021555.jpg,0
5055654021562,https://cdn.shopify.com/s/files/1/0679/9792/5684/files/O92686.jpg?v=1740631390,cdn.shopify.com,shopify,files/remote/cdn.shopify.com/5055654021562.jpg,0
5055654021579,https://cdn.shopify.com/s/files/1/0679/9792/5684/files/G518840.jpg?v=1740631375,cdn.shopify.com,shopify,files/remote/cdn.shopify.com/5055654021579.jpg,0
5055654021586,https://cdn.shopify.com/s/files/1/0679/9792/5684/files/Y115608.jpg?v=1740631368,cdn.shopify.com,shopify,files/remote/cdn.shopify.com/5055654021586.jpg,0
5055654023566,https://cdn.shopify.com/s/files/1/0679/9792/5684/files/E891547.jpg?v=1740608815,cdn.shopify.com,shopify,files/remote/cdn.shopify.com/5055654023566.jpg,0
5055654023597,https://cdn.shopify.com/s/files/1/0679/9792/5684/files/Q894452.jpg?v=1740637873,cdn.shopify.com,shopify,files/remote/cdn.shopify.com/5055654023597.jpg,0
5055654023603,https://cdn.shopify.com/s/files/1/0679/9792/5684/files/A015238.jpg?v=1740637881,cdn.shopify.com,shopify,files/remote/cdn.shopify.com/5055654023603.jpg,0
5055654023627,https://cdn.shopify.com/s/files/1/0679/9792/5684/files/W338762.jpg?v=1740637869,cdn.shopify.com,shopify,files/remote/cdn.shopify.com/5055654023627.jpg,0
5055654023641,https://cdn.shopify.com/s/files/1/0679/9792/5684/files/C163562.jpg?v=1740637865,cdn.shopify.com,shopify,files/remote/cdn.shopify.com/5055654023641.jpg,0
5055654025768,https://cdn.shopify.com/s/files/1/0679/9792/5684/files/P215615.jpg?v=1740608812,cdn.shopify.com,shopify,files/remote/cdn.shopify.com/5055654025768.jpg,0
5055654031370,https://cdn.shopify.com/s/files/1/0679/9792/5684/files/Y55596.jpg?v=1740621190,cdn.shopify.com,shopify,files/remote/cdn.shopify.com/5055654031370.jpg,0
5055654036849,https://cdn.shopify.com/s/files/1/0679/9792/5684/files/A871237.jpg?v=1740614382,cdn.shopify.com,shopify,files/remote/cdn.shopify.com/5055654036849.jpg,0
5056131800847,https://cdn.shopify.com/s/files/1/0679/9792/5684/files/Q143175.jpg?v=1740633294,cdn.shopify.com,shopify,files/remote/cdn.shopify.com/5056131800847.jpg,0
5056131802568,https://cdn.shopify.com/s/files/1/0679/9792/5684/files/V143544.jpg?v=1740637961,cdn.shopify.com,shopify,files/remote/cdn.shopify.com/5056131802568.jpg,0
5056131803756,https://cdn.shopify.com/s/files/1/0679/9792/5684/files/T844269.jpg?v=1740635742,cdn.shopify.com,shopify,files/remote/cdn.shopify.com/5056131803756.jpg,0
5056131803763,https://cdn.shopify.com/s/files/1/0679/9792/5684/files/P909227.jpg?v=1740635777,cdn.shopify.com,shopify,files/remote/cdn.shopify.com/5056131803763.jpg,0
5056131803770,https://cdn.shopify.com/s/files/1/0679/9792/5684/files/T769269.jpg?v=1740635781,cdn.shopify.com,shopify,files/remote/cdn.shopify.com/5056131803770.jpg,0
5056179300675,https://cdn.shopify.com/s/files/1/0679/9792/5684/files/T901248.jpg?v=1740636048,cdn.shopify.com,shopify,files/remote/cdn.shopify.com/5056179300675.jpg,0
5056179301474,https://cdn.shopify.com/s/files/1/0679/9792/5684/files/J18329.jpg?v=1740616755,cdn.shopify.com,shopify,files/remote/cdn.shopify.com/5056179301474.jpg,0
5056179301528,https://cdn.shopify.com/s/files/1/0679/9792/5684/files/H690775.jpg?v=1740637256,cdn.shopify.com,shopify,files/remote/cdn.shopify.com/5056179301528.jpg,0
5056179301542,https://cdn.shopify.com/s/files/1/0679/9792/5684/files/R299036.jpg?v=1740616763,cdn.shopify.com,shopify,files/remote/cdn.shopify.com/5056179301542.jpg,0
5056179301597,https://cdn.shopify.com/s/files/1/0679/9792/5684/files/T931246.jpg?v=1740616766,cdn.shopify.com,shopify,files/remote/cdn.shopify.com/5056179301597.jpg,0
5056179301702,https://cdn.shopify.com/s/files/1/0679/9792/5684/files/B547284.jpg?v=1740637253,cdn.shopify.com,shopify,files/remote/cdn.shopify.com/5056179301702.jpg,0
5056179301719,https://cdn.shopify.com/s/files/1/0679/9792/5684/files/L525424.jpg?v=1740636926,cdn.shopify.com,shopify,files/remote/cdn.shopify.com/5056179301719.jpg,0
5056179301726,https://cdn.shopify.com/s/files/1/0679/9792/5684/files/F342451.jpg?v=1740636929,cdn.shopify.com,shopify,files/remote/cdn.shopify.com/5056179301726.jpg,0
5056179301733,https://cdn.shopify.com/s/files/1/0679/9792/5684/files/P849226.jpg?v=1740636923,cdn.shopify.com,shopify,files/remote/cdn.shopify.com/5056179301733.jpg,0
5056179303492,https://cdn.shopify.com/s/files/1/0679/9792/5684/files/B427296.jpg?v=1740637441,cdn.shopify.com,shopify,files/remote/cdn.shopify.com/5056179303492.jpg,0
5056179303508,https://cdn.shopify.com/s/files/1/0679/9792/5684/files/N905888.jpg?v=1740637463,cdn.shopify.com,shopify,files/remote/cdn.shopify.com/5056179303508.jpg,0
5056179303515,https://cdn.shopify.com/s/files/1/0679/9792/5684/files/H928375.jpg?v=1740637438,cdn.shopify.com,shopify,files/remote/cdn.shopify.com/5056179303515.jpg,0
5056179303843,https://cdn.shopify.com/s/files/1/0679/9792/5684/files/B436320.jpg?v=1740616770,cdn.shopify.com,shopify,files/remote/cdn.shopify.com/5056179303843.jpg,0
5056179305212,https://cdn.shopify.com/s/files/1/0679/9792/5684/files/B466470.jpg?v=1740637277,cdn.shopify.com,shopify,files/remote/cdn.shopify.com/5056179305212.jpg,0
5056179305229,https://cdn.shopify.com/s/files/1/0679/9792/5684/files/N1138214.jpg?v=1740637287,cdn.shopify.com,shopify,files/remote/cdn.shopify.com/5056179305229.jpg,0
5056179305236,https://cdn.shopify.com/s/files/1/0679/9792/5684/files/D7736109.jpg?v=1740637283,cdn.shopify.com,shopify,files/remote/cdn.shopify.com/5056179305236.jpg,0
5056179305243,https://cdn.shopify.com/s/files/1/0679/9792/5684/files/B526470.jpg?v=1740637267,cdn.shopify.com,shopify,files/remote/cdn.shopify.com/5056179305243.jpg,0
5056179305250,https://cdn.shopify.com/s/files/1/0679/9792/5684/files/T409278.jpg?v=1740637280,cdn.shopify.com,shopify,files/remote/cdn.shopify.com/5056179305250.jpg,0
5056217807401,https://cdn.shopify.com/s/files/1/0679/9792/5684/files/L924458.jpg?v=1740628816,cdn.shopify.com,shopify,files/remote/cdn.shopify.com/5056217807401.jpg,0
5056245021268,https://cdn.shopify.com/s/files/1/0679/9792/5684/files/D735382.jpg?v=1740615079,cdn.shopify.com,shopify,files/remote/cdn.shopify.com/5056245021268.jpg,0
5056264704753,https://cdn.shopify.com/s/files/1/0679/9792/5684/files/Z597421.jpg?v=1740627913,cdn.shopify.com,shopify,files/remote/cdn.shopify.com/5056264704753.jpg,0
5056307346803,https://cdn.shopify.com/s/files/1/0679/9792/5684/files/Z863425.jpg?v=1740636323,cdn.shopify.com,shopify,files/remote/cdn.shopify.com/5056307346803.jpg,0
5056307346827,https://cdn.shopify.com/s/files/1/0679/9792/5684/files/J293081.jpg?v=1740629154,cdn.shopify.com,shopify,files/remote/cdn.shopify.com/5056307346827.jpg,0
5056307346957,https://cdn.shopify.com/s/files/1/0679/9792/5684/files/F292951.jpg?v=1740627628,cdn.shopify.com,shopify,files/remote/cdn.shopify.com/5056307346957.jpg,0
5056307347015,https://cdn.shopify.com/s/files/1/0679/9792/5684/files/B936387.jpg?v=1740636318,cdn.shopify.com,shopify,files/remote/cdn.shopify.com/5056307347015.jpg,0
5056307347053,https://cdn.shopify.com/s/files/1/0679/9792/5684/files/F293151.jpg?v=1740636315,cdn.shopify.com,shopify,files/remote/cdn.shopify.com/5056307347053.jpg,0
5056307347268,https://cdn.shopify.com/s/files/1/0679/9792/5684/files/T659264.jpg?v=1740627614,cdn.shopify.com,shopify,files/remote/cdn.shopify.com/5056307347268.jpg,0
5056379533934,https://cdn.shopify.com/s/files/1/0679/9792/5684/files/D656905.jpg?v=1740635594,cdn.shopify.com,shopify,files/remote/cdn.shopify.com/5056379533934.jpg,0
5056379539172,https://cdn.shopify.com/s/files/1/0679/9792/5684/files/T694264.jpg?v=1740628142,cdn.shopify.com,shopify,files/remote/cdn.shopify.com/5056379539172.jpg,0
5056379589672,https://cdn.shopify.com/s/files/1/0679/9792/5684/files/B416355.jpg?v=1740626149,cdn.shopify.com,shopify,files/remote/cdn.shopify.com/5056379589672.jpg,0
5056379589726,https://cdn.shopify.com/s/files/1/0679/9792/5684/files/Z693423.jpg?v=1740626596,cdn.shopify.com,shopify,files/remote/cdn.shopify.com/5056379589726.jpg,0
5056446600392,https://cdn.shopify.com/s/files/1/0679/9792/5684/files/P401226.jpg?v=1740630158,cdn.shopify.com,shopify,files/remote/cdn.shopify.com/5056446600392.jpg,0
5056446604185,https://cdn.shopify.com/s/files/1/0679/9792/5684/files/J318281.jpg?v=1740628782,cdn.shopify.com,shopify,files/remote/cdn.shopify.com/5056446604185.jpg,0
5056446604741,https://cdn.shopify.com/s/files/1/0679/9792/5684/files/N2400212.jpg?v=1740633549,cdn.shopify.com,shopify,files/remote/cdn.shopify.com/5056446604741.jpg,0
5056446607858,https://cdn.shopify.com/s/files/1/0679/9792/5684/files/L325281.jpg?v=1740633552,cdn.shopify.com,shopify,files/remote/cdn.shopify.com/5056446607858.jpg,0
5056446610346,https://cdn.shopify.com/s/files/1/0679/9792/5684/files/J360081.jpg?v=1740629873,cdn.shopify.com,shopify,files/remote/cdn.shopify.com/5056446610346.jpg,0
50564569,https://cdn.shopify.com/s/files/1/0679/9792/5684/files/T79267.jpg?v=1740630472,cdn.shopify.com,shopify,files/remote/cdn.shopify.com/50564569.jpg,0
50564576,https://cdn.shopify.com/s/files/1/0679/9792/5684/files/B86406.jpg?v=1740630475,cdn.shopify.com,shopify,files/remote/cdn.shopify.com/50564576.jpg,0
50564583,https://cdn.shopify.com/s/files/1/0679/9792/5684/files/J35581.jpg?v=1740630469,cdn.shopify.com,shopify,files/remote/cdn.shopify.com/50564583.jpg,0
50564590,https://cdn.shopify.com/s/files/1/0679/9792/5684/files/T19268.jpg?v=1740630447,cdn.shopify.com,shopify,files/remote/cdn.shopify.com/50564590.jpg,0
50564712,https://cdn.shopify.com/s/files/1/0679/9792/5684/files/L25425.jpg?v=1740630462,cdn.shopify.com,shopify,files/remote/cdn.shopify.com/50564712.jpg,0
50564736,https://cdn.shopify.com/s/files/1/0679/9792/5684/files/N204212.jpg?v=1740630466,cdn.shopify.com,shopify,files/remote/cdn.shopify.com/50564736.jpg,0
50564774,https://cdn.shopify.com/s/files/1/0679/9792/5684/files/B901110.jpg?v=1740633868,cdn.shopify.com,shopify,files/remote/cdn.shopify.com/50564774.jpg,0
50564798,https://cdn.shopify.com/s/files/1/0679/9792/5684/files/P29227.jpg?v=1740630443,cdn.shopify.com,shopify,files/remote/cdn.shopify.com/50564798.jpg,0
50564804,https://cdn.shopify.com/s/files/1/0679/9792/5684/files/J36381.jpg?v=1740630450,cdn.shopify.com,shopify,files/remote/cdn.shopify.com/50564804.jpg,0
50564811,https://cdn.shopify.com/s/files/1/0679/9792/5684/files/Z27427.jpg?v=1740630456,cdn.shopify.com,shopify,files/remote/cdn.shopify.com/50564811.jpg,0
50564828,https://cdn.shopify.com/s/files/1/0679/9792/5684/files/V61818.jpg?v=1740630459,cdn.shopify.com,shopify,files/remote/cdn.shopify.com/50564828.jpg,0
50564835,https://cdn.shopify.com/s/files/1/0679/9792/5684/files/B26409.jpg?v=1740630453,cdn.shopify.com,shopify,files/remote/cdn.shopify.com/50564835.jpg,0
5057566044936,https://cdn.shopify.com/s/files/1/0679/9792/5684/files/L324427.jpg?v=1740634180,cdn.shopify.com,shopify,files/remote/cdn.shopify.com/5057566044936.jpg,0
5057566120661,https://cdn.shopify.com/s/files/1/0679/9792/5684/files/F128751.jpg?v=1740631163,cdn.shopify.com,shopify,files/remote/cdn.shopify.com/5057566120661.jpg,0
5057566158299,https://cdn.shopify.com/s/files/1/0679/9792/5684/files/F107051.jpg?v=1740631167,cdn.shopify.com,shopify,files/remote/cdn.shopify.com/5057566158299.jpg,0
5059883172415,https://cdn.shopify.com/s/files/1/0679/9792/5684/files/T824265.jpg?v=1740625755,cdn.shopify.com,shopify,files/remote/cdn.shopify.com/5059883172415.jpg,0
5060027060970,https://cdn.shopify.com/s/files/1/0679/9792/5684/products/5060027060970-9.jpg?v=1673056771,cdn.shopify.com,shopify,files/remote/cdn.shopify.com/5060027060970.jpg,0
5060027061564,https://cdn.shopify.com/s/files/1/0679/9792/5684/products/5060027068099-9.jpg?v=1673056765,cdn.shopify.com,shopify,files/remote/cdn.shopify.com/5060027061564.jpg,0
5060027062035,https://cdn.shopify.com/s/files/1/0679/9792/5684/products/5060027062035-9.jpg?v=1671850107,cdn.shopify.com,shopify,files/remote/cdn.shopify.com/5060027062035.jpg,0
5060027066835,https://cdn.shopify.com/s/files/1/0679/9792/5684/products/5060027066835-9.jpg?v=1673056795,cdn.shopify.com,shopify,files/remote/cdn.shopify.com/5060027066835.jpg,0
5060027067252,https://cdn.shopify.com/s/files/1/0679/9792/5684/files/J14529.jpg?v=1740629061,cdn.shopify.com,shopify,files/remote/cdn.shopify.com/5060027067252.jpg,0
5060027068464,https://cdn.shopify.com/s/files/1/0679/9792/5684/products/5060027068464-9.jpg?v=1671850205,cdn.shopify.com,shopify,files/remote/cdn.shopify.com/5060027068464.jpg,0
5060059575398,https://cdn.shopify.com/s/files/1/0679/9792/5684/files/U216216.jpg?v=1740625073,cdn.shopify.com,shopify,files/remote/cdn.shopify.com/5060059575398.jpg,0
5060059575596,https://cdn.shopify.com/s/files/1/0679/9792/5684/files/K240243.jpg?v=1740625065,cdn.shopify.com,shopify,files/remote/cdn.shopify.com/5060059575596.jpg,0
5060059575626,https://cdn.shopify.com/s/files/1/0679/9792/5684/files/A297037.jpg?v=1740625069,cdn.shopify.com,shopify,files/remote/cdn.shopify.com/5060059575626.jpg,0
5060102606970,https://cdn.shopify.com/s/files/1/0679/9792/5684/files/N6406211.jpg?v=1740626204,cdn.shopify.com,shopify,files/remote/cdn.shopify.com/5060102606970.jpg,0
5060102609964,https://cdn.shopify.com/s/files/1/0679/9792/5684/files/V241776.jpg?v=1740626208,cdn.shopify.com,shopify,files/remote/cdn.shopify.com/5060102609964.jpg,0
5060103310609,https://cdn.shopify.com/s/files/1/0679/9792/5684/files/T684251.jpg?v=1740623163,cdn.shopify.com,shopify,files/remote/cdn.shopify.com/5060103310609.jpg,0
5060132136171,https://cdn.shopify.com/s/files/1/0679/9792/5684/files/J89081.jpg?v=1740632806,cdn.shopify.com,shopify,files/remote/cdn.shopify.com/5060132136171.jpg,0
5060132136621,https://cdn.shopify.com/s/files/1/0679/9792/5684/files/R837029.jpg?v=1740632803,cdn.shopify.com,shopify,files/remote/cdn.shopify.com/5060132136621.jpg,0
5060132136645,https://cdn.shopify.com/s/files/1/0679/9792/5684/files/W071320.jpg?v=1740632942,cdn.shopify.com,shopify,files/remote/cdn.shopify.com/5060132136645.jpg,0
5060152403703,https://cdn.shopify.com/s/files/1/0679/9792/5684/files/S683208.jpg?v=1740627584,cdn.shopify.com,shopify,files/remote/cdn.shopify.com/5060152403703.jpg,0
5060152407565,https://cdn.shopify.com/s/files/1/0679/9792/5684/products/5060152407565-9.jpg?v=1671830525,cdn.shopify.com,shopify,files/remote/cdn.shopify.com/5060152407565.jpg,0
5060152407572,https://cdn.shopify.com/s/files/1/0679/9792/5684/products/5060152407572-9.jpg?v=1671830587,cdn.shopify.com,shopify,files/remote/cdn.shopify.com/5060152407572.jpg,0
5060186268217,https://cdn.shopify.com/s/files/1/0679/9792/5684/files/Z471431.jpg?v=1740614826,cdn.shopify.com,shopify,files/remote/cdn.shopify.com/5060186268217.jpg,0
5060275393431,https://cdn.shopify.com/s/files/1/0679/9792/5684/files/C963554.jpg?v=1740637508,cdn.shopify.com,shopify,files/remote/cdn.shopify.com/5060275393431.jpg,0
5060294391777,https://cdn.shopify.com/s/files/1/0679/9792/5684/files/V581907.jpg?v=1740633458,cdn.shopify.com,shopify,files/remote/cdn.shopify.com/5060294391777.jpg,0
5060294392514,https://cdn.shopify.com/s/files/1/0679/9792/5684/files/J512681.jpg?v=1740633461,cdn.shopify.com,shopify,files/remote/cdn.shopify.com/5060294392514.jpg,0
5060294395195,https://cdn.shopify.com/s/files/1/0679/9792/5684/files/D2946106.jpg?v=1740633743,cdn.shopify.com,shopify,files/remote/cdn.shopify.com/5060294395195.jpg,0
5060294395225,https://cdn.shopify.com/s/files/1/0679/9792/5684/files/N6665213.jpg?v=1740633747,cdn.shopify.com,shopify,files/remote/cdn.shopify.com/5060294395225.jpg,0
5060294398202,https://cdn.shopify.com/s/files/1/0679/9792/5684/files/F522751.jpg?v=1740634343,cdn.shopify.com,shopify,files/remote/cdn.shopify.com/5060294398202.jpg,0
5060322950334,https://cdn.shopify.com/s/files/1/0679/9792/5684/files/M797414.jpg?v=1740637997,cdn.shopify.com,shopify,files/remote/cdn.shopify.com/5060322950334.jpg,0
5060322953458,https://cdn.shopify.com/s/files/1/0679/9792/5684/files/D564687.jpg?v=1740637416,cdn.shopify.com,shopify,files/remote/cdn.shopify.com/5060322953458.jpg,0
5060322953526,https://cdn.shopify.com/s/files/1/0679/9792/5684/files/B467292.jpg?v=1740637404,cdn.shopify.com,shopify,files/remote/cdn.shopify.com/5060322953526.jpg,0
5060322953588,https://cdn.shopify.com/s/files/1/0679/9792/5684/files/J77329.jpg?v=1740637408,cdn.shopify.com,shopify,files/remote/cdn.shopify.com/5060322953588.jpg,0
5060322953762,https://cdn.shopify.com/s/files/1/0679/9792/5684/files/F056951.jpg?v=1740616729,cdn.shopify.com,shopify,files/remote/cdn.shopify.com/5060322953762.jpg,0
5060322953922,https://cdn.shopify.com/s/files/1/0679/9792/5684/files/R618214.jpg?v=1740637250,cdn.shopify.com,shopify,files/remote/cdn.shopify.com/5060322953922.jpg,0
5060322954769,https://cdn.shopify.com/s/files/1/0679/9792/5684/files/Z198811.jpg?v=1740636706,cdn.shopify.com,shopify,files/remote/cdn.shopify.com/5060322954769.jpg,0
5060332325948,https://cdn.shopify.com/s/files/1/0679/9792/5684/files/D386922.jpg?v=1740631941,cdn.shopify.com,shopify,files/remote/cdn.shopify.com/5060332325948.jpg,0
5060332327782,https://cdn.shopify.com/s/files/1/0679/9792/5684/files/F319151.jpg?v=1740629548,cdn.shopify.com,shopify,files/remote/cdn.shopify.com/5060332327782.jpg,0
5060334516511,https://cdn.shopify.com/s/files/1/0679/9792/5684/files/T416248.jpg?v=1740624680,cdn.shopify.com,shopify,files/remote/cdn.shopify.com/5060334516511.jpg,0
5060359905314,https://cdn.shopify.com/s/files/1/0679/9792/5684/files/U837212.jpg?v=1740633107,cdn.shopify.com,shopify,files/remote/cdn.shopify.com/5060359905314.jpg,0
5060359905505,https://cdn.shopify.com/s/files/1/0679/9792/5684/files/K495192.jpg?v=1740633111,cdn.shopify.com,shopify,files/remote/cdn.shopify.com/5060359905505.jpg,0
5060359905673,https://cdn.shopify.com/s/files/1/0679/9792/5684/files/O41686.jpg?v=1740633088,cdn.shopify.com,shopify,files/remote/cdn.shopify.com/5060359905673.jpg,0
5060359906076,https://cdn.shopify.com/s/files/1/0679/9792/5684/files/O53812.jpg?v=1740632634,cdn.shopify.com,shopify,files/remote/cdn.shopify.com/5060359906076.jpg,0
5060359906090,https://cdn.shopify.com/s/files/1/0679/9792/5684/files/M217415.jpg?v=1740631957,cdn.shopify.com,shopify,files/remote/cdn.shopify.com/5060359906090.jpg,0
5060359906120,https://cdn.shopify.com/s/files/1/0679/9792/5684/files/Q291268.jpg?v=1740631964,cdn.shopify.com,shopify,files/remote/cdn.shopify.com/5060359906120.jpg,0
5060359906199,https://cdn.shopify.com/s/files/1/0679/9792/5684/files/K34761.jpg?v=1740631097,cdn.shopify.com,shopify,files/remote/cdn.shopify.com/5060359906199.jpg,0
5060359907745,https://cdn.shopify.com/s/files/1/0679/9792/5684/files/I493244.jpg?v=1740633104,cdn.shopify.com,shopify,files/remote/cdn.shopify.com/5060359907745.jpg,0
5060359907936,https://cdn.shopify.com/s/files/1/0679/9792/5684/files/K525192.jpg?v=1740633101,cdn.shopify.com,shopify,files/remote/cdn.shopify.com/5060359907936.jpg,0
5060373523464,https://cdn.shopify.com/s/files/1/0679/9792/5684/files/Z321430.jpg?v=1740630963,cdn.shopify.com,shopify,files/remote/cdn.shopify.com/5060373523464.jpg,0
5060387981557,https://cdn.shopify.com/s/files/1/0679/9792/5684/files/L724173.jpg?v=1740631815,cdn.shopify.com,shopify,files/remote/cdn.shopify.com/5060387981557.jpg,0
5060387981564,https://cdn.shopify.com/s/files/1/0679/9792/5684/files/N906293.jpg?v=1740631819,cdn.shopify.com,shopify,files/remote/cdn.shopify.com/5060387981564.jpg,0
5060393931249,https://cdn.shopify.com/s/files/1/0679/9792/5684/files/J300881.jpg?v=1740629552,cdn.shopify.com,shopify,files/remote/cdn.shopify.com/5060393931249.jpg,0
5060406142952,https://cdn.shopify.com/s/files/1/0679/9792/5684/files/P253230.jpg?v=1740633468,cdn.shopify.com,shopify,files/remote/cdn.shopify.com/5060406142952.jpg,0
5060406146042,https://cdn.shopify.com/s/files/1/0679/9792/5684/files/P371230.jpg?v=1740630049,cdn.shopify.com,shopify,files/remote/cdn.shopify.com/5060406146042.jpg,0
5060406149593,https://cdn.shopify.com/s/files/1/0679/9792/5684/files/V581913.jpg?v=1740631803,cdn.shopify.com,shopify,files/remote/cdn.shopify.com/5060406149593.jpg,0
5060412110266,https://cdn.shopify.com/s/files/1/0679/9792/5684/files/P613224.jpg?v=1740624314,cdn.shopify.com,shopify,files/remote/cdn.shopify.com/5060412110266.jpg,0
5060412110617,https://cdn.shopify.com/s/files/1/0679/9792/5684/files/D416861.jpg?v=1740624310,cdn.shopify.com,shopify,files/remote/cdn.shopify.com/5060412110617.jpg,0
5060412673495,https://cdn.shopify.com/s/files/1/0679/9792/5684/files/H657175.jpg?v=1740621794,cdn.shopify.com,shopify,files/remote/cdn.shopify.com/5060412673495.jpg,0
5060412673532,https://cdn.shopify.com/s/files/1/0679/9792/5684/products/5060412673532-9.jpg?v=1671862623,cdn.shopify.com,shopify,files/remote/cdn.shopify.com/5060412673532.jpg,0
5060412674386,https://cdn.shopify.com/s/files/1/0679/9792/5684/files/N994034.jpg?v=1740616187,cdn.shopify.com,shopify,files/remote/cdn.shopify.com/5060412674386.jpg,0
5060412675147,https://cdn.shopify.com/s/files/1/0679/9792/5684/files/D256799.jpg?v=1740625968,cdn.shopify.com,shopify,files/remote/cdn.shopify.com/5060412675147.jpg,0
5060412675161,https://cdn.shopify.com/s/files/1/0679/9792/5684/files/J141781.jpg?v=1740624698,cdn.shopify.com,shopify,files/remote/cdn.shopify.com/5060412675161.jpg,0
5060414316307,https://cdn.shopify.com/s/files/1/0679/9792/5684/files/A777385.jpg?v=1740629942,cdn.shopify.com,shopify,files/remote/cdn.shopify.com/5060414316307.jpg,0
5060414316406,https://cdn.shopify.com/s/files/1/0679/9792/5684/files/K585192.jpg?v=1740634164,cdn.shopify.com,shopify,files/remote/cdn.shopify.com/5060414316406.jpg,0
5060414316468,https://cdn.shopify.com/s/files/1/0679/9792/5684/files/S453192.jpg?v=1740631498,cdn.shopify.com,shopify,files/remote/cdn.shopify.com/5060414316468.jpg,0
5060414316475,https://cdn.shopify.com/s/files/1/0679/9792/5684/files/G490838.jpg?v=1740631504,cdn.shopify.com,shopify,files/remote/cdn.shopify.com/5060414316475.jpg,0
5060414316482,https://cdn.shopify.com/s/files/1/0679/9792/5684/files/Q643207.jpg?v=1740631501,cdn.shopify.com,shopify,files/remote/cdn.shopify.com/5060414316482.jpg,0
5060414316512,https://cdn.shopify.com/s/files/1/0679/9792/5684/files/G508838.jpg?v=1740631495,cdn.shopify.com,shopify,files/remote/cdn.shopify.com/5060414316512.jpg,0
5060414316529,https://cdn.shopify.com/s/files/1/0679/9792/5684/files/A773785.jpg?v=1740631507,cdn.shopify.com,shopify,files/remote/cdn.shopify.com/5060414316529.jpg,0
5060414316567,https://cdn.shopify.com/s/files/1/0679/9792/5684/files/A776485.jpg?v=1740632299,cdn.shopify.com,shopify,files/remote/cdn.shopify.com/5060414316567.jpg,0
5060414319698,https://cdn.shopify.com/s/files/1/0679/9792/5684/files/O41586.jpg?v=1740632305,cdn.shopify.com,shopify,files/remote/cdn.shopify.com/5060414319698.jpg,0
5060420335514,https://cdn.shopify.com/s/files/1/0679/9792/5684/products/5060420335514-1.jpg?v=1671904069,cdn.shopify.com,shopify,files/remote/cdn.shopify.com/5060420335514.jpg,0
5060420335521,https://cdn.shopify.com/s/files/1/0679/9792/5684/products/5060420335521-1.jpg?v=1671904076,cdn.shopify.com,shopify,files/remote/cdn.shopify.com/5060420335521.jpg,0
5060420335552,https://cdn.shopify.com/s/files/1/0679/9792/5684/products/5060420335552-1.jpg?v=1671904052,cdn.shopify.com,shopify,files/remote/cdn.shopify.com/5060420335552.jpg,0
5060420335637,https://cdn.shopify.com/s/files/1/0679/9792/5684/products/5060420335637-1.jpg?v=1673065093,cdn.shopify.com,shopify,files/remote/cdn.shopify.com/5060420335637.jpg,0
5060420335644,https://cdn.shopify.com/s/files/1/0679/9792/5684/files/B752229.jpg?v=1740624545,cdn.shopify.com,shopify,files/remote/cdn.shopify.com/5060420335644.jpg,0
5060420336627,https://cdn.shopify.com/s/files/1/0679/9792/5684/files/T584253.jpg?v=1740624891,cdn.shopify.com,shopify,files/remote/cdn.shopify.com/5060420336627.jpg,0
5060423390435,https://cdn.shopify.com/s/files/1/0679/9792/5684/files/G230840.jpg?v=1740615961,cdn.shopify.com,shopify,files/remote/cdn.shopify.com/5060423390435.jpg,0
5060426150241,https://cdn.shopify.com/s/files/1/0679/9792/5684/files/J93355.jpg?v=1740615925,cdn.shopify.com,shopify,files/remote/cdn.shopify.com/5060426150241.jpg,0
5060426150456,https://cdn.shopify.com/s/files/1/0679/9792/5684/files/W573829.jpg?v=1740615901,cdn.shopify.com,shopify,files/remote/cdn.shopify.com/5060426150456.jpg,0
5060426150678,https://cdn.shopify.com/s/files/1/0679/9792/5684/files/S453189.jpg?v=1740615854,cdn.shopify.com,shopify,files/remote/cdn.shopify.com/5060426150678.jpg,0
5060426151798,https://cdn.shopify.com/s/files/1/0679/9792/5684/files/Z801814.jpg?v=1740615928,cdn.shopify.com,shopify,files/remote/cdn.shopify.com/5060426151798.jpg,0
5060426152207,https://cdn.shopify.com/s/files/1/0679/9792/5684/files/F93325.jpg?v=1740615935,cdn.shopify.com,shopify,files/remote/cdn.shopify.com/5060426152207.jpg,0
5060426152603,https://cdn.shopify.com/s/files/1/0679/9792/5684/files/F462451.jpg?v=1740615938,cdn.shopify.com,shopify,files/remote/cdn.shopify.com/5060426152603.jpg,0
5060426152627,https://cdn.shopify.com/s/files/1/0679/9792/5684/files/P249229.jpg?v=1740615941,cdn.shopify.com,shopify,files/remote/cdn.shopify.com/5060426152627.jpg,0
5060426152689,https://cdn.shopify.com/s/files/1/0679/9792/5684/files/B576444.jpg?v=1740615944,cdn.shopify.com,shopify,files/remote/cdn.shopify.com/5060426152689.jpg,0
5060426154805,https://cdn.shopify.com/s/files/1/0679/9792/5684/files/T344251.jpg?v=1740637056,cdn.shopify.com,shopify,files/remote/cdn.shopify.com/5060426154805.jpg,0
5060426155062,https://cdn.shopify.com/s/files/1/0679/9792/5684/files/L526116.jpg?v=1740615846,cdn.shopify.com,shopify,files/remote/cdn.shopify.com/5060426155062.jpg,0
5060426156007,https://cdn.shopify.com/s/files/1/0679/9792/5684/files/N6909212.jpg?v=1740620182,cdn.shopify.com,shopify,files/remote/cdn.shopify.com/5060426156007.jpg,0
5060426156083,https://cdn.shopify.com/s/files/1/0679/9792/5684/files/P997223.jpg?v=1740615914,cdn.shopify.com,shopify,files/remote/cdn.shopify.com/5060426156083.jpg,0
5060426157066,https://cdn.shopify.com/s/files/1/0679/9792/5684/files/Z997423.jpg?v=1740615905,cdn.shopify.com,shopify,files/remote/cdn.shopify.com/5060426157066.jpg,0
5060426157080,https://cdn.shopify.com/s/files/1/0679/9792/5684/files/F199851.jpg?v=1740615911,cdn.shopify.com,shopify,files/remote/cdn.shopify.com/5060426157080.jpg,0
5060426157868,https://cdn.shopify.com/s/files/1/0679/9792/5684/files/D8106104.jpg?v=1740615895,cdn.shopify.com,shopify,files/remote/cdn.shopify.com/5060426157868.jpg,0
5060426158377,https://cdn.shopify.com/s/files/1/0679/9792/5684/files/B876444.jpg?v=1740615865,cdn.shopify.com,shopify,files/remote/cdn.shopify.com/5060426158377.jpg,0
5060426158438,https://cdn.shopify.com/s/files/1/0679/9792/5684/files/J530781.jpg?v=1740615869,cdn.shopify.com,shopify,files/remote/cdn.shopify.com/5060426158438.jpg,0
5060426159084,https://cdn.shopify.com/s/files/1/0679/9792/5684/files/T814278.jpg?v=1740637047,cdn.shopify.com,shopify,files/remote/cdn.shopify.com/5060426159084.jpg,0
5060434398468,https://cdn.shopify.com/s/files/1/0679/9792/5684/files/B036306.jpg?v=1740626932,cdn.shopify.com,shopify,files/remote/cdn.shopify.com/5060434398468.jpg,0
5060480280694,https://cdn.shopify.com/s/files/1/0679/9792/5684/files/N565292.jpg?v=1740626065,cdn.shopify.com,shopify,files/remote/cdn.shopify.com/5060480280694.jpg,0
5060480281271,https://cdn.shopify.com/s/files/1/0679/9792/5684/files/D514651.jpg?v=1740625991,cdn.shopify.com,shopify,files/remote/cdn.shopify.com/5060480281271.jpg,0
5060480281288,https://cdn.shopify.com/s/files/1/0679/9792/5684/files/D766714.jpg?v=1740637949,cdn.shopify.com,shopify,files/remote/cdn.shopify.com/5060480281288.jpg,0
5060503750883,https://cdn.shopify.com/s/files/1/0679/9792/5684/files/L526050.jpg?v=1740633472,cdn.shopify.com,shopify,files/remote/cdn.shopify.com/5060503750883.jpg,0
5060503752214,https://cdn.shopify.com/s/files/1/0679/9792/5684/files/D5816106.jpg?v=1740634330,cdn.shopify.com,shopify,files/remote/cdn.shopify.com/5060503752214.jpg,0
5060503755215,https://cdn.shopify.com/s/files/1/0679/9792/5684/files/T134276.jpg?v=1740634333,cdn.shopify.com,shopify,files/remote/cdn.shopify.com/5060503755215.jpg,0
5060523010356,https://cdn.shopify.com/s/files/1/0679/9792/5684/files/L324567.jpg?v=1740625965,cdn.shopify.com,shopify,files/remote/cdn.shopify.com/5060523010356.jpg,0
5060523010370,https://cdn.shopify.com/s/files/1/0679/9792/5684/files/B426342.jpg?v=1740624694,cdn.shopify.com,shopify,files/remote/cdn.shopify.com/5060523010370.jpg,0
5060523011575,https://cdn.shopify.com/s/files/1/0679/9792/5684/files/L203759.jpg?v=1740621803,cdn.shopify.com,shopify,files/remote/cdn.shopify.com/5060523011575.jpg,0
5060523011599,https://cdn.shopify.com/s/files/1/0679/9792/5684/files/V883563.jpg?v=1740621798,cdn.shopify.com,shopify,files/remote/cdn.shopify.com/5060523011599.jpg,0
5060523013869,https://cdn.shopify.com/s/files/1/0679/9792/5684/files/T174254.jpg?v=1740616125,cdn.shopify.com,shopify,files/remote/cdn.shopify.com/5060523013869.jpg,0
5060523015245,https://cdn.shopify.com/s/files/1/0679/9792/5684/files/L126256.jpg?v=1740634322,cdn.shopify.com,shopify,files/remote/cdn.shopify.com/5060523015245.jpg,0
5060523017461,https://cdn.shopify.com/s/files/1/0679/9792/5684/files/D926853.jpg?v=1740616129,cdn.shopify.com,shopify,files/remote/cdn.shopify.com/5060523017461.jpg,0
5060523017485,https://cdn.shopify.com/s/files/1/0679/9792/5684/files/N5911211.jpg?v=1740616136,cdn.shopify.com,shopify,files/remote/cdn.shopify.com/5060523017485.jpg,0
5060523017539,https://cdn.shopify.com/s/files/1/0679/9792/5684/files/L324781.jpg?v=1740621827,cdn.shopify.com,shopify,files/remote/cdn.shopify.com/5060523017539.jpg,0
5060523017546,https://cdn.shopify.com/s/files/1/0679/9792/5684/files/V201717.jpg?v=1740616148,cdn.shopify.com,shopify,files/remote/cdn.shopify.com/5060523017546.jpg,0
5060523017553,https://cdn.shopify.com/s/files/1/0679/9792/5684/files/T37726.jpg?v=1740621815,cdn.shopify.com,shopify,files/remote/cdn.shopify.com/5060523017553.jpg,0
5060523017560,https://cdn.shopify.com/s/files/1/0679/9792/5684/files/D35369.jpg?v=1740621820,cdn.shopify.com,shopify,files/remote/cdn.shopify.com/5060523017560.jpg,0
5060523017584,https://cdn.shopify.com/s/files/1/0679/9792/5684/files/R76220.jpg?v=1740616181,cdn.shopify.com,shopify,files/remote/cdn.shopify.com/5060523017584.jpg,0
5060523017638,https://cdn.shopify.com/s/files/1/0679/9792/5684/files/T314259.jpg?v=1740616152,cdn.shopify.com,shopify,files/remote/cdn.shopify.com/5060523017638.jpg,0
5060523017645,https://cdn.shopify.com/s/files/1/0679/9792/5684/files/F251051.jpg?v=1740616144,cdn.shopify.com,shopify,files/remote/cdn.shopify.com/5060523017645.jpg,0
5060523017652,https://cdn.shopify.com/s/files/1/0679/9792/5684/files/L924750.jpg?v=1740616140,cdn.shopify.com,shopify,files/remote/cdn.shopify.com/5060523017652.jpg,0
5060523017669,https://cdn.shopify.com/s/files/1/0679/9792/5684/files/Z685423.jpg?v=1740616122,cdn.shopify.com,shopify,files/remote/cdn.shopify.com/5060523017669.jpg,0
5060523017676,https://cdn.shopify.com/s/files/1/0679/9792/5684/files/J184281.jpg?v=1740616118,cdn.shopify.com,shopify,files/remote/cdn.shopify.com/5060523017676.jpg,0
5060523017683,https://cdn.shopify.com/s/files/1/0679/9792/5684/files/B946449.jpg?v=1740616133,cdn.shopify.com,shopify,files/remote/cdn.shopify.com/5060523017683.jpg,0
5060523019120,https://cdn.shopify.com/s/files/1/0679/9792/5684/files/P509229.jpg?v=1740616178,cdn.shopify.com,shopify,files/remote/cdn.shopify.com/5060523019120.jpg,0
5060523019175,https://cdn.shopify.com/s/files/1/0679/9792/5684/files/D9626102.jpg?v=1740616184,cdn.shopify.com,shopify,files/remote/cdn.shopify.com/5060523019175.jpg,0
5060524510008,https://cdn.shopify.com/s/files/1/0679/9792/5684/products/5060524510008-9.jpg?v=1671867034,cdn.shopify.com,shopify,files/remote/cdn.shopify.com/5060524510008.jpg,0
5060524510022,https://cdn.shopify.com/s/files/1/0679/9792/5684/products/5060524510022-9.jpg?v=1671867027,cdn.shopify.com,shopify,files/remote/cdn.shopify.com/5060524510022.jpg,0
5060524510589,https://cdn.shopify.com/s/files/1/0679/9792/5684/files/N670889.jpg?v=1740618165,cdn.shopify.com,shopify,files/remote/cdn.shopify.com/5060524510589.jpg,0
5060524510886,https://cdn.shopify.com/s/files/1/0679/9792/5684/files/P099220.jpg?v=1740618143,cdn.shopify.com,shopify,files/remote/cdn.shopify.com/5060524510886.jpg,0
5060524510893,https://cdn.shopify.com/s/files/1/0679/9792/5684/files/J96329.jpg?v=1740618147,cdn.shopify.com,shopify,files/remote/cdn.shopify.com/5060524510893.jpg,0
5060524510909,https://cdn.shopify.com/s/files/1/0679/9792/5684/files/D434697.jpg?v=1740618139,cdn.shopify.com,shopify,files/remote/cdn.shopify.com/5060524510909.jpg,0
5060524511104,https://cdn.shopify.com/s/files/1/0679/9792/5684/files/Z065420.jpg?v=1740618151,cdn.shopify.com,shopify,files/remote/cdn.shopify.com/5060524511104.jpg,0
5060524511142,https://images.btswholesaler.com/imgs/productos_parafarmacia/imagenes/5060524511142_1.webp,images.btswholesaler.com,bts_cdn,files/remote/images.btswholesaler.com/5060524511142.webp,0
5060524511241,https://cdn.shopify.com/s/files/1/0679/9792/5684/files/J288481.jpg?v=1740618155,cdn.shopify.com,shopify,files/remote/cdn.shopify.com/5060524511241.jpg,0
5060524511401,https://cdn.shopify.com/s/files/1/0679/9792/5684/files/P627229.jpg?v=1740618135,cdn.shopify.com,shopify,files/remote/cdn.shopify.com/5060524511401.jpg,0
5060524511494,https://cdn.shopify.com/s/files/1/0679/9792/5684/files/T884278.jpg?v=1740618113,cdn.shopify.com,shopify,files/remote/cdn.shopify.com/5060524511494.jpg,0
5060524511500,https://cdn.shopify.com/s/files/1/0679/9792/5684/files/J577681.jpg?v=1740618121,cdn.shopify.com,shopify,files/remote/cdn.shopify.com/5060524511500.jpg,0
5060524511517,https://cdn.shopify.com/s/files/1/0679/9792/5684/files/Z553431.jpg?v=1740618117,cdn.shopify.com,shopify,files/remote/cdn.shopify.com/5060524511517.jpg,0
5060524511562,https://cdn.shopify.com/s/files/1/0679/9792/5684/files/P569231.jpg?v=1740618126,cdn.shopify.com,shopify,files/remote/cdn.shopify.com/5060524511562.jpg,0
5060524511579,https://cdn.shopify.com/s/files/1/0679/9792/5684/files/Z569431.jpg?v=1740618131,cdn.shopify.com,shopify,files/remote/cdn.shopify.com/5060524511579.jpg,0
5060524511715,https://cdn.shopify.com/s/files/1/0679/9792/5684/files/T819278.jpg?v=1740636284,cdn.shopify.com,shopify,files/remote/cdn.shopify.com/5060524511715.jpg,0
5060539180500,https://cdn.shopify.com/s/files/1/0679/9792/5684/files/Z925814.jpg?v=1740611393,cdn.shopify.com,shopify,files/remote/cdn.shopify.com/5060539180500.jpg,0
5060539181439,https://cdn.shopify.com/s/files/1/0679/9792/5684/files/J188881.jpg?v=1740636815,cdn.shopify.com,shopify,files/remote/cdn.shopify.com/5060539181439.jpg,0
5060539181880,https://cdn.shopify.com/s/files/1/0679/9792/5684/files/F188851.jpg?v=1740611389,cdn.shopify.com,shopify,files/remote/cdn.shopify.com/5060539181880.jpg,0
5060539182344,https://cdn.shopify.com/s/files/1/0679/9792/5684/files/F248851.jpg?v=1740611386,cdn.shopify.com,shopify,files/remote/cdn.shopify.com/5060539182344.jpg,0
5060542724388,https://cdn.shopify.com/s/files/1/0679/9792/5684/files/V141792.jpg?v=1740631918,cdn.shopify.com,shopify,files/remote/cdn.shopify.com/5060542724388.jpg,0
5060542724418,https://cdn.shopify.com/s/files/1/0679/9792/5684/files/N8530211.jpg?v=1740631922,cdn.shopify.com,shopify,files/remote/cdn.shopify.com/5060542724418.jpg,0
5060542724821,https://cdn.shopify.com/s/files/1/0679/9792/5684/files/L325277.jpg?v=1740631926,cdn.shopify.com,shopify,files/remote/cdn.shopify.com/5060542724821.jpg,0
5060542726856,https://cdn.shopify.com/s/files/1/0679/9792/5684/files/N9106211.jpg?v=1740627419,cdn.shopify.com,shopify,files/remote/cdn.shopify.com/5060542726856.jpg,0
5060542727648,https://cdn.shopify.com/s/files/1/0679/9792/5684/files/J318881.jpg?v=1740631929,cdn.shopify.com,shopify,files/remote/cdn.shopify.com/5060542727648.jpg,0
5060542728331,https://cdn.shopify.com/s/files/1/0679/9792/5684/files/B026397.jpg?v=1740627416,cdn.shopify.com,shopify,files/remote/cdn.shopify.com/5060542728331.jpg,0
5060542728485,https://cdn.shopify.com/s/files/1/0679/9792/5684/files/D506923.jpg?v=1740631944,cdn.shopify.com,shopify,files/remote/cdn.shopify.com/5060542728485.jpg,0
5060542729246,https://cdn.shopify.com/s/files/1/0679/9792/5684/files/F320451.jpg?v=1740633765,cdn.shopify.com,shopify,files/remote/cdn.shopify.com/5060542729246.jpg,0
5060565384002,https://cdn.shopify.com/s/files/1/0679/9792/5684/files/N1833212.jpg?v=1740637013,cdn.shopify.com,shopify,files/remote/cdn.shopify.com/5060565384002.jpg,0
5060565384019,https://cdn.shopify.com/s/files/1/0679/9792/5684/files/B116406.jpg?v=1740637006,cdn.shopify.com,shopify,files/remote/cdn.shopify.com/5060565384019.jpg,0
5060565384026,https://cdn.shopify.com/s/files/1/0679/9792/5684/files/L925414.jpg?v=1740637021,cdn.shopify.com,shopify,files/remote/cdn.shopify.com/5060565384026.jpg,0
5060565384033,https://cdn.shopify.com/s/files/1/0679/9792/5684/files/V241812.jpg?v=1740636984,cdn.shopify.com,shopify,files/remote/cdn.shopify.com/5060565384033.jpg,0
5060565384040,https://cdn.shopify.com/s/files/1/0679/9792/5684/files/F353751.jpg?v=1740637002,cdn.shopify.com,shopify,files/remote/cdn.shopify.com/5060565384040.jpg,0
5060565384057,https://cdn.shopify.com/s/files/1/0679/9792/5684/files/P075227.jpg?v=1740636991,cdn.shopify.com,shopify,files/remote/cdn.shopify.com/5060565384057.jpg,0
5060565384064,https://cdn.shopify.com/s/files/1/0679/9792/5684/files/J353781.jpg?v=1740637017,cdn.shopify.com,shopify,files/remote/cdn.shopify.com/5060565384064.jpg,0
5060565384088,https://cdn.shopify.com/s/files/1/0679/9792/5684/files/Z075427.jpg?v=1740636999,cdn.shopify.com,shopify,files/remote/cdn.shopify.com/5060565384088.jpg,0
5060565384095,https://cdn.shopify.com/s/files/1/0679/9792/5684/files/D656947.jpg?v=1740636987,cdn.shopify.com,shopify,files/remote/cdn.shopify.com/5060565384095.jpg,0
5060616000004,https://cdn.shopify.com/s/files/1/0679/9792/5684/files/J339581.jpg?v=1740626925,cdn.shopify.com,shopify,files/remote/cdn.shopify.com/5060616000004.jpg,0
5060616000011,https://cdn.shopify.com/s/files/1/0679/9792/5684/files/T989266.jpg?v=1740626839,cdn.shopify.com,shopify,files/remote/cdn.shopify.com/5060616000011.jpg,0
5060616000028,https://cdn.shopify.com/s/files/1/0679/9792/5684/files/B886401.jpg?v=1740631747,cdn.shopify.com,shopify,files/remote/cdn.shopify.com/5060616000028.jpg,0
5060616000035,https://cdn.shopify.com/s/files/1/0679/9792/5684/files/L925358.jpg?v=1740637346,cdn.shopify.com,shopify,files/remote/cdn.shopify.com/5060616000035.jpg,0
5060616950446,https://cdn.shopify.com/s/files/1/0679/9792/5684/files/Z019426.jpg?v=1740626542,cdn.shopify.com,shopify,files/remote/cdn.shopify.com/5060616950446.jpg,0
5060630043858,https://cdn.shopify.com/s/files/1/0679/9792/5684/files/L003886.jpg?v=1740626781,cdn.shopify.com,shopify,files/remote/cdn.shopify.com/5060630043858.jpg,0
5060630048389,https://cdn.shopify.com/s/files/1/0679/9792/5684/files/B996387.jpg?v=1740626778,cdn.shopify.com,shopify,files/remote/cdn.shopify.com/5060630048389.jpg,0
5060630892036,https://cdn.shopify.com/s/files/1/0679/9792/5684/files/N639884.jpg?v=1740637939,cdn.shopify.com,shopify,files/remote/cdn.shopify.com/5060630892036.jpg,0
5060630892043,https://cdn.shopify.com/s/files/1/0679/9792/5684/files/K200268.jpg?v=1740637943,cdn.shopify.com,shopify,files/remote/cdn.shopify.com/5060630892043.jpg,0
5060630893903,https://cdn.shopify.com/s/files/1/0679/9792/5684/files/F166951.jpg?v=1740637683,cdn.shopify.com,shopify,files/remote/cdn.shopify.com/5060630893903.jpg,0
5060648120077,https://cdn.shopify.com/s/files/1/0679/9792/5684/files/Z525431.jpg?v=1740637320,cdn.shopify.com,shopify,files/remote/cdn.shopify.com/5060648120077.jpg,0
5060696170055,https://cdn.shopify.com/s/files/1/0679/9792/5684/files/V361791.jpg?v=1740633772,cdn.shopify.com,shopify,files/remote/cdn.shopify.com/5060696170055.jpg,0
5060696170062,https://cdn.shopify.com/s/files/1/0679/9792/5684/files/F320851.jpg?v=1740633769,cdn.shopify.com,shopify,files/remote/cdn.shopify.com/5060696170062.jpg,0
5060696171809,https://cdn.shopify.com/s/files/1/0679/9792/5684/files/T044266.jpg?v=1740631080,cdn.shopify.com,shopify,files/remote/cdn.shopify.com/5060696171809.jpg,0
5060696175760,https://cdn.shopify.com/s/files/1/0679/9792/5684/files/T979267.jpg?v=1740632619,cdn.shopify.com,shopify,files/remote/cdn.shopify.com/5060696175760.jpg,0
5060696176699,https://cdn.shopify.com/s/files/1/0679/9792/5684/files/Z405426.jpg?v=1740631933,cdn.shopify.com,shopify,files/remote/cdn.shopify.com/5060696176699.jpg,0
5060710280227,https://cdn.shopify.com/s/files/1/0679/9792/5684/files/D8236103.jpg?v=1740628958,cdn.shopify.com,shopify,files/remote/cdn.shopify.com/5060710280227.jpg,0
5060710280395,https://cdn.shopify.com/s/files/1/0679/9792/5684/files/N3488213.jpg?v=1740628995,cdn.shopify.com,shopify,files/remote/cdn.shopify.com/5060710280395.jpg,0
5060710280432,https://cdn.shopify.com/s/files/1/0679/9792/5684/files/J483281.jpg?v=1740627794,cdn.shopify.com,shopify,files/remote/cdn.shopify.com/5060710280432.jpg,0
5060744740001,https://cdn.shopify.com/s/files/1/0679/9792/5684/files/V901731.jpg?v=1740631744,cdn.shopify.com,shopify,files/remote/cdn.shopify.com/5060744740001.jpg,0
5060744740018,https://cdn.shopify.com/s/files/1/0679/9792/5684/files/J219881.jpg?v=1740629126,cdn.shopify.com,shopify,files/remote/cdn.shopify.com/5060744740018.jpg,0
5060744740032,https://cdn.shopify.com/s/files/1/0679/9792/5684/files/T994260.jpg?v=1740631799,cdn.shopify.com,shopify,files/remote/cdn.shopify.com/5060744740032.jpg,0
5060744740049,https://cdn.shopify.com/s/files/1/0679/9792/5684/files/N9782210.jpg?v=1740628987,cdn.shopify.com,shopify,files/remote/cdn.shopify.com/5060744740049.jpg,0
5060744740056,https://cdn.shopify.com/s/files/1/0679/9792/5684/files/J219781.jpg?v=1740628983,cdn.shopify.com,shopify,files/remote/cdn.shopify.com/5060744740056.jpg,0
5060744740070,https://cdn.shopify.com/s/files/1/0679/9792/5684/files/P397224.jpg?v=1740631740,cdn.shopify.com,shopify,files/remote/cdn.shopify.com/5060744740070.jpg,0
5060744740087,https://cdn.shopify.com/s/files/1/0679/9792/5684/files/Z397424.jpg?v=1740631736,cdn.shopify.com,shopify,files/remote/cdn.shopify.com/5060744740087.jpg,0
5060753160357,https://cdn.shopify.com/s/files/1/0679/9792/5684/files/B916422.jpg?v=1740620084,cdn.shopify.com,shopify,files/remote/cdn.shopify.com/5060753160357.jpg,0
5060753160364,https://cdn.shopify.com/s/files/1/0679/9792/5684/files/L925638.jpg?v=1740620089,cdn.shopify.com,shopify,files/remote/cdn.shopify.com/5060753160364.jpg,0
5060753169909,https://cdn.shopify.com/s/files/1/0679/9792/5684/files/F409751.jpg?v=1740620108,cdn.shopify.com,shopify,files/remote/cdn.shopify.com/5060753169909.jpg,0
5060881920069,https://cdn.shopify.com/s/files/1/0679/9792/5684/files/J187681.jpg?v=1740635221,cdn.shopify.com,shopify,files/remote/cdn.shopify.com/5060881920069.jpg,0
5060881920281,https://cdn.shopify.com/s/files/1/0679/9792/5684/files/D596803.jpg?v=1740627184,cdn.shopify.com,shopify,files/remote/cdn.shopify.com/5060881920281.jpg,0
5060881920311,https://cdn.shopify.com/s/files/1/0679/9792/5684/files/B496344.jpg?v=1740628833,cdn.shopify.com,shopify,files/remote/cdn.shopify.com/5060881920311.jpg,0
5060881920342,https://cdn.shopify.com/s/files/1/0679/9792/5684/files/Z655427.jpg?v=1740629084,cdn.shopify.com,shopify,files/remote/cdn.shopify.com/5060881920342.jpg,0
5060881920359,https://cdn.shopify.com/s/files/1/0679/9792/5684/files/N3356210.jpg?v=1740627952,cdn.shopify.com,shopify,files/remote/cdn.shopify.com/5060881920359.jpg,0
5060881921226,https://cdn.shopify.com/s/files/1/0679/9792/5684/files/J290381.jpg?v=1740627883,cdn.shopify.com,shopify,files/remote/cdn.shopify.com/5060881921226.jpg,0
5060881921233,https://cdn.shopify.com/s/files/1/0679/9792/5684/files/J316881.jpg?v=1740628812,cdn.shopify.com,shopify,files/remote/cdn.shopify.com/5060881921233.jpg,0
5060881921318,https://cdn.shopify.com/s/files/1/0679/9792/5684/files/V601878.jpg?v=1740628943,cdn.shopify.com,shopify,files/remote/cdn.shopify.com/5060881921318.jpg,0
5060881921745,https://cdn.shopify.com/s/files/1/0679/9792/5684/files/F469151.jpg?v=1740627814,cdn.shopify.com,shopify,files/remote/cdn.shopify.com/5060881921745.jpg,0
5060881921783,https://cdn.shopify.com/s/files/1/0679/9792/5684/files/L525876.jpg?v=1740628796,cdn.shopify.com,shopify,files/remote/cdn.shopify.com/5060881921783.jpg,0
5060881924104,https://cdn.shopify.com/s/files/1/0679/9792/5684/files/L524988.jpg?v=1740624705,cdn.shopify.com,shopify,files/remote/cdn.shopify.com/5060881924104.jpg,0
5060881925781,https://cdn.shopify.com/s/files/1/0679/9792/5684/files/T189273.jpg?v=1740627966,cdn.shopify.com,shopify,files/remote/cdn.shopify.com/5060881925781.jpg,0
5060881925798,https://cdn.shopify.com/s/files/1/0679/9792/5684/files/D4656102.jpg?v=1740627963,cdn.shopify.com,shopify,files/remote/cdn.shopify.com/5060881925798.jpg,0
5060881926504,https://cdn.shopify.com/s/files/1/0679/9792/5684/files/Z275429.jpg?v=1740629091,cdn.shopify.com,shopify,files/remote/cdn.shopify.com/5060881926504.jpg,0
5060881926894,https://cdn.shopify.com/s/files/1/0679/9792/5684/files/F464251.jpg?v=1740628572,cdn.shopify.com,shopify,files/remote/cdn.shopify.com/5060881926894.jpg,0
5060881928805,https://cdn.shopify.com/s/files/1/0679/9792/5684/files/T184273.jpg?v=1740627949,cdn.shopify.com,shopify,files/remote/cdn.shopify.com/5060881928805.jpg,0
5060881929123,https://cdn.shopify.com/s/files/1/0679/9792/5684/files/P275229.jpg?v=1740629087,cdn.shopify.com,shopify,files/remote/cdn.shopify.com/5060881929123.jpg,0
5060881929130,https://cdn.shopify.com/s/files/1/0679/9792/5684/files/L925854.jpg?v=1740627956,cdn.shopify.com,shopify,files/remote/cdn.shopify.com/5060881929130.jpg,0
5060881929154,https://cdn.shopify.com/s/files/1/0679/9792/5684/files/V241878.jpg?v=1740628715,cdn.shopify.com,shopify,files/remote/cdn.shopify.com/5060881929154.jpg,0
5060881929772,https://cdn.shopify.com/s/files/1/0679/9792/5684/files/B146439.jpg?v=1740627959,cdn.shopify.com,shopify,files/remote/cdn.shopify.com/5060881929772.jpg,0
5060881929789,https://cdn.shopify.com/s/files/1/0679/9792/5684/files/N1742213.jpg?v=1740627970,cdn.shopify.com,shopify,files/remote/cdn.shopify.com/5060881929789.jpg,0
5060967730049,https://images.btswholesaler.com/imgs/productos_cosmetica/imagenes/5060967730049.webp,images.btswholesaler.com,bts_cdn,files/remote/images.btswholesaler.com/5060967730049.webp,0
5061035600004,https://cdn.shopify.com/s/files/1/0679/9792/5684/files/F510751.jpg?v=1740637573,cdn.shopify.com,shopify,files/remote/cdn.shopify.com/5061035600004.jpg,0
5061035600011,https://cdn.shopify.com/s/files/1/0679/9792/5684/files/P215230.jpg?v=1740637577,cdn.shopify.com,shopify,files/remote/cdn.shopify.com/5061035600011.jpg,0
5061431810779,https://cdn.shopify.com/s/files/1/0679/9792/5684/files/J517081.jpg?v=1740630053,cdn.shopify.com,shopify,files/remote/cdn.shopify.com/5061431810779.jpg,0
5065012477078,https://cdn.shopify.com/s/files/1/0679/9792/5684/files/D4766106.jpg?v=1740629270,cdn.shopify.com,shopify,files/remote/cdn.shopify.com/5065012477078.jpg,0
50841288,https://cdn.shopify.com/s/files/1/0679/9792/5684/files/B32229.jpg?v=1740630440,cdn.shopify.com,shopify,files/remote/cdn.shopify.com/50841288.jpg,0
50841301,https://cdn.shopify.com/s/files/1/0679/9792/5684/files/R57030.jpg?v=1740630437,cdn.shopify.com,shopify,files/remote/cdn.shopify.com/50841301.jpg,0
5203069090592,https://cdn.shopify.com/s/files/1/0679/9792/5684/files/D006822.jpg?v=1740623475,cdn.shopify.com,shopify,files/remote/cdn.shopify.com/5203069090592.jpg,0
5203069090646,https://cdn.shopify.com/s/files/1/0679/9792/5684/files/D036824.jpg?v=1740623479,cdn.shopify.com,shopify,files/remote/cdn.shopify.com/5203069090646.jpg,0
5203069090653,https://cdn.shopify.com/s/files/1/0679/9792/5684/files/L924708.jpg?v=1740623487,cdn.shopify.com,shopify,files/remote/cdn.shopify.com/5203069090653.jpg,0
5203069090660,https://cdn.shopify.com/s/files/1/0679/9792/5684/files/F177151.jpg?v=1740619894,cdn.shopify.com,shopify,files/remote/cdn.shopify.com/5203069090660.jpg,0
5203069092305,https://cdn.shopify.com/s/files/1/0679/9792/5684/files/B876438.jpg?v=1740619898,cdn.shopify.com,shopify,files/remote/cdn.shopify.com/5203069092305.jpg,0
5203069092503,https://cdn.shopify.com/s/files/1/0679/9792/5684/files/J011081.jpg?v=1740627753,cdn.shopify.com,shopify,files/remote/cdn.shopify.com/5203069092503.jpg,0
5203069117015,https://cdn.shopify.com/s/files/1/0679/9792/5684/files/N1094213.jpg?v=1740623465,cdn.shopify.com,shopify,files/remote/cdn.shopify.com/5203069117015.jpg,0
5203069127199,https://cdn.shopify.com/s/files/1/0679/9792/5684/files/Z611431.jpg?v=1740623483,cdn.shopify.com,shopify,files/remote/cdn.shopify.com/5203069127199.jpg,0
5214002966010,https://images.btswholesaler.com/imgs/productos_cosmetica/imagenes/5214002966010_1.webp,images.btswholesaler.com,bts_cdn,files/remote/images.btswholesaler.com/5214002966010.webp,0
5214002966027,https://images.btswholesaler.com/imgs/productos_cosmetica/imagenes/5214002966027_1.webp,images.btswholesaler.com,bts_cdn,files/remote/images.btswholesaler.com/5214002966027.webp,0
5214002966034,https://images.btswholesaler.com/imgs/productos_cosmetica/imagenes/5214002966034_1.webp,images.btswholesaler.com,bts_cdn,files/remote/images.btswholesaler.com/5214002966034.webp,0
5425017732396,https://cdn.shopify.com/s/files/1/0679/9792/5684/files/V791202.jpg?v=1740618169,cdn.shopify.com,shopify,files/remote/cdn.shopify.com/5425017732396.jpg,0
5425017735755,https://cdn.shopify.com/s/files/1/0679/9792/5684/files/N883217.jpg?v=1740618173,cdn.shopify.com,shopify,files/remote/cdn.shopify.com/5425017735755.jpg,0
5425017736363,https://cdn.shopify.com/s/files/1/0679/9792/5684/files/F16151.jpg?v=1740618176,cdn.shopify.com,shopify,files/remote/cdn.shopify.com/5425017736363.jpg,0
5701278518000,https://cdn.shopify.com/s/files/1/0679/9792/5684/products/5701278518000-1_1.jpg?v=1673050311,cdn.shopify.com,shopify,files/remote/cdn.shopify.com/5701278518000.jpg,0
5709927109203,https://cdn.shopify.com/s/files/1/0679/9792/5684/files/J573781.jpg?v=1740627572,cdn.shopify.com,shopify,files/remote/cdn.shopify.com/5709927109203.jpg,0
6001159111368,https://cdn.shopify.com/s/files/1/0679/9792/5684/files/F11651.jpg?v=1740626828,cdn.shopify.com,shopify,files/remote/cdn.shopify.com/6001159111368.jpg,0
6001567788435,https://cdn.shopify.com/s/files/1/0679/9792/5684/files/V501645.jpg?v=1740610368,cdn.shopify.com,shopify,files/remote/cdn.shopify.com/6001567788435.jpg,0
6004914003700,https://cdn.shopify.com/s/files/1/0679/9792/5684/files/T4258.jpg?v=1740611370,cdn.shopify.com,shopify,files/remote/cdn.shopify.com/6004914003700.jpg,0
602004057204,https://cdn.shopify.com/s/files/1/0679/9792/5684/files/L921525.jpg?v=1740632588,cdn.shopify.com,shopify,files/remote/cdn.shopify.com/602004057204.jpg,0
602004071248,https://cdn.shopify.com/s/files/1/0679/9792/5684/products/602004071248-9.jpg?v=1673044212,cdn.shopify.com,shopify,files/remote/cdn.shopify.com/602004071248.jpg,0
602004071262,https://cdn.shopify.com/s/files/1/0679/9792/5684/products/602004071262-9.jpg?v=1673044222,cdn.shopify.com,shopify,files/remote/cdn.shopify.com/602004071262.jpg,0
602004071323,https://images.btswholesaler.com/imgs/productos_cosmetica/imagenes/0602004071323.webp,images.btswholesaler.com,bts_cdn,files/remote/images.btswholesaler.com/602004071323.webp,0
602004073587,https://cdn.shopify.com/s/files/1/0679/9792/5684/files/T455237.jpg?v=1740632596,cdn.shopify.com,shopify,files/remote/cdn.shopify.com/602004073587.jpg,0
602004092915,https://cdn.shopify.com/s/files/1/0679/9792/5684/files/M458651.jpg?v=1740632575,cdn.shopify.com,shopify,files/remote/cdn.shopify.com/602004092915.jpg,0
602004103215,https://cdn.shopify.com/s/files/1/0679/9792/5684/products/602004103215-9.jpg?v=1672688765,cdn.shopify.com,shopify,files/remote/cdn.shopify.com/602004103215.jpg,0
602004103239,https://cdn.shopify.com/s/files/1/0679/9792/5684/files/H774175.jpg?v=1740629258,cdn.shopify.com,shopify,files/remote/cdn.shopify.com/602004103239.jpg,0
602004113504,https://cdn.shopify.com/s/files/1/0679/9792/5684/files/T444259.jpg?v=1740632608,cdn.shopify.com,shopify,files/remote/cdn.shopify.com/602004113504.jpg,0
602004125385,https://cdn.shopify.com/s/files/1/0679/9792/5684/files/F522951.jpg?v=1740631446,cdn.shopify.com,shopify,files/remote/cdn.shopify.com/602004125385.jpg,0
602004131461,https://cdn.shopify.com/s/files/1/0679/9792/5684/files/J549381.jpg?v=1740632604,cdn.shopify.com,shopify,files/remote/cdn.shopify.com/602004131461.jpg,0
602004149718,https://cdn.shopify.com/s/files/1/0679/9792/5684/files/J559781.jpg?v=1740633482,cdn.shopify.com,shopify,files/remote/cdn.shopify.com/602004149718.jpg,0
602004150264,https://cdn.shopify.com/s/files/1/0679/9792/5684/files/Z987430.jpg?v=1740634114,cdn.shopify.com,shopify,files/remote/cdn.shopify.com/602004150264.jpg,0
602004150271,https://cdn.shopify.com/s/files/1/0679/9792/5684/files/F559751.jpg?v=1740633758,cdn.shopify.com,shopify,files/remote/cdn.shopify.com/602004150271.jpg,0
602004152008,https://cdn.shopify.com/s/files/1/0679/9792/5684/files/F549351.jpg?v=1740632579,cdn.shopify.com,shopify,files/remote/cdn.shopify.com/602004152008.jpg,0
603531175065,https://cdn.shopify.com/s/files/1/0679/9792/5684/files/W74832.jpg?v=1740621139,cdn.shopify.com,shopify,files/remote/cdn.shopify.com/603531175065.jpg,0
604079032728,https://cdn.shopify.com/s/files/1/0679/9792/5684/files/J546381.jpg?v=1740629041,cdn.shopify.com,shopify,files/remote/cdn.shopify.com/604079032728.jpg,0
604079175685,https://cdn.shopify.com/s/files/1/0679/9792/5684/files/T051246.jpg?v=1740628706,cdn.shopify.com,shopify,files/remote/cdn.shopify.com/604079175685.jpg,0
6065912210,https://cdn.shopify.com/s/files/1/0679/9792/5684/files/J79881.jpg?v=1740616934,cdn.shopify.com,shopify,files/remote/cdn.shopify.com/6065912210.jpg,0
607845012313,https://cdn.shopify.com/s/files/1/0679/9792/5684/products/607845012313-9.jpg?v=1671842187,cdn.shopify.com,shopify,files/remote/cdn.shopify.com/607845012313.jpg,0
607845012320,https://cdn.shopify.com/s/files/1/0679/9792/5684/products/607845012320-9.jpg?v=1671842207,cdn.shopify.com,shopify,files/remote/cdn.shopify.com/607845012320.jpg,0
607845012337,https://cdn.shopify.com/s/files/1/0679/9792/5684/products/607845012337-9.jpg?v=1671842211,cdn.shopify.com,shopify,files/remote/cdn.shopify.com/607845012337.jpg,0
607845012344,https://cdn.shopify.com/s/files/1/0679/9792/5684/products/607845012344-9.jpg?v=1673054744,cdn.shopify.com,shopify,files/remote/cdn.shopify.com/607845012344.jpg,0
607845012351,https://cdn.shopify.com/s/files/1/0679/9792/5684/products/607845012351-9.jpg?v=1671842219,cdn.shopify.com,shopify,files/remote/cdn.shopify.com/607845012351.jpg,0
607845012665,https://cdn.shopify.com/s/files/1/0679/9792/5684/products/607845012665-9.jpg?v=1672861739,cdn.shopify.com,shopify,files/remote/cdn.shopify.com/607845012665.jpg,0
607845012771,https://cdn.shopify.com/s/files/1/0679/9792/5684/products/607845012771-9.jpg?v=1671842369,cdn.shopify.com,shopify,files/remote/cdn.shopify.com/607845012771.jpg,0
607845012825,https://cdn.shopify.com/s/files/1/0679/9792/5684/products/607845012825-9.jpg?v=1671842375,cdn.shopify.com,shopify,files/remote/cdn.shopify.com/607845012825.jpg,0
607845023111,https://cdn.shopify.com/s/files/1/0679/9792/5684/files/L403660.jpg?v=1740630638,cdn.shopify.com,shopify,files/remote/cdn.shopify.com/607845023111.jpg,0
607845023654,https://cdn.shopify.com/s/files/1/0679/9792/5684/products/607845023654-9.jpg?v=1671842166,cdn.shopify.com,shopify,files/remote/cdn.shopify.com/607845023654.jpg,0
607845023661,https://cdn.shopify.com/s/files/1/0679/9792/5684/products/607845023661-9.jpg?v=1671842161,cdn.shopify.com,shopify,files/remote/cdn.shopify.com/607845023661.jpg,0
607845027713,https://cdn.shopify.com/s/files/1/0679/9792/5684/products/607845027713-9.jpg?v=1671842417,cdn.shopify.com,shopify,files/remote/cdn.shopify.com/607845027713.jpg,0
607845027720,https://cdn.shopify.com/s/files/1/0679/9792/5684/products/607845027720-9.jpg?v=1671842399,cdn.shopify.com,shopify,files/remote/cdn.shopify.com/607845027720.jpg,0
607845034209,https://cdn.shopify.com/s/files/1/0679/9792/5684/products/607845034209-9.jpg?v=1671842586,cdn.shopify.com,shopify,files/remote/cdn.shopify.com/607845034209.jpg,0
607845066095,https://cdn.shopify.com/s/files/1/0679/9792/5684/files/S229269.jpg?v=1740630617,cdn.shopify.com,shopify,files/remote/cdn.shopify.com/607845066095.jpg,0
607845066132,https://cdn.shopify.com/s/files/1/0679/9792/5684/products/607845066132-9.jpg?v=1671842549,cdn.shopify.com,shopify,files/remote/cdn.shopify.com/607845066132.jpg,0
607845066194,https://cdn.shopify.com/s/files/1/0679/9792/5684/files/R331039.jpg?v=1740630610,cdn.shopify.com,shopify,files/remote/cdn.shopify.com/607845066194.jpg,0
607845066255,https://cdn.shopify.com/s/files/1/0679/9792/5684/files/J70129.jpg?v=1740630613,cdn.shopify.com,shopify,files/remote/cdn.shopify.com/607845066255.jpg,0
607845070085,https://cdn.shopify.com/s/files/1/0679/9792/5684/products/607845070085-9.jpg?v=1673054755,cdn.shopify.com,shopify,files/remote/cdn.shopify.com/607845070085.jpg,0
607845099109,https://cdn.shopify.com/s/files/1/0679/9792/5684/products/607845099109-9.jpg?v=1671842365,cdn.shopify.com,shopify,files/remote/cdn.shopify.com/607845099109.jpg,0
6085010044712,https://cdn.shopify.com/s/files/1/0679/9792/5684/files/K365196.jpg?v=1740617200,cdn.shopify.com,shopify,files/remote/cdn.shopify.com/6085010044712.jpg,0
6085010092058,https://images.btswholesaler.com/imgs/productos_cosmetica/imagenes/6085010092058.webp,images.btswholesaler.com,bts_cdn,files/remote/images.btswholesaler.com/6085010092058.webp,0
6085010093987,https://cdn.shopify.com/s/files/1/0679/9792/5684/files/A991837.jpg?v=1740617211,cdn.shopify.com,shopify,files/remote/cdn.shopify.com/6085010093987.jpg,0
6085010094144,https://cdn.shopify.com/s/files/1/0679/9792/5684/files/W205762.jpg?v=1740617188,cdn.shopify.com,shopify,files/remote/cdn.shopify.com/6085010094144.jpg,0
6085010094151,https://cdn.shopify.com/s/files/1/0679/9792/5684/files/E651523.jpg?v=1740609132,cdn.shopify.com,shopify,files/remote/cdn.shopify.com/6085010094151.jpg,0
6085010094182,https://images.btswholesaler.com/imgs/productos_cosmetica/imagenes/6085010094182.webp,images.btswholesaler.com,bts_cdn,files/remote/images.btswholesaler.com/6085010094182.webp,0
6085010094342,https://cdn.shopify.com/s/files/1/0679/9792/5684/files/U770217.jpg?v=1740636743,cdn.shopify.com,shopify,files/remote/cdn.shopify.com/6085010094342.jpg,0
6085010094823,https://cdn.shopify.com/s/files/1/0679/9792/5684/files/R489028.jpg?v=1740609163,cdn.shopify.com,shopify,files/remote/cdn.shopify.com/6085010094823.jpg,0
6085010094953,https://cdn.shopify.com/s/files/1/0679/9792/5684/files/E731523.jpg?v=1740617255,cdn.shopify.com,shopify,files/remote/cdn.shopify.com/6085010094953.jpg,0
6085010094977,https://cdn.shopify.com/s/files/1/0679/9792/5684/files/H858775.jpg?v=1740609142,cdn.shopify.com,shopify,files/remote/cdn.shopify.com/6085010094977.jpg,0
608940517482,https://cdn.shopify.com/s/files/1/0679/9792/5684/files/V1782.jpg?v=1740615054,cdn.shopify.com,shopify,files/remote/cdn.shopify.com/608940517482.jpg,0
608940556016,https://cdn.shopify.com/s/files/1/0679/9792/5684/files/H525775.jpg?v=1740619830,cdn.shopify.com,shopify,files/remote/cdn.shopify.com/608940556016.jpg,0
608940556023,https://cdn.shopify.com/s/files/1/0679/9792/5684/files/K910266.jpg?v=1740619826,cdn.shopify.com,shopify,files/remote/cdn.shopify.com/608940556023.jpg,0
608940578919,https://cdn.shopify.com/s/files/1/0679/9792/5684/files/L726271.jpg?v=1740619835,cdn.shopify.com,shopify,files/remote/cdn.shopify.com/608940578919.jpg,0
608940579213,https://cdn.shopify.com/s/files/1/0679/9792/5684/files/L526042.jpg?v=1740636933,cdn.shopify.com,shopify,files/remote/cdn.shopify.com/608940579213.jpg,0
608940580028,https://cdn.shopify.com/s/files/1/0679/9792/5684/files/T964278.jpg?v=1740622208,cdn.shopify.com,shopify,files/remote/cdn.shopify.com/608940580028.jpg,0
608940581186,https://cdn.shopify.com/s/files/1/0679/9792/5684/files/F577551.jpg?v=1740622200,cdn.shopify.com,shopify,files/remote/cdn.shopify.com/608940581186.jpg,0
608940583753,https://cdn.shopify.com/s/files/1/0679/9792/5684/files/F405651.jpg?v=1740622767,cdn.shopify.com,shopify,files/remote/cdn.shopify.com/608940583753.jpg,0
612600110043,https://cdn.shopify.com/s/files/1/0679/9792/5684/files/T594264.jpg?v=1740625098,cdn.shopify.com,shopify,files/remote/cdn.shopify.com/612600110043.jpg,0
612600110098,https://cdn.shopify.com/s/files/1/0679/9792/5684/files/V161775.jpg?v=1740625106,cdn.shopify.com,shopify,files/remote/cdn.shopify.com/612600110098.jpg,0
612600110104,https://cdn.shopify.com/s/files/1/0679/9792/5684/files/V621897.jpg?v=1740625135,cdn.shopify.com,shopify,files/remote/cdn.shopify.com/612600110104.jpg,0
612600110128,https://cdn.shopify.com/s/files/1/0679/9792/5684/files/Z919429.jpg?v=1740625120,cdn.shopify.com,shopify,files/remote/cdn.shopify.com/612600110128.jpg,0
612600110289,https://cdn.shopify.com/s/files/1/0679/9792/5684/files/J291981.jpg?v=1740625117,cdn.shopify.com,shopify,files/remote/cdn.shopify.com/612600110289.jpg,0
612600110401,https://cdn.shopify.com/s/files/1/0679/9792/5684/files/N4640213.jpg?v=1740625128,cdn.shopify.com,shopify,files/remote/cdn.shopify.com/612600110401.jpg,0
614514204016,https://cdn.shopify.com/s/files/1/0679/9792/5684/files/J139981.jpg?v=1740615467,cdn.shopify.com,shopify,files/remote/cdn.shopify.com/614514204016.jpg,0
614514204061,https://cdn.shopify.com/s/files/1/0679/9792/5684/files/L124560.jpg?v=1740621482,cdn.shopify.com,shopify,files/remote/cdn.shopify.com/614514204061.jpg,0
614514253038,https://cdn.shopify.com/s/files/1/0679/9792/5684/files/P805222.jpg?v=1740621473,cdn.shopify.com,shopify,files/remote/cdn.shopify.com/614514253038.jpg,0
614514253083,https://cdn.shopify.com/s/files/1/0679/9792/5684/files/L724561.jpg?v=1740615463,cdn.shopify.com,shopify,files/remote/cdn.shopify.com/614514253083.jpg,0
614969001062,https://cdn.shopify.com/s/files/1/0679/9792/5684/files/B412212.jpg?v=1740627057,cdn.shopify.com,shopify,files/remote/cdn.shopify.com/614969001062.jpg,0
614969002120,https://cdn.shopify.com/s/files/1/0679/9792/5684/files/T879277.jpg?v=1740627592,cdn.shopify.com,shopify,files/remote/cdn.shopify.com/614969002120.jpg,0
614969002540,https://cdn.shopify.com/s/files/1/0679/9792/5684/files/P345231.jpg?v=1740627599,cdn.shopify.com,shopify,files/remote/cdn.shopify.com/614969002540.jpg,0
614969003042,https://cdn.shopify.com/s/files/1/0679/9792/5684/files/D2276109.jpg?v=1740628591,cdn.shopify.com,shopify,files/remote/cdn.shopify.com/614969003042.jpg,0
614969003349,https://cdn.shopify.com/s/files/1/0679/9792/5684/files/F558251.jpg?v=1740628583,cdn.shopify.com,shopify,files/remote/cdn.shopify.com/614969003349.jpg,0
614969003356,https://cdn.shopify.com/s/files/1/0679/9792/5684/files/F557651.jpg?v=1740628587,cdn.shopify.com,shopify,files/remote/cdn.shopify.com/614969003356.jpg,0
614969003417,https://cdn.shopify.com/s/files/1/0679/9792/5684/files/J557681.jpg?v=1740627053,cdn.shopify.com,shopify,files/remote/cdn.shopify.com/614969003417.jpg,0
614969003530,https://cdn.shopify.com/s/files/1/0679/9792/5684/files/B256467.jpg?v=1740627065,cdn.shopify.com,shopify,files/remote/cdn.shopify.com/614969003530.jpg,0
614969004971,https://cdn.shopify.com/s/files/1/0679/9792/5684/files/J558081.jpg?v=1740628131,cdn.shopify.com,shopify,files/remote/cdn.shopify.com/614969004971.jpg,0
614969004988,https://cdn.shopify.com/s/files/1/0679/9792/5684/files/Z161431.jpg?v=1740628127,cdn.shopify.com,shopify,files/remote/cdn.shopify.com/614969004988.jpg,0
614969005473,https://cdn.shopify.com/s/files/1/0679/9792/5684/files/D0666109.jpg?v=1740627607,cdn.shopify.com,shopify,files/remote/cdn.shopify.com/614969005473.jpg,0
614969005756,https://cdn.shopify.com/s/files/1/0679/9792/5684/files/J557581.jpg?v=1740627061,cdn.shopify.com,shopify,files/remote/cdn.shopify.com/614969005756.jpg,0
614969006470,https://cdn.shopify.com/s/files/1/0679/9792/5684/files/T019278.jpg?v=1740626832,cdn.shopify.com,shopify,files/remote/cdn.shopify.com/614969006470.jpg,0
614969006722,https://cdn.shopify.com/s/files/1/0679/9792/5684/files/P161231.jpg?v=1740627596,cdn.shopify.com,shopify,files/remote/cdn.shopify.com/614969006722.jpg,0
615908423143,https://cdn.shopify.com/s/files/1/0679/9792/5684/files/F76351.jpg?v=1740626021,cdn.shopify.com,shopify,files/remote/cdn.shopify.com/615908423143.jpg,0
615908423150,https://cdn.shopify.com/s/files/1/0679/9792/5684/files/P27235.jpg?v=1740624754,cdn.shopify.com,shopify,files/remote/cdn.shopify.com/615908423150.jpg,0
615908424263,https://cdn.shopify.com/s/files/1/0679/9792/5684/files/S968124.jpg?v=1740626806,cdn.shopify.com,shopify,files/remote/cdn.shopify.com/615908424263.jpg,0
615908431421,https://cdn.shopify.com/s/files/1/0679/9792/5684/files/F290351.jpg?v=1740626785,cdn.shopify.com,shopify,files/remote/cdn.shopify.com/615908431421.jpg,0
615908431766,https://images.btswholesaler.com/imgs/productos_cosmetica/imagenes/0615908431766_1.webp,images.btswholesaler.com,bts_cdn,files/remote/images.btswholesaler.com/615908431766.webp,0
615908942217,https://cdn.shopify.com/s/files/1/0679/9792/5684/products/615908942217-9.jpg?v=1671909088,cdn.shopify.com,shopify,files/remote/cdn.shopify.com/615908942217.jpg,0
618862099638,https://cdn.shopify.com/s/files/1/0679/9792/5684/files/V241917.jpg?v=1740626438,cdn.shopify.com,shopify,files/remote/cdn.shopify.com/618862099638.jpg,0
619098080346,https://cdn.shopify.com/s/files/1/0679/9792/5684/files/A624952.jpg?v=1740615419,cdn.shopify.com,shopify,files/remote/cdn.shopify.com/619098080346.jpg,0
619828101310,https://cdn.shopify.com/s/files/1/0679/9792/5684/files/P05234.jpg?v=1740633287,cdn.shopify.com,shopify,files/remote/cdn.shopify.com/619828101310.jpg,0
6238542876317,https://images.btswholesaler.com/imgs/productos_cosmetica/imagenes/6238542876317.webp,images.btswholesaler.com,bts_cdn,files/remote/images.btswholesaler.com/6238542876317.webp,0
628110534002,https://cdn.shopify.com/s/files/1/0679/9792/5684/products/628110534002-9.jpg?v=1671859243,cdn.shopify.com,shopify,files/remote/cdn.shopify.com/628110534002.jpg,0
6283567789203,https://cdn.shopify.com/s/files/1/0679/9792/5684/files/J546181.jpg?v=1740636957,cdn.shopify.com,shopify,files/remote/cdn.shopify.com/6283567789203.jpg,0
6290021555458,https://images.btswholesaler.com/imgs/productos_cosmetica/imagenes/6290021555458.webp,images.btswholesaler.com,bts_cdn,files/remote/images.btswholesaler.com/6290021555458.webp,0
6290064558416,https://images.btswholesaler.com/imgs/productos_cosmetica/imagenes/6290064558416.webp,images.btswholesaler.com,bts_cdn,files/remote/images.btswholesaler.com/6290064558416.webp,0
6290171000976,https://cdn.shopify.com/s/files/1/0679/9792/5684/files/E755231.jpg?v=1740617063,cdn.shopify.com,shopify,files/remote/cdn.shopify.com/6290171000976.jpg,0
6290171002048,https://images.btswholesaler.com/imgs/productos_cosmetica/imagenes/6290171002048.webp,images.btswholesaler.com,bts_cdn,files/remote/images.btswholesaler.com/6290171002048.webp,0
6290171002079,https://images.btswholesaler.com/imgs/productos_cosmetica/imagenes/6290171002079.webp,images.btswholesaler.com,bts_cdn,files/remote/images.btswholesaler.com/6290171002079.webp,0
6290171002178,https://images.btswholesaler.com/imgs/productos_cosmetica/imagenes/6290171002178.webp,images.btswholesaler.com,bts_cdn,files/remote/images.btswholesaler.com/6290171002178.webp,0
6290171002253,https://cdn.shopify.com/s/files/1/0679/9792/5684/files/Z999426.jpg?v=1740617045,cdn.shopify.com,shopify,files/remote/cdn.shopify.com/6290171002253.jpg,0
6290171002284,https://images.btswholesaler.com/imgs/productos_cosmetica/imagenes/6290171002284.webp,images.btswholesaler.com,bts_cdn,files/remote/images.btswholesaler.com/6290171002284.webp,0
6290171002338,https://cdn.shopify.com/s/files/1/0679/9792/5684/files/B366405.jpg?v=1740617036,cdn.shopify.com,shopify,files/remote/cdn.shopify.com/6290171002338.jpg,0
6290171002345,https://cdn.shopify.com/s/files/1/0679/9792/5684/files/T524275.jpg?v=1740608847,cdn.shopify.com,shopify,files/remote/cdn.shopify.com/6290171002345.jpg,0
6290171040644,https://images.btswholesaler.com/imgs/productos_cosmetica/imagenes/6290171040644.webp,images.btswholesaler.com,bts_cdn,files/remote/images.btswholesaler.com/6290171040644.webp,0
6290171040682,https://cdn.shopify.com/s/files/1/0679/9792/5684/files/T499267.jpg?v=1740617049,cdn.shopify.com,shopify,files/remote/cdn.shopify.com/6290171040682.jpg,0
6290171070207,https://cdn.shopify.com/s/files/1/0679/9792/5684/files/N1446212.jpg?v=1740622560,cdn.shopify.com,shopify,files/remote/cdn.shopify.com/6290171070207.jpg,0
6290171070214,https://cdn.shopify.com/s/files/1/0679/9792/5684/files/L325397.jpg?v=1740617056,cdn.shopify.com,shopify,files/remote/cdn.shopify.com/6290171070214.jpg,0
6290171070269,https://images.btswholesaler.com/imgs/productos_cosmetica/imagenes/6290171070269.webp,images.btswholesaler.com,bts_cdn,files/remote/images.btswholesaler.com/6290171070269.webp,0
6290171070276,https://images.btswholesaler.com/imgs/productos_cosmetica/imagenes/6290171070276.webp,images.btswholesaler.com,bts_cdn,files/remote/images.btswholesaler.com/6290171070276.webp,0
6290171070283,https://cdn.shopify.com/s/files/1/0679/9792/5684/files/J479881.jpg?v=1740622564,cdn.shopify.com,shopify,files/remote/cdn.shopify.com/6290171070283.jpg,0
6290171070580,https://cdn.shopify.com/s/files/1/0679/9792/5684/files/V281931.jpg?v=1740617041,cdn.shopify.com,shopify,files/remote/cdn.shopify.com/6290171070580.jpg,0
6290171071143,https://cdn.shopify.com/s/files/1/0679/9792/5684/files/F351151.jpg?v=1740622551,cdn.shopify.com,shopify,files/remote/cdn.shopify.com/6290171071143.jpg,0
6290171071938,https://images.btswholesaler.com/imgs/productos_cosmetica/imagenes/6290171071938.webp,images.btswholesaler.com,bts_cdn,files/remote/images.btswholesaler.com/6290171071938.webp,0
6290171072027,https://images.btswholesaler.com/imgs/productos_cosmetica/imagenes/6290171072027.webp,images.btswholesaler.com,bts_cdn,files/remote/images.btswholesaler.com/6290171072027.webp,0
6290171072256,https://cdn.shopify.com/s/files/1/0679/9792/5684/files/B086445.jpg?v=1740622568,cdn.shopify.com,shopify,files/remote/cdn.shopify.com/6290171072256.jpg,0
6290171072607,https://cdn.shopify.com/s/files/1/0679/9792/5684/files/Z265430.jpg?v=1740608854,cdn.shopify.com,shopify,files/remote/cdn.shopify.com/6290171072607.jpg,0
6290171072614,https://images.btswholesaler.com/imgs/productos_cosmetica/imagenes/6290171072614.webp,images.btswholesaler.com,bts_cdn,files/remote/images.btswholesaler.com/6290171072614.webp,0
6290171073482,https://images.btswholesaler.com/imgs/productos_cosmetica/imagenes/6290171073482.webp,images.btswholesaler.com,bts_cdn,files/remote/images.btswholesaler.com/6290171073482.webp,0
6290171073932,https://images.btswholesaler.com/imgs/productos_cosmetica/imagenes/6290171073932.webp,images.btswholesaler.com,bts_cdn,files/remote/images.btswholesaler.com/6290171073932.webp,0
6290171073949,https://cdn.shopify.com/s/files/1/0679/9792/5684/files/T034274.jpg?v=1740608859,cdn.shopify.com,shopify,files/remote/cdn.shopify.com/6290171073949.jpg,0
6290171074083,https://images.btswholesaler.com/imgs/productos_cosmetica/imagenes/6290171074083.webp,images.btswholesaler.com,bts_cdn,files/remote/images.btswholesaler.com/6290171074083.webp,0
6290171074090,https://images.btswholesaler.com/imgs/productos_cosmetica/imagenes/6290171074090.webp,images.btswholesaler.com,bts_cdn,files/remote/images.btswholesaler.com/6290171074090.webp,0
6290171074205,https://cdn.shopify.com/s/files/1/0679/9792/5684/files/V181890.jpg?v=1740622572,cdn.shopify.com,shopify,files/remote/cdn.shopify.com/6290171074205.jpg,0
6290171074236,https://images.btswholesaler.com/imgs/productos_cosmetica/imagenes/6290171074236.webp,images.btswholesaler.com,bts_cdn,files/remote/images.btswholesaler.com/6290171074236.webp,0
6290171074458,https://images.btswholesaler.com/imgs/productos_cosmetica/imagenes/6290171074458.webp,images.btswholesaler.com,bts_cdn,files/remote/images.btswholesaler.com/6290171074458.webp,0
6290171075639,https://images.btswholesaler.com/imgs/productos_cosmetica/imagenes/6290171075639.webp,images.btswholesaler.com,bts_cdn,files/remote/images.btswholesaler.com/6290171075639.webp,0
6290360370187,https://images.btswholesaler.com/imgs/productos_cosmetica/imagenes/6290360370187.webp,images.btswholesaler.com,bts_cdn,files/remote/images.btswholesaler.com/6290360370187.webp,0
6290360375687,https://images.btswholesaler.com/imgs/productos_cosmetica/imagenes/6290360375687.webp,images.btswholesaler.com,bts_cdn,files/remote/images.btswholesaler.com/6290360375687.webp,0
6290360375694,https://images.btswholesaler.com/imgs/productos_cosmetica/imagenes/6290360375694.webp,images.btswholesaler.com,bts_cdn,files/remote/images.btswholesaler.com/6290360375694.webp,0
6290360378602,https://images.btswholesaler.com/imgs/productos_cosmetica/imagenes/6290360378602.webp,images.btswholesaler.com,bts_cdn,files/remote/images.btswholesaler.com/6290360378602.webp,0
6290360379197,https://images.btswholesaler.com/imgs/productos_cosmetica/imagenes/6290360379197.webp,images.btswholesaler.com,bts_cdn,files/remote/images.btswholesaler.com/6290360379197.webp,0
6290360542638,https://cdn.shopify.com/s/files/1/0679/9792/5684/files/D1486107.jpg?v=1740620132,cdn.shopify.com,shopify,files/remote/cdn.shopify.com/6290360542638.jpg,0
6290360590158,https://cdn.shopify.com/s/files/1/0679/9792/5684/files/L926074.jpg?v=1740623647,cdn.shopify.com,shopify,files/remote/cdn.shopify.com/6290360590158.jpg,0
6290360590189,https://cdn.shopify.com/s/files/1/0679/9792/5684/files/J507981.jpg?v=1740620140,cdn.shopify.com,shopify,files/remote/cdn.shopify.com/6290360590189.jpg,0
6290360590349,https://cdn.shopify.com/s/files/1/0679/9792/5684/files/P185230.jpg?v=1740624180,cdn.shopify.com,shopify,files/remote/cdn.shopify.com/6290360590349.jpg,0
6290360590646,https://images.btswholesaler.com/imgs/productos_cosmetica/imagenes/6290360590646.webp,images.btswholesaler.com,bts_cdn,files/remote/images.btswholesaler.com/6290360590646.webp,0
6290360590684,https://images.btswholesaler.com/imgs/productos_cosmetica/imagenes/6290360590684.webp,images.btswholesaler.com,bts_cdn,files/remote/images.btswholesaler.com/6290360590684.webp,0
6290360590790,https://images.btswholesaler.com/imgs/productos_cosmetica/imagenes/6290360590790.webp,images.btswholesaler.com,bts_cdn,files/remote/images.btswholesaler.com/6290360590790.webp,0
6290360590820,https://images.btswholesaler.com/imgs/productos_cosmetica/imagenes/6290360590820.webp,images.btswholesaler.com,bts_cdn,files/remote/images.btswholesaler.com/6290360590820.webp,0
6290360590868,https://images.btswholesaler.com/imgs/productos_cosmetica/imagenes/6290360590868_1.webp,images.btswholesaler.com,bts_cdn,files/remote/images.btswholesaler.com/6290360590868.webp,0
6290360591421,https://cdn.shopify.com/s/files/1/0679/9792/5684/files/P161230.jpg?v=1740613897,cdn.shopify.com,shopify,files/remote/cdn.shopify.com/6290360591421.jpg,0
6290360591506,https://cdn.shopify.com/s/files/1/0679/9792/5684/files/V241911.jpg?v=1740623584,cdn.shopify.com,shopify,files/remote/cdn.shopify.com/6290360591506.jpg,0
6290360591513,https://images.btswholesaler.com/imgs/productos_cosmetica/imagenes/6290360591513.webp,images.btswholesaler.com,bts_cdn,files/remote/images.btswholesaler.com/6290360591513.webp,0
6290360591544,https://cdn.shopify.com/s/files/1/0679/9792/5684/files/F508151.jpg?v=1740623532,cdn.shopify.com,shopify,files/remote/cdn.shopify.com/6290360591544.jpg,0
6290360591551,https://cdn.shopify.com/s/files/1/0679/9792/5684/files/J508081.jpg?v=1740623521,cdn.shopify.com,shopify,files/remote/cdn.shopify.com/6290360591551.jpg,0
6290360591568,https://images.btswholesaler.com/imgs/productos_cosmetica/imagenes/6290360591568.webp,images.btswholesaler.com,bts_cdn,files/remote/images.btswholesaler.com/6290360591568.webp,0
6290360591599,https://images.btswholesaler.com/imgs/productos_cosmetica/imagenes/6290360591599.webp,images.btswholesaler.com,bts_cdn,files/remote/images.btswholesaler.com/6290360591599.webp,0
6290360591605,https://images.btswholesaler.com/imgs/productos_cosmetica/imagenes/6290360591605.webp,images.btswholesaler.com,bts_cdn,files/remote/images.btswholesaler.com/6290360591605.webp,0
6290360591629,https://images.btswholesaler.com/imgs/productos_cosmetica/imagenes/6290360591629.webp,images.btswholesaler.com,bts_cdn,files/remote/images.btswholesaler.com/6290360591629.webp,0
6290360591964,https://images.btswholesaler.com/imgs/productos_cosmetica/imagenes/6290360591964.webp,images.btswholesaler.com,bts_cdn,files/remote/images.btswholesaler.com/6290360591964.webp,0
6290360592107,https://images.btswholesaler.com/imgs/productos_cosmetica/imagenes/6290360592107_1.webp,images.btswholesaler.com,bts_cdn,files/remote/images.btswholesaler.com/6290360592107.webp,0
6290360592169,https://images.btswholesaler.com/imgs/productos_cosmetica/imagenes/6290360592169.webp,images.btswholesaler.com,bts_cdn,files/remote/images.btswholesaler.com/6290360592169.webp,0
6290360592176,https://images.btswholesaler.com/imgs/productos_cosmetica/imagenes/6290360592176.webp,images.btswholesaler.com,bts_cdn,files/remote/images.btswholesaler.com/6290360592176.webp,0
6290360592183,https://images.btswholesaler.com/imgs/productos_cosmetica/imagenes/6290360592183.webp,images.btswholesaler.com,bts_cdn,files/remote/images.btswholesaler.com/6290360592183.webp,0
6290360592930,https://images.btswholesaler.com/imgs/productos_cosmetica/imagenes/6290360592930.webp,images.btswholesaler.com,bts_cdn,files/remote/images.btswholesaler.com/6290360592930.webp,0
6290360592954,https://images.btswholesaler.com/imgs/productos_cosmetica/imagenes/6290360592954.webp,images.btswholesaler.com,bts_cdn,files/remote/images.btswholesaler.com/6290360592954.webp,0
6290360592961,https://images.btswholesaler.com/imgs/productos_cosmetica/imagenes/6290360592961.webp,images.btswholesaler.com,bts_cdn,files/remote/images.btswholesaler.com/6290360592961.webp,0
6290360593036,https://images.btswholesaler.com/imgs/productos_cosmetica/imagenes/6290360593036.webp,images.btswholesaler.com,bts_cdn,files/remote/images.btswholesaler.com/6290360593036.webp,0
6290360593050,https://images.btswholesaler.com/imgs/productos_cosmetica/imagenes/6290360593050.webp,images.btswholesaler.com,bts_cdn,files/remote/images.btswholesaler.com/6290360593050.webp,0
6290360593135,https://cdn.shopify.com/s/files/1/0679/9792/5684/files/V621942.jpg?v=1740623570,cdn.shopify.com,shopify,files/remote/cdn.shopify.com/6290360593135.jpg,0
6290360593142,https://cdn.shopify.com/s/files/1/0679/9792/5684/files/V701904.jpg?v=1740623577,cdn.shopify.com,shopify,files/remote/cdn.shopify.com/6290360593142.jpg,0
6290360593166,https://cdn.shopify.com/s/files/1/0679/9792/5684/files/V761904.jpg?v=1740613859,cdn.shopify.com,shopify,files/remote/cdn.shopify.com/6290360593166.jpg,0
6290360593180,https://cdn.shopify.com/s/files/1/0679/9792/5684/files/N6026213.jpg?v=1740613870,cdn.shopify.com,shopify,files/remote/cdn.shopify.com/6290360593180.jpg,0
6290360593227,https://images.btswholesaler.com/imgs/productos_cosmetica/imagenes/6290360593227.webp,images.btswholesaler.com,bts_cdn,files/remote/images.btswholesaler.com/6290360593227.webp,0
6290360593234,https://images.btswholesaler.com/imgs/productos_cosmetica/imagenes/6290360593234.webp,images.btswholesaler.com,bts_cdn,files/remote/images.btswholesaler.com/6290360593234.webp,0
6290360593661,https://images.btswholesaler.com/imgs/productos_cosmetica/imagenes/6290360593661_1.webp,images.btswholesaler.com,bts_cdn,files/remote/images.btswholesaler.com/6290360593661.webp,0
6290360594293,https://images.btswholesaler.com/imgs/productos_cosmetica/imagenes/6290360594293.webp,images.btswholesaler.com,bts_cdn,files/remote/images.btswholesaler.com/6290360594293.webp,0
6290360594552,https://cdn.shopify.com/s/files/1/0679/9792/5684/files/B406452.jpg?v=1740613905,cdn.shopify.com,shopify,files/remote/cdn.shopify.com/6290360594552.jpg,0
6290360595764,https://images.btswholesaler.com/imgs/productos_cosmetica/imagenes/6290360595764.webp,images.btswholesaler.com,bts_cdn,files/remote/images.btswholesaler.com/6290360595764.webp,0
6290360595771,https://images.btswholesaler.com/imgs/productos_cosmetica/imagenes/6290360595771.webp,images.btswholesaler.com,bts_cdn,files/remote/images.btswholesaler.com/6290360595771.webp,0
6290360597133,https://cdn.shopify.com/s/files/1/0679/9792/5684/files/B436452.jpg?v=1740623529,cdn.shopify.com,shopify,files/remote/cdn.shopify.com/6290360597133.jpg,0
6290360597188,https://cdn.shopify.com/s/files/1/0679/9792/5684/files/D5456105.jpg?v=1740635926,cdn.shopify.com,shopify,files/remote/cdn.shopify.com/6290360597188.jpg,0
6290360597195,https://cdn.shopify.com/s/files/1/0679/9792/5684/files/J507781.jpg?v=1740635930,cdn.shopify.com,shopify,files/remote/cdn.shopify.com/6290360597195.jpg,0
6290360597218,https://cdn.shopify.com/s/files/1/0679/9792/5684/files/Z155430.jpg?v=1740635934,cdn.shopify.com,shopify,files/remote/cdn.shopify.com/6290360597218.jpg,0
6290360597225,https://cdn.shopify.com/s/files/1/0679/9792/5684/files/N5702213.jpg?v=1740635938,cdn.shopify.com,shopify,files/remote/cdn.shopify.com/6290360597225.jpg,0
6290360597935,https://images.btswholesaler.com/imgs/productos_cosmetica/imagenes/6290360597935.webp,images.btswholesaler.com,bts_cdn,files/remote/images.btswholesaler.com/6290360597935.webp,0
6290360597942,https://images.btswholesaler.com/imgs/productos_cosmetica/imagenes/6290360597942.webp,images.btswholesaler.com,bts_cdn,files/remote/images.btswholesaler.com/6290360597942.webp,0
6290360597973,https://images.btswholesaler.com/imgs/productos_cosmetica/imagenes/6290360597973.webp,images.btswholesaler.com,bts_cdn,files/remote/images.btswholesaler.com/6290360597973.webp,0
6290360598321,https://images.btswholesaler.com/imgs/productos_cosmetica/imagenes/6290360598321.webp,images.btswholesaler.com,bts_cdn,files/remote/images.btswholesaler.com/6290360598321.webp,0
6290360598352,https://images.btswholesaler.com/imgs/productos_cosmetica/imagenes/6290360598352_1.webp,images.btswholesaler.com,bts_cdn,files/remote/images.btswholesaler.com/6290360598352.webp,0
6290360598789,https://images.btswholesaler.com/imgs/productos_cosmetica/imagenes/6290360598789.webp,images.btswholesaler.com,bts_cdn,files/remote/images.btswholesaler.com/6290360598789.webp,0
6290360598796,https://images.btswholesaler.com/imgs/productos_cosmetica/imagenes/6290360598796.webp,images.btswholesaler.com,bts_cdn,files/remote/images.btswholesaler.com/6290360598796.webp,0
6290360598963,https://images.btswholesaler.com/imgs/productos_cosmetica/imagenes/6290360598963.webp,images.btswholesaler.com,bts_cdn,files/remote/images.btswholesaler.com/6290360598963.webp,0
6290360599168,https://cdn.shopify.com/s/files/1/0679/9792/5684/files/L926244.jpg?v=1740613883,cdn.shopify.com,shopify,files/remote/cdn.shopify.com/6290360599168.jpg,0
6290360599441,https://images.btswholesaler.com/imgs/productos_cosmetica/imagenes/6290360599441.webp,images.btswholesaler.com,bts_cdn,files/remote/images.btswholesaler.com/6290360599441.webp,0
6290360599465,https://images.btswholesaler.com/imgs/productos_cosmetica/imagenes/6290360599465.webp,images.btswholesaler.com,bts_cdn,files/remote/images.btswholesaler.com/6290360599465.webp,0
6290361911563,https://images.btswholesaler.com/imgs/productos_cosmetica/imagenes/6290361911563.webp,images.btswholesaler.com,bts_cdn,files/remote/images.btswholesaler.com/6290361911563.webp,0
6290362340133,https://images.btswholesaler.com/imgs/productos_cosmetica/imagenes/6290362340133.webp,images.btswholesaler.com,bts_cdn,files/remote/images.btswholesaler.com/6290362340133.webp,0
6290362340645,https://images.btswholesaler.com/imgs/productos_cosmetica/imagenes/6290362340645.webp,images.btswholesaler.com,bts_cdn,files/remote/images.btswholesaler.com/6290362340645.webp,0
6290362341253,https://images.btswholesaler.com/imgs/productos_cosmetica/imagenes/6290362341253.webp,images.btswholesaler.com,bts_cdn,files/remote/images.btswholesaler.com/6290362341253.webp,0
6290362341826,https://images.btswholesaler.com/imgs/productos_cosmetica/imagenes/6290362341826.webp,images.btswholesaler.com,bts_cdn,files/remote/images.btswholesaler.com/6290362341826.webp,0
6290362342373,https://images.btswholesaler.com/imgs/productos_cosmetica/imagenes/6290362342373.webp,images.btswholesaler.com,bts_cdn,files/remote/images.btswholesaler.com/6290362342373.webp,0
6290362342762,https://cdn.shopify.com/s/files/1/0679/9792/5684/files/B546474.jpg?v=1740609058,cdn.shopify.com,shopify,files/remote/cdn.shopify.com/6290362342762.jpg,0
6290362343097,https://images.btswholesaler.com/imgs/productos_cosmetica/imagenes/6290362343097.webp,images.btswholesaler.com,bts_cdn,files/remote/images.btswholesaler.com/6290362343097.webp,0
6290362343240,https://images.btswholesaler.com/imgs/productos_cosmetica/imagenes/6290362343240.webp,images.btswholesaler.com,bts_cdn,files/remote/images.btswholesaler.com/6290362343240.webp,0
6290362345817,https://images.btswholesaler.com/imgs/productos_cosmetica/imagenes/6290362345817.webp,images.btswholesaler.com,bts_cdn,files/remote/images.btswholesaler.com/6290362345817.webp,0
6290362347484,https://images.btswholesaler.com/imgs/productos_cosmetica/imagenes/6290362347484.webp,images.btswholesaler.com,bts_cdn,files/remote/images.btswholesaler.com/6290362347484.webp,0
6290362348061,https://images.btswholesaler.com/imgs/productos_cosmetica/imagenes/6290362348061.webp,images.btswholesaler.com,bts_cdn,files/remote/images.btswholesaler.com/6290362348061.webp,0
6290362349112,https://images.btswholesaler.com/imgs/productos_cosmetica/imagenes/6290362349112.webp,images.btswholesaler.com,bts_cdn,files/remote/images.btswholesaler.com/6290362349112.webp,0
6290362349129,https://images.btswholesaler.com/imgs/productos_cosmetica/imagenes/6290362349129.webp,images.btswholesaler.com,bts_cdn,files/remote/images.btswholesaler.com/6290362349129.webp,0
6291100130115,https://cdn.shopify.com/s/files/1/0679/9792/5684/files/Z165421.jpg?v=1740608874,cdn.shopify.com,shopify,files/remote/cdn.shopify.com/6291100130115.jpg,0
6291100130122,https://cdn.shopify.com/s/files/1/0679/9792/5684/files/N580295.jpg?v=1740622590,cdn.shopify.com,shopify,files/remote/cdn.shopify.com/6291100130122.jpg,0
6291100130153,https://images.btswholesaler.com/imgs/productos_cosmetica/imagenes/6291100130153.webp,images.btswholesaler.com,bts_cdn,files/remote/images.btswholesaler.com/6291100130153.webp,0
6291100130177,https://cdn.shopify.com/s/files/1/0679/9792/5684/files/L124876.jpg?v=1740622609,cdn.shopify.com,shopify,files/remote/cdn.shopify.com/6291100130177.jpg,0
6291100130467,https://cdn.shopify.com/s/files/1/0679/9792/5684/files/L524218.jpg?v=1740617071,cdn.shopify.com,shopify,files/remote/cdn.shopify.com/6291100130467.jpg,0
6291100130498,https://cdn.shopify.com/s/files/1/0679/9792/5684/files/T011247.jpg?v=1740622593,cdn.shopify.com,shopify,files/remote/cdn.shopify.com/6291100130498.jpg,0
6291100130597,https://cdn.shopify.com/s/files/1/0679/9792/5684/files/J052481.jpg?v=1740617074,cdn.shopify.com,shopify,files/remote/cdn.shopify.com/6291100130597.jpg,0
6291100130634,https://images.btswholesaler.com/imgs/productos_cosmetica/imagenes/6291100130634.webp,images.btswholesaler.com,bts_cdn,files/remote/images.btswholesaler.com/6291100130634.webp,0
6291100130801,https://images.btswholesaler.com/imgs/productos_cosmetica/imagenes/6291100130801.webp,images.btswholesaler.com,bts_cdn,files/remote/images.btswholesaler.com/6291100130801.webp,0
6291100130825,https://cdn.shopify.com/s/files/1/0679/9792/5684/files/L726173.jpg?v=1740622621,cdn.shopify.com,shopify,files/remote/cdn.shopify.com/6291100130825.jpg,0
6291100130979,https://images.btswholesaler.com/imgs/productos_cosmetica/imagenes/6291100130979.webp,images.btswholesaler.com,bts_cdn,files/remote/images.btswholesaler.com/6291100130979.webp,0
6291100130986,https://cdn.shopify.com/s/files/1/0679/9792/5684/files/D2866105.jpg?v=1740622613,cdn.shopify.com,shopify,files/remote/cdn.shopify.com/6291100130986.jpg,0
6291100131273,https://cdn.shopify.com/s/files/1/0679/9792/5684/files/D0376108.jpg?v=1740622617,cdn.shopify.com,shopify,files/remote/cdn.shopify.com/6291100131273.jpg,0
6291100131303,https://cdn.shopify.com/s/files/1/0679/9792/5684/files/T959260.jpg?v=1740608885,cdn.shopify.com,shopify,files/remote/cdn.shopify.com/6291100131303.jpg,0
6291100131617,https://cdn.shopify.com/s/files/1/0679/9792/5684/files/N923294.jpg?v=1740608878,cdn.shopify.com,shopify,files/remote/cdn.shopify.com/6291100131617.jpg,0
6291100131709,https://cdn.shopify.com/s/files/1/0679/9792/5684/files/N6710213.jpg?v=1740622586,cdn.shopify.com,shopify,files/remote/cdn.shopify.com/6291100131709.jpg,0
6291100131716,https://cdn.shopify.com/s/files/1/0679/9792/5684/files/J40229.jpg?v=1740622597,cdn.shopify.com,shopify,files/remote/cdn.shopify.com/6291100131716.jpg,0
6291100131853,https://cdn.shopify.com/s/files/1/0679/9792/5684/files/D3226106.jpg?v=1740622601,cdn.shopify.com,shopify,files/remote/cdn.shopify.com/6291100131853.jpg,0
6291100131990,https://images.btswholesaler.com/imgs/productos_cosmetica/imagenes/6291100131990.webp,images.btswholesaler.com,bts_cdn,files/remote/images.btswholesaler.com/6291100131990.webp,0
6291100132171,https://cdn.shopify.com/s/files/1/0679/9792/5684/files/J218481.jpg?v=1740622605,cdn.shopify.com,shopify,files/remote/cdn.shopify.com/6291100132171.jpg,0
6291100132287,https://cdn.shopify.com/s/files/1/0679/9792/5684/files/V941871.jpg?v=1740622582,cdn.shopify.com,shopify,files/remote/cdn.shopify.com/6291100132287.jpg,0
6291100136261,https://images.btswholesaler.com/imgs/productos_cosmetica/imagenes/6291100136261.webp,images.btswholesaler.com,bts_cdn,files/remote/images.btswholesaler.com/6291100136261.webp,0
6291100137565,https://images.btswholesaler.com/imgs/productos_cosmetica/imagenes/6291100137565.webp,images.btswholesaler.com,bts_cdn,files/remote/images.btswholesaler.com/6291100137565.webp,0
6291100139668,https://images.btswholesaler.com/imgs/productos_cosmetica/imagenes/6291100139668.webp,images.btswholesaler.com,bts_cdn,files/remote/images.btswholesaler.com/6291100139668.webp,0
6291106063233,https://cdn.shopify.com/s/files/1/0679/9792/5684/files/P279230.jpg?v=1740623622,cdn.shopify.com,shopify,files/remote/cdn.shopify.com/6291106063233.jpg,0
6291106065060,https://images.btswholesaler.com/imgs/productos_cosmetica/imagenes/6291106065060.webp,images.btswholesaler.com,bts_cdn,files/remote/images.btswholesaler.com/6291106065060.webp,0
6291106065114,https://cdn.shopify.com/s/files/1/0679/9792/5684/files/T399275.jpg?v=1740623629,cdn.shopify.com,shopify,files/remote/cdn.shopify.com/6291106065114.jpg,0
6291106066715,https://images.btswholesaler.com/imgs/productos_cosmetica/imagenes/6291106066715.webp,images.btswholesaler.com,bts_cdn,files/remote/images.btswholesaler.com/6291106066715.webp,0
6291106066722,https://images.btswholesaler.com/imgs/productos_cosmetica/imagenes/6291106066722.webp,images.btswholesaler.com,bts_cdn,files/remote/images.btswholesaler.com/6291106066722.webp,0
6291106066890,https://cdn.shopify.com/s/files/1/0679/9792/5684/files/V641904.jpg?v=1740623553,cdn.shopify.com,shopify,files/remote/cdn.shopify.com/6291106066890.jpg,0
6291106068184,https://images.btswholesaler.com/imgs/productos_cosmetica/imagenes/6291106068184.webp,images.btswholesaler.com,bts_cdn,files/remote/images.btswholesaler.com/6291106068184.webp,0
6291106069525,https://cdn.shopify.com/s/files/1/0679/9792/5684/files/V721911.jpg?v=1740623658,cdn.shopify.com,shopify,files/remote/cdn.shopify.com/6291106069525.jpg,0
6291106812282,https://images.btswholesaler.com/imgs/productos_cosmetica/imagenes/6291106812282.webp,images.btswholesaler.com,bts_cdn,files/remote/images.btswholesaler.com/6291106812282.webp,0
6291106813036,https://images.btswholesaler.com/imgs/productos_cosmetica/imagenes/6291106813036.webp,images.btswholesaler.com,bts_cdn,files/remote/images.btswholesaler.com/6291106813036.webp,0
6291106813517,https://images.btswholesaler.com/imgs/productos_cosmetica/imagenes/6291106813517.webp,images.btswholesaler.com,bts_cdn,files/remote/images.btswholesaler.com/6291106813517.webp,0
6291106814859,https://images.btswholesaler.com/imgs/productos_cosmetica/imagenes/6291106814859_1.webp,images.btswholesaler.com,bts_cdn,files/remote/images.btswholesaler.com/6291106814859.webp,0
6291106814873,https://images.btswholesaler.com/imgs/productos_cosmetica/imagenes/6291106814873.webp,images.btswholesaler.com,bts_cdn,files/remote/images.btswholesaler.com/6291106814873.webp,0
6291107450414,https://cdn.shopify.com/s/files/1/0679/9792/5684/files/N6035213.jpg?v=1740623640,cdn.shopify.com,shopify,files/remote/cdn.shopify.com/6291107450414.jpg,0
6291107450452,https://cdn.shopify.com/s/files/1/0679/9792/5684/files/Z167430.jpg?v=1740623580,cdn.shopify.com,shopify,files/remote/cdn.shopify.com/6291107450452.jpg,0
6291107453668,https://images.btswholesaler.com/imgs/productos_cosmetica/imagenes/6291107453668_1.webp,images.btswholesaler.com,bts_cdn,files/remote/images.btswholesaler.com/6291107453668.webp,0
6291107454375,https://images.btswholesaler.com/imgs/productos_cosmetica/imagenes/6291107454375.webp,images.btswholesaler.com,bts_cdn,files/remote/images.btswholesaler.com/6291107454375.webp,0
6291107454412,https://cdn.shopify.com/s/files/1/0679/9792/5684/files/T389275.jpg?v=1740623562,cdn.shopify.com,shopify,files/remote/cdn.shopify.com/6291107454412.jpg,0
6291107454429,https://cdn.shopify.com/s/files/1/0679/9792/5684/files/V881907.jpg?v=1740623556,cdn.shopify.com,shopify,files/remote/cdn.shopify.com/6291107454429.jpg,0
6291107456058,https://cdn.shopify.com/s/files/1/0679/9792/5684/files/B376452.jpg?v=1740620136,cdn.shopify.com,shopify,files/remote/cdn.shopify.com/6291107456058.jpg,0
6291107456065,https://images.btswholesaler.com/imgs/productos_cosmetica/imagenes/6291107456065.webp,images.btswholesaler.com,bts_cdn,files/remote/images.btswholesaler.com/6291107456065.webp,0
6291107456348,https://cdn.shopify.com/s/files/1/0679/9792/5684/files/N1066214.jpg?v=1740617284,cdn.shopify.com,shopify,files/remote/cdn.shopify.com/6291107456348.jpg,0
6291107456744,https://cdn.shopify.com/s/files/1/0679/9792/5684/files/P159230.jpg?v=1740623614,cdn.shopify.com,shopify,files/remote/cdn.shopify.com/6291107456744.jpg,0
6291107457895,https://cdn.shopify.com/s/files/1/0679/9792/5684/files/N6071213.jpg?v=1740623595,cdn.shopify.com,shopify,files/remote/cdn.shopify.com/6291107457895.jpg,0
6291107458328,https://cdn.shopify.com/s/files/1/0679/9792/5684/files/L126032.jpg?v=1740623573,cdn.shopify.com,shopify,files/remote/cdn.shopify.com/6291107458328.jpg,0
6291107459127,https://images.btswholesaler.com/imgs/productos_cosmetica/imagenes/6291107459127_1.webp,images.btswholesaler.com,bts_cdn,files/remote/images.btswholesaler.com/6291107459127.webp,0
6291107459257,https://images.btswholesaler.com/imgs/productos_cosmetica/imagenes/6291107459257.webp,images.btswholesaler.com,bts_cdn,files/remote/images.btswholesaler.com/6291107459257.webp,0
6291107459325,https://images.btswholesaler.com/imgs/productos_cosmetica/imagenes/6291107459325.webp,images.btswholesaler.com,bts_cdn,files/remote/images.btswholesaler.com/6291107459325.webp,0
6291108521861,https://cdn.shopify.com/s/files/1/0679/9792/5684/files/B246450.jpg?v=1740613930,cdn.shopify.com,shopify,files/remote/cdn.shopify.com/6291108521861.jpg,0
6291108523544,https://cdn.shopify.com/s/files/1/0679/9792/5684/files/T039275.jpg?v=1740623665,cdn.shopify.com,shopify,files/remote/cdn.shopify.com/6291108523544.jpg,0
6291108523551,https://cdn.shopify.com/s/files/1/0679/9792/5684/files/D0556105.jpg?v=1740620178,cdn.shopify.com,shopify,files/remote/cdn.shopify.com/6291108523551.jpg,0
6291108730041,https://images.btswholesaler.com/imgs/productos_cosmetica/imagenes/6291108730041.webp,images.btswholesaler.com,bts_cdn,files/remote/images.btswholesaler.com/6291108730041.webp,0
6291108730362,https://cdn.shopify.com/s/files/1/0679/9792/5684/files/Z159430.jpg?v=1740623611,cdn.shopify.com,shopify,files/remote/cdn.shopify.com/6291108730362.jpg,0
6291108732489,https://cdn.shopify.com/s/files/1/0679/9792/5684/files/L926030.jpg?v=1740623525,cdn.shopify.com,shopify,files/remote/cdn.shopify.com/6291108732489.jpg,0
6291108732496,https://cdn.shopify.com/s/files/1/0679/9792/5684/files/T574275.jpg?v=1740613873,cdn.shopify.com,shopify,files/remote/cdn.shopify.com/6291108732496.jpg,0
6291108733875,https://cdn.shopify.com/s/files/1/0679/9792/5684/files/V821904.jpg?v=1740623566,cdn.shopify.com,shopify,files/remote/cdn.shopify.com/6291108733875.jpg,0
6291108733929,https://images.btswholesaler.com/imgs/productos_cosmetica/imagenes/6291108733929_1.webp,images.btswholesaler.com,bts_cdn,files/remote/images.btswholesaler.com/6291108733929.webp,0
6291108734056,https://cdn.shopify.com/s/files/1/0679/9792/5684/files/D8326105.jpg?v=1740623587,cdn.shopify.com,shopify,files/remote/cdn.shopify.com/6291108734056.jpg,0
6291108734537,https://images.btswholesaler.com/imgs/productos_cosmetica/imagenes/6291108734537_1.webp,images.btswholesaler.com,bts_cdn,files/remote/images.btswholesaler.com/6291108734537.webp,0
6291108734865,https://cdn.shopify.com/s/files/1/0679/9792/5684/files/N5783213.jpg?v=1740636953,cdn.shopify.com,shopify,files/remote/cdn.shopify.com/6291108734865.jpg,0
6291108734896,https://cdn.shopify.com/s/files/1/0679/9792/5684/files/L126266.jpg?v=1740634692,cdn.shopify.com,shopify,files/remote/cdn.shopify.com/6291108734896.jpg,0
6291108735046,https://cdn.shopify.com/s/files/1/0679/9792/5684/files/J510281.jpg?v=1740624176,cdn.shopify.com,shopify,files/remote/cdn.shopify.com/6291108735046.jpg,0
6291108735121,https://images.btswholesaler.com/imgs/productos_cosmetica/imagenes/6291108735121.webp,images.btswholesaler.com,bts_cdn,files/remote/images.btswholesaler.com/6291108735121.webp,0
6291108735145,https://images.btswholesaler.com/imgs/productos_cosmetica/imagenes/6291108735145.webp,images.btswholesaler.com,bts_cdn,files/remote/images.btswholesaler.com/6291108735145.webp,0
6291108735213,https://images.btswholesaler.com/imgs/productos_cosmetica/imagenes/6291108735213.webp,images.btswholesaler.com,bts_cdn,files/remote/images.btswholesaler.com/6291108735213.webp,0
6291108735299,https://images.btswholesaler.com/imgs/productos_cosmetica/imagenes/6291108735299.webp,images.btswholesaler.com,bts_cdn,files/remote/images.btswholesaler.com/6291108735299.webp,0
6291108735411,https://images.btswholesaler.com/imgs/productos_cosmetica/imagenes/6291108735411_1.webp,images.btswholesaler.com,bts_cdn,files/remote/images.btswholesaler.com/6291108735411.webp,0
6291108735572,https://cdn.shopify.com/s/files/1/0679/9792/5684/files/V001905.jpg?v=1740613876,cdn.shopify.com,shopify,files/remote/cdn.shopify.com/6291108735572.jpg,0
6291108735589,https://images.btswholesaler.com/imgs/productos_cosmetica/imagenes/6291108735589_1.webp,images.btswholesaler.com,bts_cdn,files/remote/images.btswholesaler.com/6291108735589.webp,0
6291108736043,https://images.btswholesaler.com/imgs/productos_cosmetica/imagenes/6291108736043.webp,images.btswholesaler.com,bts_cdn,files/remote/images.btswholesaler.com/6291108736043.webp,0
6291108736579,https://images.btswholesaler.com/imgs/productos_cosmetica/imagenes/6291108736579.webp,images.btswholesaler.com,bts_cdn,files/remote/images.btswholesaler.com/6291108736579.webp,0
6291108737101,https://cdn.shopify.com/s/files/1/0679/9792/5684/files/F510051.jpg?v=1740623661,cdn.shopify.com,shopify,files/remote/cdn.shopify.com/6291108737101.jpg,0
6291108737323,https://cdn.shopify.com/s/files/1/0679/9792/5684/files/T934275.jpg?v=1740623518,cdn.shopify.com,shopify,files/remote/cdn.shopify.com/6291108737323.jpg,0
6291108737965,https://images.btswholesaler.com/imgs/productos_cosmetica/imagenes/6291108738016.webp,images.btswholesaler.com,bts_cdn,files/remote/images.btswholesaler.com/6291108737965.webp,0
6291108737996,https://cdn.shopify.com/s/files/1/0679/9792/5684/files/D5736105.jpg?v=1740623535,cdn.shopify.com,shopify,files/remote/cdn.shopify.com/6291108737996.jpg,0
6291108738009,https://cdn.shopify.com/s/files/1/0679/9792/5684/files/V941904.jpg?v=1740623539,cdn.shopify.com,shopify,files/remote/cdn.shopify.com/6291108738009.jpg,0
6291108738108,https://images.btswholesaler.com/imgs/productos_cosmetica/imagenes/6291108738108.webp,images.btswholesaler.com,bts_cdn,files/remote/images.btswholesaler.com/6291108738108.webp,0
6291108738184,https://cdn.shopify.com/s/files/1/0679/9792/5684/files/L526178.jpg?v=1740620148,cdn.shopify.com,shopify,files/remote/cdn.shopify.com/6291108738184.jpg,0
6291108738191,https://images.btswholesaler.com/imgs/productos_cosmetica/imagenes/6291108738191.webp,images.btswholesaler.com,bts_cdn,files/remote/images.btswholesaler.com/6291108738191.webp,0
6291108738238,https://cdn.shopify.com/s/files/1/0679/9792/5684/files/N9014213.jpg?v=1740623643,cdn.shopify.com,shopify,files/remote/cdn.shopify.com/6291108738238.jpg,0
6291108738252,https://images.btswholesaler.com/imgs/productos_cosmetica/imagenes/6291108738252_1.webp,images.btswholesaler.com,bts_cdn,files/remote/images.btswholesaler.com/6291108738252.webp,0
6291108738276,https://images.btswholesaler.com/imgs/productos_cosmetica/imagenes/6291108738276.webp,images.btswholesaler.com,bts_cdn,files/remote/images.btswholesaler.com/6291108738276.webp,0
6291108738290,https://images.btswholesaler.com/imgs/productos_cosmetica/imagenes/6291108738290.webp,images.btswholesaler.com,bts_cdn,files/remote/images.btswholesaler.com/6291108738290.webp,0
6291108738306,https://images.btswholesaler.com/imgs/productos_cosmetica/imagenes/6291108738306_1.webp,images.btswholesaler.com,bts_cdn,files/remote/images.btswholesaler.com/6291108738306.webp,0
6291108738504,https://cdn.shopify.com/s/files/1/0679/9792/5684/files/D3156106.jpg?v=1740613866,cdn.shopify.com,shopify,files/remote/cdn.shopify.com/6291108738504.jpg,0
6291108738665,https://cdn.shopify.com/s/files/1/0679/9792/5684/files/N2353214.jpg?v=1740623599,cdn.shopify.com,shopify,files/remote/cdn.shopify.com/6291108738665.jpg,0
6291108738672,https://images.btswholesaler.com/imgs/productos_cosmetica/imagenes/6291108738672.webp,images.btswholesaler.com,bts_cdn,files/remote/images.btswholesaler.com/6291108738672.webp,0
6291108738689,https://images.btswholesaler.com/imgs/productos_cosmetica/imagenes/6291108738689_1.webp,images.btswholesaler.com,bts_cdn,files/remote/images.btswholesaler.com/6291108738689.webp,0
6291108739020,https://cdn.shopify.com/s/files/1/0679/9792/5684/files/D5596105.jpg?v=1740623636,cdn.shopify.com,shopify,files/remote/cdn.shopify.com/6291108739020.jpg,0
6291112131445,https://images.btswholesaler.com/imgs/productos_cosmetica/imagenes/6291112131445.webp,images.btswholesaler.com,bts_cdn,files/remote/images.btswholesaler.com/6291112131445.webp,0
6291419205566,https://images.btswholesaler.com/imgs/productos_cosmetica/imagenes/6291419205566.webp,images.btswholesaler.com,bts_cdn,files/remote/images.btswholesaler.com/6291419205566.webp,0
6291978025421,https://images.btswholesaler.com/imgs/productos_cosmetica/imagenes/6291978025421.webp,images.btswholesaler.com,bts_cdn,files/remote/images.btswholesaler.com/6291978025421.webp,0
6292021552253,https://images.btswholesaler.com/imgs/productos_cosmetica/imagenes/6292021552253.webp,images.btswholesaler.com,bts_cdn,files/remote/images.btswholesaler.com/6292021552253.webp,0
6293708008926,https://images.btswholesaler.com/imgs/productos_cosmetica/imagenes/6293708008926.webp,images.btswholesaler.com,bts_cdn,files/remote/images.btswholesaler.com/6293708008926.webp,0
6293708009893,https://cdn.shopify.com/s/files/1/0679/9792/5684/files/L725919.jpg?v=1740608870,cdn.shopify.com,shopify,files/remote/cdn.shopify.com/6293708009893.jpg,0
6293708010233,https://images.btswholesaler.com/imgs/productos_cosmetica/imagenes/6293708010233.webp,images.btswholesaler.com,bts_cdn,files/remote/images.btswholesaler.com/6293708010233.webp,0
6293708015627,https://images.btswholesaler.com/imgs/productos_cosmetica/imagenes/6293708015627.webp,images.btswholesaler.com,bts_cdn,files/remote/images.btswholesaler.com/6293708015627.webp,0
6294015101386,https://cdn.shopify.com/s/files/1/0679/9792/5684/files/S069267.jpg?v=1740617262,cdn.shopify.com,shopify,files/remote/cdn.shopify.com/6294015101386.jpg,0
6294015102239,https://cdn.shopify.com/s/files/1/0679/9792/5684/files/A891685.jpg?v=1740617228,cdn.shopify.com,shopify,files/remote/cdn.shopify.com/6294015102239.jpg,0
6294015102253,https://images.btswholesaler.com/imgs/productos_cosmetica/imagenes/6294015102253.webp,images.btswholesaler.com,bts_cdn,files/remote/images.btswholesaler.com/6294015102253.webp,0
6294015102260,https://images.btswholesaler.com/imgs/productos_cosmetica/imagenes/6294015102260.webp,images.btswholesaler.com,bts_cdn,files/remote/images.btswholesaler.com/6294015102260.webp,0
6294015102499,https://images.btswholesaler.com/imgs/productos_cosmetica/imagenes/6294015102499.webp,images.btswholesaler.com,bts_cdn,files/remote/images.btswholesaler.com/6294015102499.webp,0
6294015102642,https://cdn.shopify.com/s/files/1/0679/9792/5684/files/Y505596.jpg?v=1740617207,cdn.shopify.com,shopify,files/remote/cdn.shopify.com/6294015102642.jpg,0
6294015107098,https://cdn.shopify.com/s/files/1/0679/9792/5684/files/Q894448.jpg?v=1740609177,cdn.shopify.com,shopify,files/remote/cdn.shopify.com/6294015107098.jpg,0
6294015108170,https://images.btswholesaler.com/imgs/productos_cosmetica/imagenes/6294015108170.webp,images.btswholesaler.com,bts_cdn,files/remote/images.btswholesaler.com/6294015108170.webp,0
6294015109313,https://images.btswholesaler.com/imgs/productos_cosmetica/imagenes/6294015109313.webp,images.btswholesaler.com,bts_cdn,files/remote/images.btswholesaler.com/6294015109313.webp,0
6294015109320,https://images.btswholesaler.com/imgs/productos_cosmetica/imagenes/6294015109320.webp,images.btswholesaler.com,bts_cdn,files/remote/images.btswholesaler.com/6294015109320.webp,0
6294015118858,https://cdn.shopify.com/s/files/1/0679/9792/5684/files/K090267.jpg?v=1740617238,cdn.shopify.com,shopify,files/remote/cdn.shopify.com/6294015118858.jpg,0
6294015118865,https://images.btswholesaler.com/imgs/productos_cosmetica/imagenes/6294015118865.webp,images.btswholesaler.com,bts_cdn,files/remote/images.btswholesaler.com/6294015118865.webp,0
6294015128185,https://images.btswholesaler.com/imgs/productos_cosmetica/imagenes/6294015128185.webp,images.btswholesaler.com,bts_cdn,files/remote/images.btswholesaler.com/6294015128185.webp,0
6294015129083,https://cdn.shopify.com/s/files/1/0679/9792/5684/files/J374281.jpg?v=1740623226,cdn.shopify.com,shopify,files/remote/cdn.shopify.com/6294015129083.jpg,0
6294015132120,https://cdn.shopify.com/s/files/1/0679/9792/5684/files/Q894439.jpg?v=1740622676,cdn.shopify.com,shopify,files/remote/cdn.shopify.com/6294015132120.jpg,0
6294015133998,https://cdn.shopify.com/s/files/1/0679/9792/5684/files/T579266.jpg?v=1740623441,cdn.shopify.com,shopify,files/remote/cdn.shopify.com/6294015133998.jpg,0
6294015134018,https://cdn.shopify.com/s/files/1/0679/9792/5684/files/F331651.jpg?v=1740613391,cdn.shopify.com,shopify,files/remote/cdn.shopify.com/6294015134018.jpg,0
6294015136470,https://cdn.shopify.com/s/files/1/0679/9792/5684/files/N1267211.jpg?v=1740622689,cdn.shopify.com,shopify,files/remote/cdn.shopify.com/6294015136470.jpg,0
6294015136869,https://cdn.shopify.com/s/files/1/0679/9792/5684/files/L725323.jpg?v=1740613091,cdn.shopify.com,shopify,files/remote/cdn.shopify.com/6294015136869.jpg,0
6294015148343,https://cdn.shopify.com/s/files/1/0679/9792/5684/files/J329081.jpg?v=1740609128,cdn.shopify.com,shopify,files/remote/cdn.shopify.com/6294015148343.jpg,0
6294015149371,https://images.btswholesaler.com/imgs/productos_cosmetica/imagenes/6294015149371.webp,images.btswholesaler.com,bts_cdn,files/remote/images.btswholesaler.com/6294015149371.webp,0
6294015149388,https://images.btswholesaler.com/imgs/productos_cosmetica/imagenes/6294015149388.webp,images.btswholesaler.com,bts_cdn,files/remote/images.btswholesaler.com/6294015149388.webp,0
6294015150476,https://images.btswholesaler.com/imgs/productos_cosmetica/imagenes/6294015150476.webp,images.btswholesaler.com,bts_cdn,files/remote/images.btswholesaler.com/6294015150476.webp,0
6294015150490,https://cdn.shopify.com/s/files/1/0679/9792/5684/files/V661791.jpg?v=1740626097,cdn.shopify.com,shopify,files/remote/cdn.shopify.com/6294015150490.jpg,0
6294015150506,https://cdn.shopify.com/s/files/1/0679/9792/5684/files/Z389426.jpg?v=1740626101,cdn.shopify.com,shopify,files/remote/cdn.shopify.com/6294015150506.jpg,0
6294015150513,https://cdn.shopify.com/s/files/1/0679/9792/5684/files/D946929.jpg?v=1740626110,cdn.shopify.com,shopify,files/remote/cdn.shopify.com/6294015150513.jpg,0
6294015151084,https://cdn.shopify.com/s/files/1/0679/9792/5684/files/B916395.jpg?v=1740609135,cdn.shopify.com,shopify,files/remote/cdn.shopify.com/6294015151084.jpg,0
6294015155624,https://cdn.shopify.com/s/files/1/0679/9792/5684/files/P585226.jpg?v=1740609156,cdn.shopify.com,shopify,files/remote/cdn.shopify.com/6294015155624.jpg,0
6294015155631,https://cdn.shopify.com/s/files/1/0679/9792/5684/files/F426951.jpg?v=1740617219,cdn.shopify.com,shopify,files/remote/cdn.shopify.com/6294015155631.jpg,0
6294015155709,https://images.btswholesaler.com/imgs/productos_cosmetica/imagenes/6294015155709.webp,images.btswholesaler.com,bts_cdn,files/remote/images.btswholesaler.com/6294015155709.webp,0
6294015157758,https://cdn.shopify.com/s/files/1/0679/9792/5684/files/D646923.jpg?v=1740622692,cdn.shopify.com,shopify,files/remote/cdn.shopify.com/6294015157758.jpg,0
6294015157772,https://cdn.shopify.com/s/files/1/0679/9792/5684/files/V121797.jpg?v=1740622684,cdn.shopify.com,shopify,files/remote/cdn.shopify.com/6294015157772.jpg,0
6294015157789,https://cdn.shopify.com/s/files/1/0679/9792/5684/files/D226930.jpg?v=1740609139,cdn.shopify.com,shopify,files/remote/cdn.shopify.com/6294015157789.jpg,0
6294015160727,https://cdn.shopify.com/s/files/1/0679/9792/5684/files/D1906107.jpg?v=1740617248,cdn.shopify.com,shopify,files/remote/cdn.shopify.com/6294015160727.jpg,0
6294015160734,https://cdn.shopify.com/s/files/1/0679/9792/5684/files/V341916.jpg?v=1740617244,cdn.shopify.com,shopify,files/remote/cdn.shopify.com/6294015160734.jpg,0
6294015160741,https://images.btswholesaler.com/imgs/productos_cosmetica/imagenes/6294015160741.webp,images.btswholesaler.com,bts_cdn,files/remote/images.btswholesaler.com/6294015160741.webp,0
6294015163933,https://images.btswholesaler.com/imgs/productos_cosmetica/imagenes/6294015163933.webp,images.btswholesaler.com,bts_cdn,files/remote/images.btswholesaler.com/6294015163933.webp,0
6294015163957,https://cdn.shopify.com/s/files/1/0679/9792/5684/files/F463951.jpg?v=1740609173,cdn.shopify.com,shopify,files/remote/cdn.shopify.com/6294015163957.jpg,0
6294015164152,https://cdn.shopify.com/s/files/1/0679/9792/5684/files/T369271.jpg?v=1740617180,cdn.shopify.com,shopify,files/remote/cdn.shopify.com/6294015164152.jpg,0
6294015164169,https://cdn.shopify.com/s/files/1/0679/9792/5684/files/N3065213.jpg?v=1740609149,cdn.shopify.com,shopify,files/remote/cdn.shopify.com/6294015164169.jpg,0
6294015165012,https://images.btswholesaler.com/imgs/productos_cosmetica/imagenes/6294015165012.webp,images.btswholesaler.com,bts_cdn,files/remote/images.btswholesaler.com/6294015165012.webp,0
6294015165029,https://images.btswholesaler.com/imgs/productos_cosmetica/imagenes/6294015165029.webp,images.btswholesaler.com,bts_cdn,files/remote/images.btswholesaler.com/6294015165029.webp,0
6294015165135,https://images.btswholesaler.com/imgs/productos_cosmetica/imagenes/6294015165135.webp,images.btswholesaler.com,bts_cdn,files/remote/images.btswholesaler.com/6294015165135.webp,0
6294015166125,https://cdn.shopify.com/s/files/1/0679/9792/5684/files/F448551.jpg?v=1740609159,cdn.shopify.com,shopify,files/remote/cdn.shopify.com/6294015166125.jpg,0
6294015166132,https://images.btswholesaler.com/imgs/productos_cosmetica/imagenes/6294015166132.webp,images.btswholesaler.com,bts_cdn,files/remote/images.btswholesaler.com/6294015166132.webp,0
6294015166149,https://images.btswholesaler.com/imgs/productos_cosmetica/imagenes/6294015166149.webp,images.btswholesaler.com,bts_cdn,files/remote/images.btswholesaler.com/6294015166149.webp,0
6294015166163,https://images.btswholesaler.com/imgs/productos_cosmetica/imagenes/6294015166163.webp,images.btswholesaler.com,bts_cdn,files/remote/images.btswholesaler.com/6294015166163.webp,0
6294015166224,https://cdn.shopify.com/s/files/1/0679/9792/5684/files/V741918.jpg?v=1740617224,cdn.shopify.com,shopify,files/remote/cdn.shopify.com/6294015166224.jpg,0
6294015167924,https://images.btswholesaler.com/imgs/productos_cosmetica/imagenes/6294015167924.webp,images.btswholesaler.com,bts_cdn,files/remote/images.btswholesaler.com/6294015167924.webp,0
6294015167931,https://images.btswholesaler.com/imgs/productos_cosmetica/imagenes/6294015167931.webp,images.btswholesaler.com,bts_cdn,files/remote/images.btswholesaler.com/6294015167931.webp,0
6294015167955,https://images.btswholesaler.com/imgs/productos_cosmetica/imagenes/6294015167955.webp,images.btswholesaler.com,bts_cdn,files/remote/images.btswholesaler.com/6294015167955.webp,0
6294015167962,https://images.btswholesaler.com/imgs/productos_cosmetica/imagenes/6294015167962.webp,images.btswholesaler.com,bts_cdn,files/remote/images.btswholesaler.com/6294015167962.webp,0
6294015168129,https://images.btswholesaler.com/imgs/productos_cosmetica/imagenes/6294015168129.webp,images.btswholesaler.com,bts_cdn,files/remote/images.btswholesaler.com/6294015168129.webp,0
6294015168136,https://images.btswholesaler.com/imgs/productos_cosmetica/imagenes/6294015168136.webp,images.btswholesaler.com,bts_cdn,files/remote/images.btswholesaler.com/6294015168136.webp,0
6294015169928,https://cdn.shopify.com/s/files/1/0679/9792/5684/files/N3317213.jpg?v=1740609146,cdn.shopify.com,shopify,files/remote/cdn.shopify.com/6294015169928.jpg,0
6294015169935,https://cdn.shopify.com/s/files/1/0679/9792/5684/files/B396444.jpg?v=1740617184,cdn.shopify.com,shopify,files/remote/cdn.shopify.com/6294015169935.jpg,0
6294015169942,https://cdn.shopify.com/s/files/1/0679/9792/5684/files/L325925.jpg?v=1740609153,cdn.shopify.com,shopify,files/remote/cdn.shopify.com/6294015169942.jpg,0
6294015171112,https://cdn.shopify.com/s/files/1/0679/9792/5684/files/T564276.jpg?v=1740622680,cdn.shopify.com,shopify,files/remote/cdn.shopify.com/6294015171112.jpg,0
6294015171280,https://images.btswholesaler.com/imgs/productos_cosmetica/imagenes/6294015175752.webp,images.btswholesaler.com,bts_cdn,files/remote/images.btswholesaler.com/6294015171280.webp,0
6294015175240,https://images.btswholesaler.com/imgs/productos_cosmetica/imagenes/6294015175240.webp,images.btswholesaler.com,bts_cdn,files/remote/images.btswholesaler.com/6294015175240.webp,0
6294015175943,https://images.btswholesaler.com/imgs/productos_cosmetica/imagenes/6294015175943.webp,images.btswholesaler.com,bts_cdn,files/remote/images.btswholesaler.com/6294015175943.webp,0
6294015180992,https://images.btswholesaler.com/imgs/productos_cosmetica/imagenes/6294015180992.webp,images.btswholesaler.com,bts_cdn,files/remote/images.btswholesaler.com/6294015180992.webp,0
6294015182880,https://images.btswholesaler.com/imgs/productos_cosmetica/imagenes/6294015182880.webp,images.btswholesaler.com,bts_cdn,files/remote/images.btswholesaler.com/6294015182880.webp,0
6294015183382,https://images.btswholesaler.com/imgs/productos_cosmetica/imagenes/6294015183382.webp,images.btswholesaler.com,bts_cdn,files/remote/images.btswholesaler.com/6294015183382.webp,0
6294015188622,https://images.btswholesaler.com/imgs/productos_cosmetica/imagenes/6294015188622.webp,images.btswholesaler.com,bts_cdn,files/remote/images.btswholesaler.com/6294015188622.webp,0
6294015188639,https://images.btswholesaler.com/imgs/productos_cosmetica/imagenes/6294015188639.webp,images.btswholesaler.com,bts_cdn,files/remote/images.btswholesaler.com/6294015188639.webp,0
6294015188653,https://images.btswholesaler.com/imgs/productos_cosmetica/imagenes/6294015188653.webp,images.btswholesaler.com,bts_cdn,files/remote/images.btswholesaler.com/6294015188653.webp,0
6294015189582,https://images.btswholesaler.com/imgs/productos_cosmetica/imagenes/6294015189582.webp,images.btswholesaler.com,bts_cdn,files/remote/images.btswholesaler.com/6294015189582.webp,0
6294015190656,https://images.btswholesaler.com/imgs/productos_cosmetica/imagenes/6294015190656.webp,images.btswholesaler.com,bts_cdn,files/remote/images.btswholesaler.com/6294015190656.webp,0
6294015190663,https://images.btswholesaler.com/imgs/productos_cosmetica/imagenes/6294015190663.webp,images.btswholesaler.com,bts_cdn,files/remote/images.btswholesaler.com/6294015190663.webp,0
6294015197136,https://images.btswholesaler.com/imgs/productos_cosmetica/imagenes/6294015197136.webp,images.btswholesaler.com,bts_cdn,files/remote/images.btswholesaler.com/6294015197136.webp,0
6294018402138,https://cdn.shopify.com/s/files/1/0679/9792/5684/files/J533481.jpg?v=1740631718,cdn.shopify.com,shopify,files/remote/cdn.shopify.com/6294018402138.jpg,0
6295124009761,https://cdn.shopify.com/s/files/1/0679/9792/5684/files/N4802213.jpg?v=1740621776,cdn.shopify.com,shopify,files/remote/cdn.shopify.com/6295124009761.jpg,0
6295124024290,https://images.btswholesaler.com/imgs/productos_cosmetica/imagenes/6295124024290.webp,images.btswholesaler.com,bts_cdn,files/remote/images.btswholesaler.com/6295124024290.webp,0
6295124024832,https://images.btswholesaler.com/imgs/productos_cosmetica/imagenes/6295124024832.webp,images.btswholesaler.com,bts_cdn,files/remote/images.btswholesaler.com/6295124024832.webp,0
6295124031199,https://images.btswholesaler.com/imgs/productos_cosmetica/imagenes/6295124031199.webp,images.btswholesaler.com,bts_cdn,files/remote/images.btswholesaler.com/6295124031199.webp,0
6295124031250,https://images.btswholesaler.com/imgs/productos_cosmetica/imagenes/6295124031250.webp,images.btswholesaler.com,bts_cdn,files/remote/images.btswholesaler.com/6295124031250.webp,0
6295124031267,https://images.btswholesaler.com/imgs/productos_cosmetica/imagenes/6295124031267.webp,images.btswholesaler.com,bts_cdn,files/remote/images.btswholesaler.com/6295124031267.webp,0
6295124037931,https://images.btswholesaler.com/imgs/productos_cosmetica/imagenes/6295124037931.webp,images.btswholesaler.com,bts_cdn,files/remote/images.btswholesaler.com/6295124037931.webp,0
6295124041266,https://images.btswholesaler.com/imgs/productos_cosmetica/imagenes/6295124041266.webp,images.btswholesaler.com,bts_cdn,files/remote/images.btswholesaler.com/6295124041266.webp,0
6295124042775,https://images.btswholesaler.com/imgs/productos_cosmetica/imagenes/6295124042775.webp,images.btswholesaler.com,bts_cdn,files/remote/images.btswholesaler.com/6295124042775.webp,0
6295124042836,https://images.btswholesaler.com/imgs/productos_cosmetica/imagenes/6295124042836.webp,images.btswholesaler.com,bts_cdn,files/remote/images.btswholesaler.com/6295124042836.webp,0
6295124045783,https://images.btswholesaler.com/imgs/productos_cosmetica/imagenes/6295124045783.webp,images.btswholesaler.com,bts_cdn,files/remote/images.btswholesaler.com/6295124045783.webp,0
6295124046926,https://images.btswholesaler.com/imgs/productos_cosmetica/imagenes/6295124046926.webp,images.btswholesaler.com,bts_cdn,files/remote/images.btswholesaler.com/6295124046926.webp,0
6295124047817,https://images.btswholesaler.com/imgs/productos_cosmetica/imagenes/6295124047817.webp,images.btswholesaler.com,bts_cdn,files/remote/images.btswholesaler.com/6295124047817.webp,0
6295199791189,https://images.btswholesaler.com/imgs/productos_cosmetica/imagenes/6295199791189.webp,images.btswholesaler.com,bts_cdn,files/remote/images.btswholesaler.com/6295199791189.webp,0
6295199800942,https://images.btswholesaler.com/imgs/productos_cosmetica/imagenes/6295199800942.webp,images.btswholesaler.com,bts_cdn,files/remote/images.btswholesaler.com/6295199800942.webp,0
6295199800959,https://images.btswholesaler.com/imgs/productos_cosmetica/imagenes/6295199800959_1.webp,images.btswholesaler.com,bts_cdn,files/remote/images.btswholesaler.com/6295199800959.webp,0
6295199801116,https://images.btswholesaler.com/imgs/productos_cosmetica/imagenes/6295199801116.webp,images.btswholesaler.com,bts_cdn,files/remote/images.btswholesaler.com/6295199801116.webp,0
6295199804360,https://images.btswholesaler.com/imgs/productos_cosmetica/imagenes/6295199804360.webp,images.btswholesaler.com,bts_cdn,files/remote/images.btswholesaler.com/6295199804360.webp,0
6295199805787,https://images.btswholesaler.com/imgs/productos_cosmetica/imagenes/6295199805787.webp,images.btswholesaler.com,bts_cdn,files/remote/images.btswholesaler.com/6295199805787.webp,0
6295199807217,https://images.btswholesaler.com/imgs/productos_cosmetica/imagenes/6295199807217.webp,images.btswholesaler.com,bts_cdn,files/remote/images.btswholesaler.com/6295199807217.webp,0
6295199807712,https://images.btswholesaler.com/imgs/productos_cosmetica/imagenes/6295199807712.webp,images.btswholesaler.com,bts_cdn,files/remote/images.btswholesaler.com/6295199807712.webp,0
6295199809532,https://images.btswholesaler.com/imgs/productos_cosmetica/imagenes/6295199809532.webp,images.btswholesaler.com,bts_cdn,files/remote/images.btswholesaler.com/6295199809532.webp,0
6297000201863,https://cdn.shopify.com/s/files/1/0679/9792/5684/files/P879230.jpg?v=1740620127,cdn.shopify.com,shopify,files/remote/cdn.shopify.com/6297000201863.jpg,0
6297000226989,https://cdn.shopify.com/s/files/1/0679/9792/5684/files/T659278.jpg?v=1740626558,cdn.shopify.com,shopify,files/remote/cdn.shopify.com/6297000226989.jpg,0
6297000442013,https://cdn.shopify.com/s/files/1/0679/9792/5684/files/J573181.jpg?v=1740626550,cdn.shopify.com,shopify,files/remote/cdn.shopify.com/6297000442013.jpg,0
6297000442570,https://cdn.shopify.com/s/files/1/0679/9792/5684/files/D1236110.jpg?v=1740626563,cdn.shopify.com,shopify,files/remote/cdn.shopify.com/6297000442570.jpg,0
6297000838052,https://cdn.shopify.com/s/files/1/0679/9792/5684/files/Z473431.jpg?v=1740635018,cdn.shopify.com,shopify,files/remote/cdn.shopify.com/6297000838052.jpg,0
6297000838069,https://cdn.shopify.com/s/files/1/0679/9792/5684/files/J573681.jpg?v=1740635025,cdn.shopify.com,shopify,files/remote/cdn.shopify.com/6297000838069.jpg,0
6297000838076,https://cdn.shopify.com/s/files/1/0679/9792/5684/files/T684278.jpg?v=1740635036,cdn.shopify.com,shopify,files/remote/cdn.shopify.com/6297000838076.jpg,0
6298042000926,https://images.btswholesaler.com/imgs/productos_cosmetica/imagenes/6298042000926.webp,images.btswholesaler.com,bts_cdn,files/remote/images.btswholesaler.com/6298042000926.webp,0
6298044138528,https://cdn.shopify.com/s/files/1/0679/9792/5684/files/Z701429.jpg?v=1740621507,cdn.shopify.com,shopify,files/remote/cdn.shopify.com/6298044138528.jpg,0
6298044138603,https://cdn.shopify.com/s/files/1/0679/9792/5684/files/P765229.jpg?v=1740621491,cdn.shopify.com,shopify,files/remote/cdn.shopify.com/6298044138603.jpg,0
6298044138627,https://cdn.shopify.com/s/files/1/0679/9792/5684/files/Z765429.jpg?v=1740621495,cdn.shopify.com,shopify,files/remote/cdn.shopify.com/6298044138627.jpg,0
6298044138719,https://cdn.shopify.com/s/files/1/0679/9792/5684/files/J488281.jpg?v=1740621499,cdn.shopify.com,shopify,files/remote/cdn.shopify.com/6298044138719.jpg,0
6298141924505,https://images.btswholesaler.com/imgs/productos_cosmetica/imagenes/6298141924505.webp,images.btswholesaler.com,bts_cdn,files/remote/images.btswholesaler.com/6298141924505.webp,0
6298141926714,https://images.btswholesaler.com/imgs/productos_cosmetica/imagenes/6298141926714.webp,images.btswholesaler.com,bts_cdn,files/remote/images.btswholesaler.com/6298141926714.webp,0
6298141926851,https://images.btswholesaler.com/imgs/productos_cosmetica/imagenes/6298141926851.webp,images.btswholesaler.com,bts_cdn,files/remote/images.btswholesaler.com/6298141926851.webp,0
6298463856423,https://images.btswholesaler.com/imgs/productos_cosmetica/imagenes/6298463856423.webp,images.btswholesaler.com,bts_cdn,files/remote/images.btswholesaler.com/6298463856423.webp,0
6299800200206,https://cdn.shopify.com/s/files/1/0679/9792/5684/files/B286338.jpg?v=1740620283,cdn.shopify.com,shopify,files/remote/cdn.shopify.com/6299800200206.jpg,0
6299800200237,https://cdn.shopify.com/s/files/1/0679/9792/5684/files/C963558.jpg?v=1740620268,cdn.shopify.com,shopify,files/remote/cdn.shopify.com/6299800200237.jpg,0
6299800200312,https://cdn.shopify.com/s/files/1/0679/9792/5684/files/B856314.jpg?v=1740614034,cdn.shopify.com,shopify,files/remote/cdn.shopify.com/6299800200312.jpg,0
6299800200350,https://cdn.shopify.com/s/files/1/0679/9792/5684/files/P553222.jpg?v=1740620300,cdn.shopify.com,shopify,files/remote/cdn.shopify.com/6299800200350.jpg,0
6299800200404,https://cdn.shopify.com/s/files/1/0679/9792/5684/files/F554451.jpg?v=1740620261,cdn.shopify.com,shopify,files/remote/cdn.shopify.com/6299800200404.jpg,0
6299800200787,https://cdn.shopify.com/s/files/1/0679/9792/5684/files/D2686108.jpg?v=1740634708,cdn.shopify.com,shopify,files/remote/cdn.shopify.com/6299800200787.jpg,0
6299800200794,https://cdn.shopify.com/s/files/1/0679/9792/5684/files/N464294.jpg?v=1740614037,cdn.shopify.com,shopify,files/remote/cdn.shopify.com/6299800200794.jpg,0
6299800200848,https://cdn.shopify.com/s/files/1/0679/9792/5684/files/P939230.jpg?v=1740634720,cdn.shopify.com,shopify,files/remote/cdn.shopify.com/6299800200848.jpg,0
6299800200862,https://cdn.shopify.com/s/files/1/0679/9792/5684/files/Z995420.jpg?v=1740620292,cdn.shopify.com,shopify,files/remote/cdn.shopify.com/6299800200862.jpg,0
6299800200978,https://cdn.shopify.com/s/files/1/0679/9792/5684/files/T504277.jpg?v=1740634724,cdn.shopify.com,shopify,files/remote/cdn.shopify.com/6299800200978.jpg,0
6299800200985,https://cdn.shopify.com/s/files/1/0679/9792/5684/files/T484252.jpg?v=1740620286,cdn.shopify.com,shopify,files/remote/cdn.shopify.com/6299800200985.jpg,0
6299800201449,https://cdn.shopify.com/s/files/1/0679/9792/5684/files/Z993420.jpg?v=1740614051,cdn.shopify.com,shopify,files/remote/cdn.shopify.com/6299800201449.jpg,0
6299800202026,https://cdn.shopify.com/s/files/1/0679/9792/5684/files/J049681.jpg?v=1740614054,cdn.shopify.com,shopify,files/remote/cdn.shopify.com/6299800202026.jpg,0
6299800202040,https://cdn.shopify.com/s/files/1/0679/9792/5684/files/F393751.jpg?v=1740614041,cdn.shopify.com,shopify,files/remote/cdn.shopify.com/6299800202040.jpg,0
6299800202286,https://cdn.shopify.com/s/files/1/0679/9792/5684/files/V241887.jpg?v=1740614044,cdn.shopify.com,shopify,files/remote/cdn.shopify.com/6299800202286.jpg,0
6299800202309,https://cdn.shopify.com/s/files/1/0679/9792/5684/files/P845228.jpg?v=1740620296,cdn.shopify.com,shopify,files/remote/cdn.shopify.com/6299800202309.jpg,0
6299800202576,https://cdn.shopify.com/s/files/1/0679/9792/5684/files/F049651.jpg?v=1740614047,cdn.shopify.com,shopify,files/remote/cdn.shopify.com/6299800202576.jpg,0
6299800202620,https://cdn.shopify.com/s/files/1/0679/9792/5684/files/J049781.jpg?v=1740620303,cdn.shopify.com,shopify,files/remote/cdn.shopify.com/6299800202620.jpg,0
6299800202651,https://cdn.shopify.com/s/files/1/0679/9792/5684/files/D4036103.jpg?v=1740620275,cdn.shopify.com,shopify,files/remote/cdn.shopify.com/6299800202651.jpg,0
6299800202880,https://cdn.shopify.com/s/files/1/0679/9792/5684/files/J552181.jpg?v=1740634728,cdn.shopify.com,shopify,files/remote/cdn.shopify.com/6299800202880.jpg,0
6299800203924,https://cdn.shopify.com/s/files/1/0679/9792/5684/files/J420181.jpg?v=1740620257,cdn.shopify.com,shopify,files/remote/cdn.shopify.com/6299800203924.jpg,0
6299800203931,https://cdn.shopify.com/s/files/1/0679/9792/5684/files/D136994.jpg?v=1740620311,cdn.shopify.com,shopify,files/remote/cdn.shopify.com/6299800203931.jpg,0
6299800204310,https://cdn.shopify.com/s/files/1/0679/9792/5684/files/T859273.jpg?v=1740623679,cdn.shopify.com,shopify,files/remote/cdn.shopify.com/6299800204310.jpg,0
6299800204334,https://cdn.shopify.com/s/files/1/0679/9792/5684/files/Z553422.jpg?v=1740620265,cdn.shopify.com,shopify,files/remote/cdn.shopify.com/6299800204334.jpg,0
6299800204761,https://cdn.shopify.com/s/files/1/0679/9792/5684/files/J276881.jpg?v=1740620272,cdn.shopify.com,shopify,files/remote/cdn.shopify.com/6299800204761.jpg,0
633911616345,https://images.btswholesaler.com/imgs/productos_cosmetica/imagenes/0633911616345.webp,images.btswholesaler.com,bts_cdn,files/remote/images.btswholesaler.com/633911616345.webp,0
633911631263,https://images.btswholesaler.com/imgs/productos_cosmetica/imagenes/0633911631263.webp,images.btswholesaler.com,bts_cdn,files/remote/images.btswholesaler.com/633911631263.webp,0
639370130132,https://cdn.shopify.com/s/files/1/0679/9792/5684/files/B276306.jpg?v=1740632945,cdn.shopify.com,shopify,files/remote/cdn.shopify.com/639370130132.jpg,0
639370906201,https://cdn.shopify.com/s/files/1/0679/9792/5684/files/Z419420.jpg?v=1740632949,cdn.shopify.com,shopify,files/remote/cdn.shopify.com/639370906201.jpg,0
641628001491,https://images.btswholesaler.com/imgs/productos_cosmetica/imagenes/0641628601493.webp,images.btswholesaler.com,bts_cdn,files/remote/images.btswholesaler.com/641628001491.webp,0
641628001941,https://cdn.shopify.com/s/files/1/0679/9792/5684/products/641628001941-9.jpg?v=1673049358,cdn.shopify.com,shopify,files/remote/cdn.shopify.com/641628001941.jpg,0
641628002252,https://cdn.shopify.com/s/files/1/0679/9792/5684/products/641628002252-9.jpg?v=1671830410,cdn.shopify.com,shopify,files/remote/cdn.shopify.com/641628002252.jpg,0
641628002269,https://cdn.shopify.com/s/files/1/0679/9792/5684/products/641628002269-9.jpg?v=1673049313,cdn.shopify.com,shopify,files/remote/cdn.shopify.com/641628002269.jpg,0
641628002672,https://cdn.shopify.com/s/files/1/0679/9792/5684/products/641628002672-9.jpg?v=1671830405,cdn.shopify.com,shopify,files/remote/cdn.shopify.com/641628002672.jpg,0
641628401796,https://cdn.shopify.com/s/files/1/0679/9792/5684/products/641628501281-9.jpg?v=1672487036,cdn.shopify.com,shopify,files/remote/cdn.shopify.com/641628401796.jpg,0
641628408665,https://images.btswholesaler.com/imgs/productos_cosmetica/imagenes/0641628408665.webp,images.btswholesaler.com,bts_cdn,files/remote/images.btswholesaler.com/641628408665.webp,0
641628502059,https://cdn.shopify.com/s/files/1/0679/9792/5684/files/C281866.jpg?v=1740628429,cdn.shopify.com,shopify,files/remote/cdn.shopify.com/641628502059.jpg,0
641628507641,https://cdn.shopify.com/s/files/1/0679/9792/5684/products/641628507641-9.jpg?v=1671830415,cdn.shopify.com,shopify,files/remote/cdn.shopify.com/641628507641.jpg,0
641628601325,https://cdn.shopify.com/s/files/1/0679/9792/5684/files/F007151.jpg?v=1740627037,cdn.shopify.com,shopify,files/remote/cdn.shopify.com/641628601325.jpg,0
6423080728925,https://cdn.shopify.com/s/files/1/0679/9792/5684/files/L726089.jpg?v=1740613893,cdn.shopify.com,shopify,files/remote/cdn.shopify.com/6423080728925.jpg,0
6423080731178,https://cdn.shopify.com/s/files/1/0679/9792/5684/files/D8996109.jpg?v=1740613900,cdn.shopify.com,shopify,files/remote/cdn.shopify.com/6423080731178.jpg,0
6426185651068,https://images.btswholesaler.com/imgs/productos_cosmetica/imagenes/6426185651068.webp,images.btswholesaler.com,bts_cdn,files/remote/images.btswholesaler.com/6426185651068.webp,0
646876622122,https://cdn.shopify.com/s/files/1/0679/9792/5684/files/B71106.jpg?v=1740611418,cdn.shopify.com,shopify,files/remote/cdn.shopify.com/646876622122.jpg,0
651473520801,https://cdn.shopify.com/s/files/1/0679/9792/5684/files/U138216.jpg?v=1740627893,cdn.shopify.com,shopify,files/remote/cdn.shopify.com/651473520801.jpg,0
651986703081,https://cdn.shopify.com/s/files/1/0679/9792/5684/files/V541929.jpg?v=1740630785,cdn.shopify.com,shopify,files/remote/cdn.shopify.com/651986703081.jpg,0
652685692058,https://images.btswholesaler.com/imgs/productos_cosmetica/imagenes/0652685692058.webp,images.btswholesaler.com,bts_cdn,files/remote/images.btswholesaler.com/652685692058.webp,0
655256061048,https://cdn.shopify.com/s/files/1/0679/9792/5684/files/F61251.jpg?v=1740636103,cdn.shopify.com,shopify,files/remote/cdn.shopify.com/655256061048.jpg,0
655256071047,https://cdn.shopify.com/s/files/1/0679/9792/5684/files/T34279.jpg?v=1740636100,cdn.shopify.com,shopify,files/remote/cdn.shopify.com/655256071047.jpg,0
656509701018,https://cdn.shopify.com/s/files/1/0679/9792/5684/products/656509701018-9_1.jpg?v=1671822379,cdn.shopify.com,shopify,files/remote/cdn.shopify.com/656509701018.jpg,0
658580416089,https://cdn.shopify.com/s/files/1/0679/9792/5684/files/L926286.jpg?v=1740623426,cdn.shopify.com,shopify,files/remote/cdn.shopify.com/658580416089.jpg,0
663350008234,https://images.btswholesaler.com/imgs/productos_cosmetica/imagenes/0663350008234.webp,images.btswholesaler.com,bts_cdn,files/remote/images.btswholesaler.com/663350008234.webp,0
663350009736,https://images.btswholesaler.com/imgs/productos_cosmetica/imagenes/0663350009736.webp,images.btswholesaler.com,bts_cdn,files/remote/images.btswholesaler.com/663350009736.webp,0
663350053647,https://images.btswholesaler.com/imgs/productos_cosmetica/imagenes/0663350053647.webp,images.btswholesaler.com,bts_cdn,files/remote/images.btswholesaler.com/663350053647.webp,0
663350055481,https://images.btswholesaler.com/imgs/productos_cosmetica/imagenes/0663350055481.webp,images.btswholesaler.com,bts_cdn,files/remote/images.btswholesaler.com/663350055481.webp,0
663350055856,https://images.btswholesaler.com/imgs/productos_cosmetica/imagenes/0663350055856.webp,images.btswholesaler.com,bts_cdn,files/remote/images.btswholesaler.com/663350055856.webp,0
666151011038,https://cdn.shopify.com/s/files/1/0679/9792/5684/files/V853470.jpg?v=1740628061,cdn.shopify.com,shopify,files/remote/cdn.shopify.com/666151011038.jpg,0
667451903696,https://cdn.shopify.com/s/files/1/0679/9792/5684/files/F047051.jpg?v=1740624832,cdn.shopify.com,shopify,files/remote/cdn.shopify.com/667451903696.jpg,0
667451903702,https://cdn.shopify.com/s/files/1/0679/9792/5684/files/P941220.jpg?v=1740624828,cdn.shopify.com,shopify,files/remote/cdn.shopify.com/667451903702.jpg,0
667451904242,https://cdn.shopify.com/s/files/1/0679/9792/5684/files/B266313.jpg?v=1740624806,cdn.shopify.com,shopify,files/remote/cdn.shopify.com/667451904242.jpg,0
667545855665,https://cdn.shopify.com/s/files/1/0679/9792/5684/files/R401030.jpg?v=1740616689,cdn.shopify.com,shopify,files/remote/cdn.shopify.com/667545855665.jpg,0
667554035218,https://cdn.shopify.com/s/files/1/0679/9792/5684/files/J003181.jpg?v=1740616685,cdn.shopify.com,shopify,files/remote/cdn.shopify.com/667554035218.jpg,0
667558857403,https://cdn.shopify.com/s/files/1/0679/9792/5684/files/V981945.jpg?v=1740637135,cdn.shopify.com,shopify,files/remote/cdn.shopify.com/667558857403.jpg,0
667559068228,https://cdn.shopify.com/s/files/1/0679/9792/5684/files/D6296105.jpg?v=1740637155,cdn.shopify.com,shopify,files/remote/cdn.shopify.com/667559068228.jpg,0
667559301745,https://cdn.shopify.com/s/files/1/0679/9792/5684/files/N7151213.jpg?v=1740637113,cdn.shopify.com,shopify,files/remote/cdn.shopify.com/667559301745.jpg,0
667559301752,https://cdn.shopify.com/s/files/1/0679/9792/5684/files/B436458.jpg?v=1740616693,cdn.shopify.com,shopify,files/remote/cdn.shopify.com/667559301752.jpg,0
667559301769,https://cdn.shopify.com/s/files/1/0679/9792/5684/files/B496458.jpg?v=1740637124,cdn.shopify.com,shopify,files/remote/cdn.shopify.com/667559301769.jpg,0
669316068663,https://cdn.shopify.com/s/files/1/0679/9792/5684/products/669316388327-1.jpg?v=1671903397,cdn.shopify.com,shopify,files/remote/cdn.shopify.com/669316068663.jpg,0
669316076057,https://cdn.shopify.com/s/files/1/0679/9792/5684/products/669316076057-9.jpg?v=1671903366,cdn.shopify.com,shopify,files/remote/cdn.shopify.com/669316076057.jpg,0
669316080733,https://cdn.shopify.com/s/files/1/0679/9792/5684/products/669316080733-9.jpg?v=1671903348,cdn.shopify.com,shopify,files/remote/cdn.shopify.com/669316080733.jpg,0
669316214848,https://cdn.shopify.com/s/files/1/0679/9792/5684/products/669316215241-1.jpg?v=1671903389,cdn.shopify.com,shopify,files/remote/cdn.shopify.com/669316214848.jpg,0
669316221822,https://images.btswholesaler.com/imgs/productos_cosmetica/imagenes/0669316406106.webp,images.btswholesaler.com,bts_cdn,files/remote/images.btswholesaler.com/669316221822.webp,0
669316395400,https://cdn.shopify.com/s/files/1/0679/9792/5684/products/669316395400-1.jpg?v=1671903353,cdn.shopify.com,shopify,files/remote/cdn.shopify.com/669316395400.jpg,0
669316401699,https://images.btswholesaler.com/imgs/productos_cosmetica/imagenes/0669316401699.webp,images.btswholesaler.com,bts_cdn,files/remote/images.btswholesaler.com/669316401699.webp,0
669316406090,https://images.btswholesaler.com/imgs/productos_cosmetica/imagenes/0669316406168.webp,images.btswholesaler.com,bts_cdn,files/remote/images.btswholesaler.com/669316406090.webp,0
669316408063,https://cdn.shopify.com/s/files/1/0679/9792/5684/products/669316408063-9.jpg?v=1671903402,cdn.shopify.com,shopify,files/remote/cdn.shopify.com/669316408063.jpg,0
669316434512,https://cdn.shopify.com/s/files/1/0679/9792/5684/products/669316434512-1.jpg?v=1671903411,cdn.shopify.com,shopify,files/remote/cdn.shopify.com/669316434512.jpg,0
669316434673,https://images.btswholesaler.com/imgs/productos_cosmetica/imagenes/0669316434673_1.webp,images.btswholesaler.com,bts_cdn,files/remote/images.btswholesaler.com/669316434673.webp,0
669316457078,https://cdn.shopify.com/s/files/1/0679/9792/5684/products/669316457078-1.jpg?v=1671903416,cdn.shopify.com,shopify,files/remote/cdn.shopify.com/669316457078.jpg,0
669316457108,https://images.btswholesaler.com/imgs/productos_cosmetica/imagenes/0669316457108_1.webp,images.btswholesaler.com,bts_cdn,files/remote/images.btswholesaler.com/669316457108.webp,0
670367001653,https://cdn.shopify.com/s/files/1/0679/9792/5684/files/N041294.jpg?v=1740628695,cdn.shopify.com,shopify,files/remote/cdn.shopify.com/670367001653.jpg,0
670367008775,https://cdn.shopify.com/s/files/1/0679/9792/5684/files/L124178.jpg?v=1740629038,cdn.shopify.com,shopify,files/remote/cdn.shopify.com/670367008775.jpg,0
670367014042,https://cdn.shopify.com/s/files/1/0679/9792/5684/files/D426731.jpg?v=1740628698,cdn.shopify.com,shopify,files/remote/cdn.shopify.com/670367014042.jpg,0
6754660124364,https://cdn.shopify.com/s/files/1/0679/9792/5684/files/J526181.jpg?v=1740630912,cdn.shopify.com,shopify,files/remote/cdn.shopify.com/6754660124364.jpg,0
679602001335,https://images.btswholesaler.com/imgs/productos_cosmetica/imagenes/0679602001335.webp,images.btswholesaler.com,bts_cdn,files/remote/images.btswholesaler.com/679602001335.webp,0
679602001342,https://images.btswholesaler.com/imgs/productos_cosmetica/imagenes/0679602001342.webp,images.btswholesaler.com,bts_cdn,files/remote/images.btswholesaler.com/679602001342.webp,0
679602001359,https://images.btswholesaler.com/imgs/productos_cosmetica/imagenes/0679602001359.webp,images.btswholesaler.com,bts_cdn,files/remote/images.btswholesaler.com/679602001359.webp,0
679602001366,https://images.btswholesaler.com/imgs/productos_cosmetica/imagenes/0679602001366.webp,images.btswholesaler.com,bts_cdn,files/remote/images.btswholesaler.com/679602001366.webp,0
679602001373,https://images.btswholesaler.com/imgs/productos_cosmetica/imagenes/0679602001373.webp,images.btswholesaler.com,bts_cdn,files/remote/images.btswholesaler.com/679602001373.webp,0
679602001397,https://images.btswholesaler.com/imgs/productos_cosmetica/imagenes/0679602001397.webp,images.btswholesaler.com,bts_cdn,files/remote/images.btswholesaler.com/679602001397.webp,0
679602001564,https://images.btswholesaler.com/imgs/productos_cosmetica/imagenes/0679602001564.webp,images.btswholesaler.com,bts_cdn,files/remote/images.btswholesaler.com/679602001564.webp,0
679602001571,https://images.btswholesaler.com/imgs/productos_cosmetica/imagenes/0679602001571.webp,images.btswholesaler.com,bts_cdn,files/remote/images.btswholesaler.com/679602001571.webp,0
679602001588,https://images.btswholesaler.com/imgs/productos_cosmetica/imagenes/0679602001588.webp,images.btswholesaler.com,bts_cdn,files/remote/images.btswholesaler.com/679602001588.webp,0
679602001595,https://images.btswholesaler.com/imgs/productos_cosmetica/imagenes/0679602001595.webp,images.btswholesaler.com,bts_cdn,files/remote/images.btswholesaler.com/679602001595.webp,0
679602001601,https://images.btswholesaler.com/imgs/productos_cosmetica/imagenes/0679602001601.webp,images.btswholesaler.com,bts_cdn,files/remote/images.btswholesaler.com/679602001601.webp,0
679602001618,https://images.btswholesaler.com/imgs/productos_cosmetica/imagenes/0679602001618.webp,images.btswholesaler.com,bts_cdn,files/remote/images.btswholesaler.com/679602001618.webp,0
679602111225,https://cdn.shopify.com/s/files/1/0679/9792/5684/files/T584264.jpg?v=1740621142,cdn.shopify.com,shopify,files/remote/cdn.shopify.com/679602111225.jpg,0
679602132121,https://cdn.shopify.com/s/files/1/0679/9792/5684/files/B316458.jpg?v=1740621325,cdn.shopify.com,shopify,files/remote/cdn.shopify.com/679602132121.jpg,0
679602133104,https://cdn.shopify.com/s/files/1/0679/9792/5684/files/Z553430.jpg?v=1740615332,cdn.shopify.com,shopify,files/remote/cdn.shopify.com/679602133104.jpg,0
679602134118,https://cdn.shopify.com/s/files/1/0679/9792/5684/files/N031547.jpg?v=1740621182,cdn.shopify.com,shopify,files/remote/cdn.shopify.com/679602134118.jpg,0
679602141000,https://cdn.shopify.com/s/files/1/0679/9792/5684/files/P937220.jpg?v=1740615257,cdn.shopify.com,shopify,files/remote/cdn.shopify.com/679602141000.jpg,0
679602141116,https://cdn.shopify.com/s/files/1/0679/9792/5684/files/P627226.jpg?v=1740621204,cdn.shopify.com,shopify,files/remote/cdn.shopify.com/679602141116.jpg,0
679602141253,https://cdn.shopify.com/s/files/1/0679/9792/5684/files/D7106102.jpg?v=1740621208,cdn.shopify.com,shopify,files/remote/cdn.shopify.com/679602141253.jpg,0
679602141932,https://cdn.shopify.com/s/files/1/0679/9792/5684/files/B096408.jpg?v=1740621215,cdn.shopify.com,shopify,files/remote/cdn.shopify.com/679602141932.jpg,0
679602142113,https://cdn.shopify.com/s/files/1/0679/9792/5684/files/B576399.jpg?v=1740615240,cdn.shopify.com,shopify,files/remote/cdn.shopify.com/679602142113.jpg,0
679602142120,https://cdn.shopify.com/s/files/1/0679/9792/5684/files/N2057213.jpg?v=1740615245,cdn.shopify.com,shopify,files/remote/cdn.shopify.com/679602142120.jpg,0
679602142939,https://cdn.shopify.com/s/files/1/0679/9792/5684/files/D206952.jpg?v=1740615253,cdn.shopify.com,shopify,files/remote/cdn.shopify.com/679602142939.jpg,0
679602143110,https://cdn.shopify.com/s/files/1/0679/9792/5684/files/J499281.jpg?v=1740621193,cdn.shopify.com,shopify,files/remote/cdn.shopify.com/679602143110.jpg,0
679602143127,https://cdn.shopify.com/s/files/1/0679/9792/5684/files/V021888.jpg?v=1740621197,cdn.shopify.com,shopify,files/remote/cdn.shopify.com/679602143127.jpg,0
679602144100,https://cdn.shopify.com/s/files/1/0679/9792/5684/files/J499381.jpg?v=1740615237,cdn.shopify.com,shopify,files/remote/cdn.shopify.com/679602144100.jpg,0
679602144117,https://cdn.shopify.com/s/files/1/0679/9792/5684/files/J480081.jpg?v=1740615229,cdn.shopify.com,shopify,files/remote/cdn.shopify.com/679602144117.jpg,0
679602144124,https://cdn.shopify.com/s/files/1/0679/9792/5684/files/Z601429.jpg?v=1740615233,cdn.shopify.com,shopify,files/remote/cdn.shopify.com/679602144124.jpg,0
679602145121,https://cdn.shopify.com/s/files/1/0679/9792/5684/files/P617221.jpg?v=1740624144,cdn.shopify.com,shopify,files/remote/cdn.shopify.com/679602145121.jpg,0
679602148108,https://cdn.shopify.com/s/files/1/0679/9792/5684/files/D756732.jpg?v=1740621226,cdn.shopify.com,shopify,files/remote/cdn.shopify.com/679602148108.jpg,0
679602148115,https://cdn.shopify.com/s/files/1/0679/9792/5684/files/N212294.jpg?v=1740621219,cdn.shopify.com,shopify,files/remote/cdn.shopify.com/679602148115.jpg,0
679602148122,https://cdn.shopify.com/s/files/1/0679/9792/5684/files/T339252.jpg?v=1740621223,cdn.shopify.com,shopify,files/remote/cdn.shopify.com/679602148122.jpg,0
679602148962,https://cdn.shopify.com/s/files/1/0679/9792/5684/files/N2427212.jpg?v=1740621231,cdn.shopify.com,shopify,files/remote/cdn.shopify.com/679602148962.jpg,0
679602149129,https://cdn.shopify.com/s/files/1/0679/9792/5684/files/L324187.jpg?v=1740615261,cdn.shopify.com,shopify,files/remote/cdn.shopify.com/679602149129.jpg,0
679602150200,https://cdn.shopify.com/s/files/1/0679/9792/5684/files/J567281.jpg?v=1740621023,cdn.shopify.com,shopify,files/remote/cdn.shopify.com/679602150200.jpg,0
679602152105,https://cdn.shopify.com/s/files/1/0679/9792/5684/files/F479851.jpg?v=1740621250,cdn.shopify.com,shopify,files/remote/cdn.shopify.com/679602152105.jpg,0
679602152112,https://cdn.shopify.com/s/files/1/0679/9792/5684/files/P489229.jpg?v=1740621242,cdn.shopify.com,shopify,files/remote/cdn.shopify.com/679602152112.jpg,0
679602152129,https://cdn.shopify.com/s/files/1/0679/9792/5684/files/Z489429.jpg?v=1740621246,cdn.shopify.com,shopify,files/remote/cdn.shopify.com/679602152129.jpg,0
679602153119,https://cdn.shopify.com/s/files/1/0679/9792/5684/files/V481887.jpg?v=1740615275,cdn.shopify.com,shopify,files/remote/cdn.shopify.com/679602153119.jpg,0
679602153812,https://cdn.shopify.com/s/files/1/0679/9792/5684/files/L125920.jpg?v=1740615283,cdn.shopify.com,shopify,files/remote/cdn.shopify.com/679602153812.jpg,0
679602156110,https://cdn.shopify.com/s/files/1/0679/9792/5684/files/Z787425.jpg?v=1740624157,cdn.shopify.com,shopify,files/remote/cdn.shopify.com/679602156110.jpg,0
679602156141,https://cdn.shopify.com/s/files/1/0679/9792/5684/files/B516387.jpg?v=1740621333,cdn.shopify.com,shopify,files/remote/cdn.shopify.com/679602156141.jpg,0
679602157117,https://cdn.shopify.com/s/files/1/0679/9792/5684/files/J445481.jpg?v=1740615341,cdn.shopify.com,shopify,files/remote/cdn.shopify.com/679602157117.jpg,0
679602157124,https://cdn.shopify.com/s/files/1/0679/9792/5684/files/B526437.jpg?v=1740624148,cdn.shopify.com,shopify,files/remote/cdn.shopify.com/679602157124.jpg,0
679602158800,https://cdn.shopify.com/s/files/1/0679/9792/5684/files/Z995429.jpg?v=1740636571,cdn.shopify.com,shopify,files/remote/cdn.shopify.com/679602158800.jpg,0
679602160100,https://cdn.shopify.com/s/files/1/0679/9792/5684/files/A752185.jpg?v=1740621346,cdn.shopify.com,shopify,files/remote/cdn.shopify.com/679602160100.jpg,0
679602160124,https://cdn.shopify.com/s/files/1/0679/9792/5684/files/Q643195.jpg?v=1740621342,cdn.shopify.com,shopify,files/remote/cdn.shopify.com/679602160124.jpg,0
679602161114,https://cdn.shopify.com/s/files/1/0679/9792/5684/files/G346838.jpg?v=1740615358,cdn.shopify.com,shopify,files/remote/cdn.shopify.com/679602161114.jpg,0
679602161183,https://cdn.shopify.com/s/files/1/0679/9792/5684/files/A755785.jpg?v=1740615367,cdn.shopify.com,shopify,files/remote/cdn.shopify.com/679602161183.jpg,0
679602173117,https://cdn.shopify.com/s/files/1/0679/9792/5684/files/Z807815.jpg?v=1740621296,cdn.shopify.com,shopify,files/remote/cdn.shopify.com/679602173117.jpg,0
679602173124,https://cdn.shopify.com/s/files/1/0679/9792/5684/files/L203196.jpg?v=1740621300,cdn.shopify.com,shopify,files/remote/cdn.shopify.com/679602173124.jpg,0
679602174107,https://cdn.shopify.com/s/files/1/0679/9792/5684/files/U018216.jpg?v=1740615307,cdn.shopify.com,shopify,files/remote/cdn.shopify.com/679602174107.jpg,0
679602174114,https://cdn.shopify.com/s/files/1/0679/9792/5684/files/T520239.jpg?v=1740615299,cdn.shopify.com,shopify,files/remote/cdn.shopify.com/679602174114.jpg,0
679602174121,https://cdn.shopify.com/s/files/1/0679/9792/5684/files/A270937.jpg?v=1740615303,cdn.shopify.com,shopify,files/remote/cdn.shopify.com/679602174121.jpg,0
679602180115,https://cdn.shopify.com/s/files/1/0679/9792/5684/files/S529269.jpg?v=1740621254,cdn.shopify.com,shopify,files/remote/cdn.shopify.com/679602180115.jpg,0
679602180122,https://images.btswholesaler.com/imgs/productos_cosmetica/imagenes/0679602180122.webp,images.btswholesaler.com,bts_cdn,files/remote/images.btswholesaler.com/679602180122.webp,0
679602181105,https://cdn.shopify.com/s/files/1/0679/9792/5684/files/D694642.jpg?v=1740615354,cdn.shopify.com,shopify,files/remote/cdn.shopify.com/679602181105.jpg,0
679602181112,https://cdn.shopify.com/s/files/1/0679/9792/5684/files/X363726.jpg?v=1740615345,cdn.shopify.com,shopify,files/remote/cdn.shopify.com/679602181112.jpg,0
679602181211,https://cdn.shopify.com/s/files/1/0679/9792/5684/files/N590888.jpg?v=1740621309,cdn.shopify.com,shopify,files/remote/cdn.shopify.com/679602181211.jpg,0
679602186124,https://cdn.shopify.com/s/files/1/0679/9792/5684/files/J95229.jpg?v=1740615311,cdn.shopify.com,shopify,files/remote/cdn.shopify.com/679602186124.jpg,0
679602197120,https://cdn.shopify.com/s/files/1/0679/9792/5684/files/H448474.jpg?v=1740621575,cdn.shopify.com,shopify,files/remote/cdn.shopify.com/679602197120.jpg,0
679602202121,https://cdn.shopify.com/s/files/1/0679/9792/5684/files/J126981.jpg?v=1740615539,cdn.shopify.com,shopify,files/remote/cdn.shopify.com/679602202121.jpg,0
679602203166,https://cdn.shopify.com/s/files/1/0679/9792/5684/files/L126310.jpg?v=1740634910,cdn.shopify.com,shopify,files/remote/cdn.shopify.com/679602203166.jpg,0
679602221108,https://images.btswholesaler.com/imgs/productos_cosmetica/imagenes/0679602221108_1.webp,images.btswholesaler.com,bts_cdn,files/remote/images.btswholesaler.com/679602221108.webp,0
679602231015,https://images.btswholesaler.com/imgs/productos_cosmetica/imagenes/0679602231015.webp,images.btswholesaler.com,bts_cdn,files/remote/images.btswholesaler.com/679602231015.webp,0
679602233620,https://cdn.shopify.com/s/files/1/0679/9792/5684/files/J577481.jpg?v=1740634913,cdn.shopify.com,shopify,files/remote/cdn.shopify.com/679602233620.jpg,0
679602251105,https://cdn.shopify.com/s/files/1/0679/9792/5684/files/I23086.jpg?v=1740621185,cdn.shopify.com,shopify,files/remote/cdn.shopify.com/679602251105.jpg,0
679602253161,https://cdn.shopify.com/s/files/1/0679/9792/5684/files/Z583421.jpg?v=1740634920,cdn.shopify.com,shopify,files/remote/cdn.shopify.com/679602253161.jpg,0
679602271103,https://cdn.shopify.com/s/files/1/0679/9792/5684/files/B66450.jpg?v=1740621168,cdn.shopify.com,shopify,files/remote/cdn.shopify.com/679602271103.jpg,0
679602283168,https://cdn.shopify.com/s/files/1/0679/9792/5684/files/L924336.jpg?v=1740634916,cdn.shopify.com,shopify,files/remote/cdn.shopify.com/679602283168.jpg,0
679602300216,https://cdn.shopify.com/s/files/1/0679/9792/5684/files/D344677.jpg?v=1740611887,cdn.shopify.com,shopify,files/remote/cdn.shopify.com/679602300216.jpg,0
679602300315,https://cdn.shopify.com/s/files/1/0679/9792/5684/files/B307290.jpg?v=1740611880,cdn.shopify.com,shopify,files/remote/cdn.shopify.com/679602300315.jpg,0
679602300711,https://cdn.shopify.com/s/files/1/0679/9792/5684/files/V081921.jpg?v=1740611847,cdn.shopify.com,shopify,files/remote/cdn.shopify.com/679602300711.jpg,0
679602306126,https://cdn.shopify.com/s/files/1/0679/9792/5684/files/P701230.jpg?v=1740611877,cdn.shopify.com,shopify,files/remote/cdn.shopify.com/679602306126.jpg,0
679602331104,https://cdn.shopify.com/s/files/1/0679/9792/5684/files/V623562.jpg?v=1740621238,cdn.shopify.com,shopify,files/remote/cdn.shopify.com/679602331104.jpg,0
679602333160,https://cdn.shopify.com/s/files/1/0679/9792/5684/files/V521946.jpg?v=1740634923,cdn.shopify.com,shopify,files/remote/cdn.shopify.com/679602333160.jpg,0
679602341127,https://cdn.shopify.com/s/files/1/0679/9792/5684/files/V741108.jpg?v=1740621349,cdn.shopify.com,shopify,files/remote/cdn.shopify.com/679602341127.jpg,0
679602381109,https://cdn.shopify.com/s/files/1/0679/9792/5684/files/W921316.jpg?v=1740621161,cdn.shopify.com,shopify,files/remote/cdn.shopify.com/679602381109.jpg,0
679602383165,https://cdn.shopify.com/s/files/1/0679/9792/5684/files/L724473.jpg?v=1740634906,cdn.shopify.com,shopify,files/remote/cdn.shopify.com/679602383165.jpg,0
679602400114,https://cdn.shopify.com/s/files/1/0679/9792/5684/files/F228851.jpg?v=1740611832,cdn.shopify.com,shopify,files/remote/cdn.shopify.com/679602400114.jpg,0
679602402125,https://cdn.shopify.com/s/files/1/0679/9792/5684/files/F535151.jpg?v=1740611897,cdn.shopify.com,shopify,files/remote/cdn.shopify.com/679602402125.jpg,0
679602412421,https://cdn.shopify.com/s/files/1/0679/9792/5684/files/F56651.jpg?v=1740621354,cdn.shopify.com,shopify,files/remote/cdn.shopify.com/679602412421.jpg,0
679602451017,https://cdn.shopify.com/s/files/1/0679/9792/5684/files/Z941430.jpg?v=1740623814,cdn.shopify.com,shopify,files/remote/cdn.shopify.com/679602451017.jpg,0
679602480123,https://cdn.shopify.com/s/files/1/0679/9792/5684/files/N085295.jpg?v=1740624280,cdn.shopify.com,shopify,files/remote/cdn.shopify.com/679602480123.jpg,0
679602491167,https://cdn.shopify.com/s/files/1/0679/9792/5684/files/L924120.jpg?v=1740628352,cdn.shopify.com,shopify,files/remote/cdn.shopify.com/679602491167.jpg,0
679602491624,https://cdn.shopify.com/s/files/1/0679/9792/5684/files/F082451.jpg?v=1740626004,cdn.shopify.com,shopify,files/remote/cdn.shopify.com/679602491624.jpg,0
679602499163,https://cdn.shopify.com/s/files/1/0679/9792/5684/files/N421292.jpg?v=1740626010,cdn.shopify.com,shopify,files/remote/cdn.shopify.com/679602499163.jpg,0
679602511216,https://cdn.shopify.com/s/files/1/0679/9792/5684/files/P25236.jpg?v=1740615370,cdn.shopify.com,shopify,files/remote/cdn.shopify.com/679602511216.jpg,0
679602512428,https://cdn.shopify.com/s/files/1/0679/9792/5684/files/V81939.jpg?v=1740615374,cdn.shopify.com,shopify,files/remote/cdn.shopify.com/679602512428.jpg,0
679602531108,https://cdn.shopify.com/s/files/1/0679/9792/5684/files/D346952.jpg?v=1740621158,cdn.shopify.com,shopify,files/remote/cdn.shopify.com/679602531108.jpg,0
679602611121,https://cdn.shopify.com/s/files/1/0679/9792/5684/files/P65232.jpg?v=1740615377,cdn.shopify.com,shopify,files/remote/cdn.shopify.com/679602611121.jpg,0
679602611244,https://cdn.shopify.com/s/files/1/0679/9792/5684/files/V81660.jpg?v=1740615382,cdn.shopify.com,shopify,files/remote/cdn.shopify.com/679602611244.jpg,0
679602636964,https://cdn.shopify.com/s/files/1/0679/9792/5684/files/P087224.jpg?v=1740621557,cdn.shopify.com,shopify,files/remote/cdn.shopify.com/679602636964.jpg,0
679602681117,https://cdn.shopify.com/s/files/1/0679/9792/5684/files/F399851.jpg?v=1740614467,cdn.shopify.com,shopify,files/remote/cdn.shopify.com/679602681117.jpg,0
679602681148,https://cdn.shopify.com/s/files/1/0679/9792/5684/files/J547081.jpg?v=1740614448,cdn.shopify.com,shopify,files/remote/cdn.shopify.com/679602681148.jpg,0
679602770934,https://cdn.shopify.com/s/files/1/0679/9792/5684/files/N4982213.jpg?v=1740636575,cdn.shopify.com,shopify,files/remote/cdn.shopify.com/679602770934.jpg,0
679602771214,https://cdn.shopify.com/s/files/1/0679/9792/5684/files/O60512.jpg?v=1740621278,cdn.shopify.com,shopify,files/remote/cdn.shopify.com/679602771214.jpg,0
679602772426,https://cdn.shopify.com/s/files/1/0679/9792/5684/files/Q791192.jpg?v=1740621283,cdn.shopify.com,shopify,files/remote/cdn.shopify.com/679602772426.jpg,0
679602817097,https://cdn.shopify.com/s/files/1/0679/9792/5684/files/T989274.jpg?v=1740635449,cdn.shopify.com,shopify,files/remote/cdn.shopify.com/679602817097.jpg,0
679602820011,https://cdn.shopify.com/s/files/1/0679/9792/5684/files/X427254.jpg?v=1740621560,cdn.shopify.com,shopify,files/remote/cdn.shopify.com/679602820011.jpg,0
679602851084,https://cdn.shopify.com/s/files/1/0679/9792/5684/files/N025292.jpg?v=1740621317,cdn.shopify.com,shopify,files/remote/cdn.shopify.com/679602851084.jpg,0
679602852425,https://cdn.shopify.com/s/files/1/0679/9792/5684/files/B756306.jpg?v=1740621313,cdn.shopify.com,shopify,files/remote/cdn.shopify.com/679602852425.jpg,0
679602856959,https://cdn.shopify.com/s/files/1/0679/9792/5684/files/D076843.jpg?v=1740621594,cdn.shopify.com,shopify,files/remote/cdn.shopify.com/679602856959.jpg,0
679602861083,https://cdn.shopify.com/s/files/1/0679/9792/5684/files/T724252.jpg?v=1740615319,cdn.shopify.com,shopify,files/remote/cdn.shopify.com/679602861083.jpg,0
679602861243,https://cdn.shopify.com/s/files/1/0679/9792/5684/files/F026451.jpg?v=1740615315,cdn.shopify.com,shopify,files/remote/cdn.shopify.com/679602861243.jpg,0
679602911061,https://cdn.shopify.com/s/files/1/0679/9792/5684/files/F547151.jpg?v=1740614462,cdn.shopify.com,shopify,files/remote/cdn.shopify.com/679602911061.jpg,0
679602940610,https://cdn.shopify.com/s/files/1/0679/9792/5684/files/G560840.jpg?v=1740621549,cdn.shopify.com,shopify,files/remote/cdn.shopify.com/679602940610.jpg,0
679602941013,https://cdn.shopify.com/s/files/1/0679/9792/5684/files/T824254.jpg?v=1740621536,cdn.shopify.com,shopify,files/remote/cdn.shopify.com/679602941013.jpg,0
679602951616,https://cdn.shopify.com/s/files/1/0679/9792/5684/files/U521213.jpg?v=1740615513,cdn.shopify.com,shopify,files/remote/cdn.shopify.com/679602951616.jpg,0
679602991063,https://cdn.shopify.com/s/files/1/0679/9792/5684/files/J204381.jpg?v=1740621582,cdn.shopify.com,shopify,files/remote/cdn.shopify.com/679602991063.jpg,0
679614361267,https://cdn.shopify.com/s/files/1/0679/9792/5684/files/J577881.jpg?v=1740628496,cdn.shopify.com,shopify,files/remote/cdn.shopify.com/679614361267.jpg,0
682059585983,https://cdn.shopify.com/s/files/1/0679/9792/5684/files/B146388.jpg?v=1740627069,cdn.shopify.com,shopify,files/remote/cdn.shopify.com/682059585983.jpg,0
682059585990,https://cdn.shopify.com/s/files/1/0679/9792/5684/files/L125172.jpg?v=1740628135,cdn.shopify.com,shopify,files/remote/cdn.shopify.com/682059585990.jpg,0
685428007321,https://cdn.shopify.com/s/files/1/0679/9792/5684/products/685428007321-1.jpg?v=1673065031,cdn.shopify.com,shopify,files/remote/cdn.shopify.com/685428007321.jpg,0
685428016569,https://cdn.shopify.com/s/files/1/0679/9792/5684/products/685428016569-1.jpg?v=1671903969,cdn.shopify.com,shopify,files/remote/cdn.shopify.com/685428016569.jpg,0
685428017580,https://cdn.shopify.com/s/files/1/0679/9792/5684/products/685428017580-1.jpg?v=1673065075,cdn.shopify.com,shopify,files/remote/cdn.shopify.com/685428017580.jpg,0
685428027824,https://cdn.shopify.com/s/files/1/0679/9792/5684/products/685428027824-1.jpg?v=1672060023,cdn.shopify.com,shopify,files/remote/cdn.shopify.com/685428027824.jpg,0
688575001778,https://cdn.shopify.com/s/files/1/0679/9792/5684/files/C9488.jpg?v=1740616440,cdn.shopify.com,shopify,files/remote/cdn.shopify.com/688575001778.jpg,0
688575179439,https://cdn.shopify.com/s/files/1/0679/9792/5684/files/F1651.jpg?v=1740616460,cdn.shopify.com,shopify,files/remote/cdn.shopify.com/688575179439.jpg,0
689304028103,https://cdn.shopify.com/s/files/1/0679/9792/5684/files/R911036.jpg?v=1740629520,cdn.shopify.com,shopify,files/remote/cdn.shopify.com/689304028103.jpg,0
689304051033,https://cdn.shopify.com/s/files/1/0679/9792/5684/products/689304051033-9.jpg?v=1673042797,cdn.shopify.com,shopify,files/remote/cdn.shopify.com/689304051033.jpg,0
690251000036,https://cdn.shopify.com/s/files/1/0679/9792/5684/files/K925197.jpg?v=1740623422,cdn.shopify.com,shopify,files/remote/cdn.shopify.com/690251000036.jpg,0
690251019090,https://cdn.shopify.com/s/files/1/0679/9792/5684/files/P381614.jpg?v=1740613252,cdn.shopify.com,shopify,files/remote/cdn.shopify.com/690251019090.jpg,0
697045153718,https://cdn.shopify.com/s/files/1/0679/9792/5684/files/C963466.jpg?v=1740635079,cdn.shopify.com,shopify,files/remote/cdn.shopify.com/697045153718.jpg,0
697045154531,https://cdn.shopify.com/s/files/1/0679/9792/5684/files/I063486.jpg?v=1740627279,cdn.shopify.com,shopify,files/remote/cdn.shopify.com/697045154531.jpg,0
697045155019,https://cdn.shopify.com/s/files/1/0679/9792/5684/products/697045155019-9.jpg?v=1671814577,cdn.shopify.com,shopify,files/remote/cdn.shopify.com/697045155019.jpg,0
697045158287,https://cdn.shopify.com/s/files/1/0679/9792/5684/products/697045158287-9.jpg?v=1671814509,cdn.shopify.com,shopify,files/remote/cdn.shopify.com/697045158287.jpg,0
697045160259,https://cdn.shopify.com/s/files/1/0679/9792/5684/files/P903230.jpg?v=1740628543,cdn.shopify.com,shopify,files/remote/cdn.shopify.com/697045160259.jpg,0
7061282379270,https://cdn.shopify.com/s/files/1/0679/9792/5684/files/B116439.jpg?v=1740628712,cdn.shopify.com,shopify,files/remote/cdn.shopify.com/7061282379270.jpg,0
7061285777158,https://cdn.shopify.com/s/files/1/0679/9792/5684/files/J463781.jpg?v=1740628723,cdn.shopify.com,shopify,files/remote/cdn.shopify.com/7061285777158.jpg,0
7061285985713,https://cdn.shopify.com/s/files/1/0679/9792/5684/files/D8436102.jpg?v=1740628790,cdn.shopify.com,shopify,files/remote/cdn.shopify.com/7061285985713.jpg,0
708177117346,https://cdn.shopify.com/s/files/1/0679/9792/5684/products/708177117346-9_1.jpg?v=1673050509,cdn.shopify.com,shopify,files/remote/cdn.shopify.com/708177117346.jpg,0
708177122579,https://cdn.shopify.com/s/files/1/0679/9792/5684/products/708177122579-9.jpg?v=1671834116,cdn.shopify.com,shopify,files/remote/cdn.shopify.com/708177122579.jpg,0
715885029328,https://cdn.shopify.com/s/files/1/0679/9792/5684/files/Z435.jpg?v=1740611995,cdn.shopify.com,shopify,files/remote/cdn.shopify.com/715885029328.jpg,0
715885170129,https://cdn.shopify.com/s/files/1/0679/9792/5684/files/J881.jpg?v=1740612018,cdn.shopify.com,shopify,files/remote/cdn.shopify.com/715885170129.jpg,0
716170086750,https://cdn.shopify.com/s/files/1/0679/9792/5684/products/716170086750-9.jpg?v=1673043949,cdn.shopify.com,shopify,files/remote/cdn.shopify.com/716170086750.jpg,0
716170109510,https://cdn.shopify.com/s/files/1/0679/9792/5684/products/716170109510-9.jpg?v=1671819470,cdn.shopify.com,shopify,files/remote/cdn.shopify.com/716170109510.jpg,0
716170124339,https://cdn.shopify.com/s/files/1/0679/9792/5684/products/716170124339-9_1.jpg?v=1673044126,cdn.shopify.com,shopify,files/remote/cdn.shopify.com/716170124339.jpg,0
716170252292,https://cdn.shopify.com/s/files/1/0679/9792/5684/files/N066296.jpg?v=1740627008,cdn.shopify.com,shopify,files/remote/cdn.shopify.com/716170252292.jpg,0
716393000854,https://cdn.shopify.com/s/files/1/0679/9792/5684/files/F34477.jpg?v=1740618972,cdn.shopify.com,shopify,files/remote/cdn.shopify.com/716393000854.jpg,0
716393557389,https://cdn.shopify.com/s/files/1/0679/9792/5684/files/H520975.jpg?v=1740636055,cdn.shopify.com,shopify,files/remote/cdn.shopify.com/716393557389.jpg,0
716393611173,https://images.btswholesaler.com/imgs/productos_cosmetica/imagenes/0719346021784.webp,images.btswholesaler.com,bts_cdn,files/remote/images.btswholesaler.com/716393611173.webp,0
717334168800,https://cdn.shopify.com/s/files/1/0679/9792/5684/files/D220266.jpg?v=1740628261,cdn.shopify.com,shopify,files/remote/cdn.shopify.com/717334168800.jpg,0
717334223066,https://cdn.shopify.com/s/files/1/0679/9792/5684/files/P259223.jpg?v=1740628257,cdn.shopify.com,shopify,files/remote/cdn.shopify.com/717334223066.jpg,0
717334242319,https://cdn.shopify.com/s/files/1/0679/9792/5684/files/I164986.jpg?v=1740628691,cdn.shopify.com,shopify,files/remote/cdn.shopify.com/717334242319.jpg,0
719346020176,https://cdn.shopify.com/s/files/1/0679/9792/5684/files/D06128.jpg?v=1740618796,cdn.shopify.com,shopify,files/remote/cdn.shopify.com/719346020176.jpg,0
719346020480,https://cdn.shopify.com/s/files/1/0679/9792/5684/files/F51251.jpg?v=1740612606,cdn.shopify.com,shopify,files/remote/cdn.shopify.com/719346020480.jpg,0
719346020558,https://cdn.shopify.com/s/files/1/0679/9792/5684/files/F9003.jpg?v=1740618976,cdn.shopify.com,shopify,files/remote/cdn.shopify.com/719346020558.jpg,0
719346034425,https://cdn.shopify.com/s/files/1/0679/9792/5684/files/F0251.jpg?v=1740609372,cdn.shopify.com,shopify,files/remote/cdn.shopify.com/719346034425.jpg,0
719346065382,https://cdn.shopify.com/s/files/1/0679/9792/5684/files/P5220.jpg?v=1740609399,cdn.shopify.com,shopify,files/remote/cdn.shopify.com/719346065382.jpg,0
719346065399,https://cdn.shopify.com/s/files/1/0679/9792/5684/files/A21052.jpg?v=1740609404,cdn.shopify.com,shopify,files/remote/cdn.shopify.com/719346065399.jpg,0
719346065405,https://cdn.shopify.com/s/files/1/0679/9792/5684/files/Z5420.jpg?v=1740609391,cdn.shopify.com,shopify,files/remote/cdn.shopify.com/719346065405.jpg,0
719346094665,https://cdn.shopify.com/s/files/1/0679/9792/5684/files/A97651.jpg?v=1740609447,cdn.shopify.com,shopify,files/remote/cdn.shopify.com/719346094665.jpg,0
719346094696,https://cdn.shopify.com/s/files/1/0679/9792/5684/files/B1941.jpg?v=1740609456,cdn.shopify.com,shopify,files/remote/cdn.shopify.com/719346094696.jpg,0
719346099479,https://cdn.shopify.com/s/files/1/0679/9792/5684/files/A0352.jpg?v=1740612611,cdn.shopify.com,shopify,files/remote/cdn.shopify.com/719346099479.jpg,0
719346099691,https://cdn.shopify.com/s/files/1/0679/9792/5684/files/O3234.jpg?v=1740609395,cdn.shopify.com,shopify,files/remote/cdn.shopify.com/719346099691.jpg,0
719346107297,https://cdn.shopify.com/s/files/1/0679/9792/5684/files/Q254.jpg?v=1740609451,cdn.shopify.com,shopify,files/remote/cdn.shopify.com/719346107297.jpg,0
719346117708,https://cdn.shopify.com/s/files/1/0679/9792/5684/files/N24032.jpg?v=1740609351,cdn.shopify.com,shopify,files/remote/cdn.shopify.com/719346117708.jpg,0
719346117722,https://cdn.shopify.com/s/files/1/0679/9792/5684/files/M428.jpg?v=1740609347,cdn.shopify.com,shopify,files/remote/cdn.shopify.com/719346117722.jpg,0
719346125536,https://cdn.shopify.com/s/files/1/0679/9792/5684/files/H15652.jpg?v=1740618579,cdn.shopify.com,shopify,files/remote/cdn.shopify.com/719346125536.jpg,0
719346128070,https://cdn.shopify.com/s/files/1/0679/9792/5684/files/I25093.jpg?v=1740613300,cdn.shopify.com,shopify,files/remote/cdn.shopify.com/719346128070.jpg,0
719346129732,https://cdn.shopify.com/s/files/1/0679/9792/5684/files/N69212.jpg?v=1740613311,cdn.shopify.com,shopify,files/remote/cdn.shopify.com/719346129732.jpg,0
719346131544,https://cdn.shopify.com/s/files/1/0679/9792/5684/files/R26213.jpg?v=1740609412,cdn.shopify.com,shopify,files/remote/cdn.shopify.com/719346131544.jpg,0
719346151344,https://cdn.shopify.com/s/files/1/0679/9792/5684/files/J32981.jpg?v=1740609408,cdn.shopify.com,shopify,files/remote/cdn.shopify.com/719346151344.jpg,0
719346158046,https://cdn.shopify.com/s/files/1/0679/9792/5684/files/L24773.jpg?v=1740611366,cdn.shopify.com,shopify,files/remote/cdn.shopify.com/719346158046.jpg,0
719346158657,https://cdn.shopify.com/s/files/1/0679/9792/5684/files/Z59429.jpg?v=1740613303,cdn.shopify.com,shopify,files/remote/cdn.shopify.com/719346158657.jpg,0
719346167062,https://images.btswholesaler.com/imgs/productos_cosmetica/imagenes/0719346167062.webp,images.btswholesaler.com,bts_cdn,files/remote/images.btswholesaler.com/719346167062.webp,0
719346167079,https://cdn.shopify.com/s/files/1/0679/9792/5684/files/Q791051.jpg?v=1740613345,cdn.shopify.com,shopify,files/remote/cdn.shopify.com/719346167079.jpg,0
719346175258,https://cdn.shopify.com/s/files/1/0679/9792/5684/files/K375198.jpg?v=1740609234,cdn.shopify.com,shopify,files/remote/cdn.shopify.com/719346175258.jpg,0
719346177504,https://cdn.shopify.com/s/files/1/0679/9792/5684/files/L26797.jpg?v=1740614807,cdn.shopify.com,shopify,files/remote/cdn.shopify.com/719346177504.jpg,0
719346180726,https://cdn.shopify.com/s/files/1/0679/9792/5684/files/T389256.jpg?v=1740620194,cdn.shopify.com,shopify,files/remote/cdn.shopify.com/719346180726.jpg,0
719346181051,https://cdn.shopify.com/s/files/1/0679/9792/5684/files/R022214.jpg?v=1740618980,cdn.shopify.com,shopify,files/remote/cdn.shopify.com/719346181051.jpg,0
719346199612,https://images.btswholesaler.com/imgs/productos_cosmetica/imagenes/0719346296595.webp,images.btswholesaler.com,bts_cdn,files/remote/images.btswholesaler.com/719346199612.webp,0
719346213806,https://cdn.shopify.com/s/files/1/0679/9792/5684/files/F501351.jpg?v=1740636854,cdn.shopify.com,shopify,files/remote/cdn.shopify.com/719346213806.jpg,0
719346215763,https://cdn.shopify.com/s/files/1/0679/9792/5684/files/P400610.jpg?v=1740613353,cdn.shopify.com,shopify,files/remote/cdn.shopify.com/719346215763.jpg,0
719346218412,https://cdn.shopify.com/s/files/1/0679/9792/5684/files/G41624.jpg?v=1740610223,cdn.shopify.com,shopify,files/remote/cdn.shopify.com/719346218412.jpg,0
719346218436,https://cdn.shopify.com/s/files/1/0679/9792/5684/products/719346218436-9.jpg?v=1671884256,cdn.shopify.com,shopify,files/remote/cdn.shopify.com/719346218436.jpg,0
719346218559,https://cdn.shopify.com/s/files/1/0679/9792/5684/products/719346218559-9.jpg?v=1671885452,cdn.shopify.com,shopify,files/remote/cdn.shopify.com/719346218559.jpg,0
719346228992,https://cdn.shopify.com/s/files/1/0679/9792/5684/files/Z805424.jpg?v=1740609460,cdn.shopify.com,shopify,files/remote/cdn.shopify.com/719346228992.jpg,0
719346232890,https://images.btswholesaler.com/imgs/productos_cosmetica/imagenes/0719346232890.webp,images.btswholesaler.com,bts_cdn,files/remote/images.btswholesaler.com/719346232890.webp,0
719346232906,https://cdn.shopify.com/s/files/1/0679/9792/5684/files/T895238.jpg?v=1740613314,cdn.shopify.com,shopify,files/remote/cdn.shopify.com/719346232906.jpg,0
719346233439,https://cdn.shopify.com/s/files/1/0679/9792/5684/files/R909030.jpg?v=1740636761,cdn.shopify.com,shopify,files/remote/cdn.shopify.com/719346233439.jpg,0
719346235280,https://cdn.shopify.com/s/files/1/0679/9792/5684/files/F72377.jpg?v=1740610233,cdn.shopify.com,shopify,files/remote/cdn.shopify.com/719346235280.jpg,0
719346250436,https://cdn.shopify.com/s/files/1/0679/9792/5684/files/Z839429.jpg?v=1740609432,cdn.shopify.com,shopify,files/remote/cdn.shopify.com/719346250436.jpg,0
719346256346,https://cdn.shopify.com/s/files/1/0679/9792/5684/files/B916404.jpg?v=1740609427,cdn.shopify.com,shopify,files/remote/cdn.shopify.com/719346256346.jpg,0
719346257107,https://cdn.shopify.com/s/files/1/0679/9792/5684/files/Z101423.jpg?v=1740613335,cdn.shopify.com,shopify,files/remote/cdn.shopify.com/719346257107.jpg,0
719346258111,https://cdn.shopify.com/s/files/1/0679/9792/5684/files/J155081.jpg?v=1740609354,cdn.shopify.com,shopify,files/remote/cdn.shopify.com/719346258111.jpg,0
719346258128,https://cdn.shopify.com/s/files/1/0679/9792/5684/files/J309681.jpg?v=1740609358,cdn.shopify.com,shopify,files/remote/cdn.shopify.com/719346258128.jpg,0
719346259101,https://cdn.shopify.com/s/files/1/0679/9792/5684/files/N3382211.jpg?v=1740611189,cdn.shopify.com,shopify,files/remote/cdn.shopify.com/719346259101.jpg,0
719346260213,https://cdn.shopify.com/s/files/1/0679/9792/5684/files/V541899.jpg?v=1740619670,cdn.shopify.com,shopify,files/remote/cdn.shopify.com/719346260213.jpg,0
719346262170,https://cdn.shopify.com/s/files/1/0679/9792/5684/files/D4426100.jpg?v=1740609439,cdn.shopify.com,shopify,files/remote/cdn.shopify.com/719346262170.jpg,0
719346262187,https://cdn.shopify.com/s/files/1/0679/9792/5684/files/B846432.jpg?v=1740609443,cdn.shopify.com,shopify,files/remote/cdn.shopify.com/719346262187.jpg,0
719346263573,https://cdn.shopify.com/s/files/1/0679/9792/5684/files/B036474.jpg?v=1740609365,cdn.shopify.com,shopify,files/remote/cdn.shopify.com/719346263573.jpg,0
719346263955,https://cdn.shopify.com/s/files/1/0679/9792/5684/files/Y00408.jpg?v=1740611373,cdn.shopify.com,shopify,files/remote/cdn.shopify.com/719346263955.jpg,0
719346265959,https://cdn.shopify.com/s/files/1/0679/9792/5684/files/B86466.jpg?v=1740611360,cdn.shopify.com,shopify,files/remote/cdn.shopify.com/719346265959.jpg,0
719346373906,https://cdn.shopify.com/s/files/1/0679/9792/5684/files/U9855.jpg?v=1740611299,cdn.shopify.com,shopify,files/remote/cdn.shopify.com/719346373906.jpg,0
719346450409,https://cdn.shopify.com/s/files/1/0679/9792/5684/files/N76034.jpg?v=1740611356,cdn.shopify.com,shopify,files/remote/cdn.shopify.com/719346450409.jpg,0
719346450607,https://cdn.shopify.com/s/files/1/0679/9792/5684/files/H14452.jpg?v=1740611349,cdn.shopify.com,shopify,files/remote/cdn.shopify.com/719346450607.jpg,0
719346504911,https://cdn.shopify.com/s/files/1/0679/9792/5684/files/T794262.jpg?v=1740613947,cdn.shopify.com,shopify,files/remote/cdn.shopify.com/719346504911.jpg,0
719346536349,https://cdn.shopify.com/s/files/1/0679/9792/5684/files/O3412.jpg?v=1740618792,cdn.shopify.com,shopify,files/remote/cdn.shopify.com/719346536349.jpg,0
719346552875,https://cdn.shopify.com/s/files/1/0679/9792/5684/files/G70613.jpg?v=1740609435,cdn.shopify.com,shopify,files/remote/cdn.shopify.com/719346552875.jpg,0
719346567442,https://cdn.shopify.com/s/files/1/0679/9792/5684/files/E15231.jpg?v=1740609368,cdn.shopify.com,shopify,files/remote/cdn.shopify.com/719346567442.jpg,0
719346615921,https://cdn.shopify.com/s/files/1/0679/9792/5684/files/H025252.jpg?v=1740614811,cdn.shopify.com,shopify,files/remote/cdn.shopify.com/719346615921.jpg,0
719346621175,https://cdn.shopify.com/s/files/1/0679/9792/5684/files/O70912.jpg?v=1740636974,cdn.shopify.com,shopify,files/remote/cdn.shopify.com/719346621175.jpg,0
719346621236,https://cdn.shopify.com/s/files/1/0679/9792/5684/files/K64812.jpg?v=1740636747,cdn.shopify.com,shopify,files/remote/cdn.shopify.com/719346621236.jpg,0
719346628372,https://cdn.shopify.com/s/files/1/0679/9792/5684/products/719346628372-9.jpg?v=1671863856,cdn.shopify.com,shopify,files/remote/cdn.shopify.com/719346628372.jpg,0
719346629379,https://cdn.shopify.com/s/files/1/0679/9792/5684/files/Q291489.jpg?v=1740619655,cdn.shopify.com,shopify,files/remote/cdn.shopify.com/719346629379.jpg,0
719346629393,https://cdn.shopify.com/s/files/1/0679/9792/5684/files/G870617.jpg?v=1740619659,cdn.shopify.com,shopify,files/remote/cdn.shopify.com/719346629393.jpg,0
719346630856,https://cdn.shopify.com/s/files/1/0679/9792/5684/files/E251334.jpg?v=1740636753,cdn.shopify.com,shopify,files/remote/cdn.shopify.com/719346630856.jpg,0
719346630924,https://cdn.shopify.com/s/files/1/0679/9792/5684/files/E811334.jpg?v=1740636981,cdn.shopify.com,shopify,files/remote/cdn.shopify.com/719346630924.jpg,0
719346630948,https://cdn.shopify.com/s/files/1/0679/9792/5684/files/Q042089.jpg?v=1740636851,cdn.shopify.com,shopify,files/remote/cdn.shopify.com/719346630948.jpg,0
719346635035,https://cdn.shopify.com/s/files/1/0679/9792/5684/files/A031186.jpg?v=1740636757,cdn.shopify.com,shopify,files/remote/cdn.shopify.com/719346635035.jpg,0
719346635059,https://cdn.shopify.com/s/files/1/0679/9792/5684/files/K125184.jpg?v=1740636804,cdn.shopify.com,shopify,files/remote/cdn.shopify.com/719346635059.jpg,0
719346636933,https://cdn.shopify.com/s/files/1/0679/9792/5684/files/E131536.jpg?v=1740636750,cdn.shopify.com,shopify,files/remote/cdn.shopify.com/719346636933.jpg,0
719346636957,https://cdn.shopify.com/s/files/1/0679/9792/5684/files/R857029.jpg?v=1740636807,cdn.shopify.com,shopify,files/remote/cdn.shopify.com/719346636957.jpg,0
719346652773,https://cdn.shopify.com/s/files/1/0679/9792/5684/files/M412652.jpg?v=1740613349,cdn.shopify.com,shopify,files/remote/cdn.shopify.com/719346652773.jpg,0
724120129228,https://cdn.shopify.com/s/files/1/0679/9792/5684/files/D886862.jpg?v=1740624272,cdn.shopify.com,shopify,files/remote/cdn.shopify.com/724120129228.jpg,0
725490040212,https://cdn.shopify.com/s/files/1/0679/9792/5684/files/P761230.jpg?v=1740636654,cdn.shopify.com,shopify,files/remote/cdn.shopify.com/725490040212.jpg,0
725490040311,https://cdn.shopify.com/s/files/1/0679/9792/5684/files/V821922.jpg?v=1740636665,cdn.shopify.com,shopify,files/remote/cdn.shopify.com/725490040311.jpg,0
725490040328,https://cdn.shopify.com/s/files/1/0679/9792/5684/files/F538051.jpg?v=1740636658,cdn.shopify.com,shopify,files/remote/cdn.shopify.com/725490040328.jpg,0
725490040496,https://cdn.shopify.com/s/files/1/0679/9792/5684/files/L126152.jpg?v=1740636661,cdn.shopify.com,shopify,files/remote/cdn.shopify.com/725490040496.jpg,0
72790800344,https://cdn.shopify.com/s/files/1/0679/9792/5684/files/S128121.jpg?v=1740632986,cdn.shopify.com,shopify,files/remote/cdn.shopify.com/72790800344.jpg,0
7290011521011,https://cdn.shopify.com/s/files/1/0679/9792/5684/products/7290011521011-9.jpg?v=1671907306,cdn.shopify.com,shopify,files/remote/cdn.shopify.com/7290011521011.jpg,0
7290011521103,https://cdn.shopify.com/s/files/1/0679/9792/5684/files/D236730.jpg?v=1740626394,cdn.shopify.com,shopify,files/remote/cdn.shopify.com/7290011521103.jpg,0
7290011521196,https://cdn.shopify.com/s/files/1/0679/9792/5684/files/Z85434.jpg?v=1740625949,cdn.shopify.com,shopify,files/remote/cdn.shopify.com/7290011521196.jpg,0
7290011521202,https://cdn.shopify.com/s/files/1/0679/9792/5684/products/7290011521202-1.jpg?v=1671907262,cdn.shopify.com,shopify,files/remote/cdn.shopify.com/7290011521202.jpg,0
7290011521431,https://cdn.shopify.com/s/files/1/0679/9792/5684/products/7290011521431-1.jpg?v=1671907329,cdn.shopify.com,shopify,files/remote/cdn.shopify.com/7290011521431.jpg,0
7290011521738,https://cdn.shopify.com/s/files/1/0679/9792/5684/products/7290011521738-1.jpg?v=1671907251,cdn.shopify.com,shopify,files/remote/cdn.shopify.com/7290011521738.jpg,0
7290014344389,https://cdn.shopify.com/s/files/1/0679/9792/5684/products/7290014344389-9.jpg?v=1671841913,cdn.shopify.com,shopify,files/remote/cdn.shopify.com/7290014344389.jpg,0
7290014344440,https://cdn.shopify.com/s/files/1/0679/9792/5684/files/Y355557.jpg?v=1740626409,cdn.shopify.com,shopify,files/remote/cdn.shopify.com/7290014344440.jpg,0
7290014827417,https://cdn.shopify.com/s/files/1/0679/9792/5684/files/R923037.jpg?v=1740637889,cdn.shopify.com,shopify,files/remote/cdn.shopify.com/7290014827417.jpg,0
7290017279084,https://cdn.shopify.com/s/files/1/0679/9792/5684/files/C363421.jpg?v=1740626397,cdn.shopify.com,shopify,files/remote/cdn.shopify.com/7290017279084.jpg,0
729238102552,https://cdn.shopify.com/s/files/1/0679/9792/5684/products/768614143925-9.jpg?v=1673057355,cdn.shopify.com,shopify,files/remote/cdn.shopify.com/729238102552.jpg,0
729238103214,https://cdn.shopify.com/s/files/1/0679/9792/5684/products/729238103214-9.jpg?v=1673057337,cdn.shopify.com,shopify,files/remote/cdn.shopify.com/729238103214.jpg,0
729238110090,https://cdn.shopify.com/s/files/1/0679/9792/5684/products/729238143838-9.jpg?v=1671851924,cdn.shopify.com,shopify,files/remote/cdn.shopify.com/729238110090.jpg,0
729238114913,https://images.btswholesaler.com/imgs/productos_cosmetica/imagenes/0729238143432.webp,images.btswholesaler.com,bts_cdn,files/remote/images.btswholesaler.com/729238114913.webp,0
729238118881,https://cdn.shopify.com/s/files/1/0679/9792/5684/files/P906610.jpg?v=1740634282,cdn.shopify.com,shopify,files/remote/cdn.shopify.com/729238118881.jpg,0
729238139411,https://www.oceanfragrances.com/Foto/0729238139411.jpg,www.oceanfragrances.com,oceanfragrances,files/remote/www.oceanfragrances.com/729238139411.jpg,0
729238161368,https://images.btswholesaler.com/imgs/productos_cosmetica/imagenes/0729238161368.webp,images.btswholesaler.com,bts_cdn,files/remote/images.btswholesaler.com/729238161368.webp,0
729238163805,https://www.oceanfragrances.com/Foto/0729238163805.jpg,www.oceanfragrances.com,oceanfragrances,files/remote/www.oceanfragrances.com/729238163805.jpg,0
729238170193,https://cdn.shopify.com/s/files/1/0679/9792/5684/files/N1984214.jpg?v=1740631968,cdn.shopify.com,shopify,files/remote/cdn.shopify.com/729238170193.jpg,0
729238184091,https://images.btswholesaler.com/imgs/productos_cosmetica/imagenes/0729238184091.webp,images.btswholesaler.com,bts_cdn,files/remote/images.btswholesaler.com/729238184091.webp,0
729238188976,https://cdn.shopify.com/s/files/1/0679/9792/5684/files/J574181.jpg?v=1740634120,cdn.shopify.com,shopify,files/remote/cdn.shopify.com/729238188976.jpg,0
729238191594,https://cdn.shopify.com/s/files/1/0679/9792/5684/files/N1741214.jpg?v=1740631660,cdn.shopify.com,shopify,files/remote/cdn.shopify.com/729238191594.jpg,0
729238217782,https://cdn.shopify.com/s/files/1/0679/9792/5684/files/F82377.jpg?v=1740630716,cdn.shopify.com,shopify,files/remote/cdn.shopify.com/729238217782.jpg,0
729238217799,https://cdn.shopify.com/s/files/1/0679/9792/5684/files/P647615.jpg?v=1740630720,cdn.shopify.com,shopify,files/remote/cdn.shopify.com/729238217799.jpg,0
729238218260,https://images.btswholesaler.com/imgs/productos_cosmetica/imagenes/0729238218260.webp,images.btswholesaler.com,bts_cdn,files/remote/images.btswholesaler.com/729238218260.webp,0
730852149397,https://cdn.shopify.com/s/files/1/0679/9792/5684/files/G677852.jpg?v=1740628830,cdn.shopify.com,shopify,files/remote/cdn.shopify.com/730852149397.jpg,0
730852155794,https://cdn.shopify.com/s/files/1/0679/9792/5684/products/768614155799-9.jpg?v=1673057451,cdn.shopify.com,shopify,files/remote/cdn.shopify.com/730852155794.jpg,0
730852160941,https://cdn.shopify.com/s/files/1/0679/9792/5684/files/J98329.jpg?v=1740630723,cdn.shopify.com,shopify,files/remote/cdn.shopify.com/730852160941.jpg,0
730852160965,https://cdn.shopify.com/s/files/1/0679/9792/5684/files/V561654.jpg?v=1740630688,cdn.shopify.com,shopify,files/remote/cdn.shopify.com/730852160965.jpg,0
730852161009,https://cdn.shopify.com/s/files/1/0679/9792/5684/files/J82507.jpg?v=1740630727,cdn.shopify.com,shopify,files/remote/cdn.shopify.com/730852161009.jpg,0
730852167513,https://cdn.shopify.com/s/files/1/0679/9792/5684/files/L724449.jpg?v=1740630691,cdn.shopify.com,shopify,files/remote/cdn.shopify.com/730852167513.jpg,0
730852167520,https://cdn.shopify.com/s/files/1/0679/9792/5684/files/V461667.jpg?v=1740630695,cdn.shopify.com,shopify,files/remote/cdn.shopify.com/730852167520.jpg,0
730852167551,https://cdn.shopify.com/s/files/1/0679/9792/5684/files/F112451.jpg?v=1740630700,cdn.shopify.com,shopify,files/remote/cdn.shopify.com/730852167551.jpg,0
730852167605,https://cdn.shopify.com/s/files/1/0679/9792/5684/files/P249222.jpg?v=1740630704,cdn.shopify.com,shopify,files/remote/cdn.shopify.com/730852167605.jpg,0
730852167803,https://cdn.shopify.com/s/files/1/0679/9792/5684/files/B286473.jpg?v=1740630169,cdn.shopify.com,shopify,files/remote/cdn.shopify.com/730852167803.jpg,0
730852181847,https://cdn.shopify.com/s/files/1/0679/9792/5684/files/Z483431.jpg?v=1740629632,cdn.shopify.com,shopify,files/remote/cdn.shopify.com/730852181847.jpg,0
730870188989,https://cdn.shopify.com/s/files/1/0679/9792/5684/files/G371624.jpg?v=1740612210,cdn.shopify.com,shopify,files/remote/cdn.shopify.com/730870188989.jpg,0
730870189016,https://cdn.shopify.com/s/files/1/0679/9792/5684/files/S848121.jpg?v=1740612213,cdn.shopify.com,shopify,files/remote/cdn.shopify.com/730870189016.jpg,0
730870208557,https://cdn.shopify.com/s/files/1/0679/9792/5684/files/P591222.jpg?v=1740620377,cdn.shopify.com,shopify,files/remote/cdn.shopify.com/730870208557.jpg,0
7317851111025,https://cdn.shopify.com/s/files/1/0679/9792/5684/files/N0140213.jpg?v=1740632099,cdn.shopify.com,shopify,files/remote/cdn.shopify.com/7317851111025.jpg,0
7317851111049,https://cdn.shopify.com/s/files/1/0679/9792/5684/files/Z871428.jpg?v=1740632028,cdn.shopify.com,shopify,files/remote/cdn.shopify.com/7317851111049.jpg,0
7317851111582,https://cdn.shopify.com/s/files/1/0679/9792/5684/files/F443551.jpg?v=1740632039,cdn.shopify.com,shopify,files/remote/cdn.shopify.com/7317851111582.jpg,0
7317851111629,https://cdn.shopify.com/s/files/1/0679/9792/5684/files/J443581.jpg?v=1740632050,cdn.shopify.com,shopify,files/remote/cdn.shopify.com/7317851111629.jpg,0
7317851111643,https://cdn.shopify.com/s/files/1/0679/9792/5684/files/T179272.jpg?v=1740632054,cdn.shopify.com,shopify,files/remote/cdn.shopify.com/7317851111643.jpg,0
7317851111667,https://cdn.shopify.com/s/files/1/0679/9792/5684/files/D0516101.jpg?v=1740632025,cdn.shopify.com,shopify,files/remote/cdn.shopify.com/7317851111667.jpg,0
7317851111681,https://cdn.shopify.com/s/files/1/0679/9792/5684/files/P915228.jpg?v=1740632057,cdn.shopify.com,shopify,files/remote/cdn.shopify.com/7317851111681.jpg,0
7317851114255,https://cdn.shopify.com/s/files/1/0679/9792/5684/files/L725737.jpg?v=1740630853,cdn.shopify.com,shopify,files/remote/cdn.shopify.com/7317851114255.jpg,0
7317851114262,https://cdn.shopify.com/s/files/1/0679/9792/5684/files/P905228.jpg?v=1740630821,cdn.shopify.com,shopify,files/remote/cdn.shopify.com/7317851114262.jpg,0
7317851114279,https://cdn.shopify.com/s/files/1/0679/9792/5684/files/V661860.jpg?v=1740630838,cdn.shopify.com,shopify,files/remote/cdn.shopify.com/7317851114279.jpg,0
7317851114347,https://cdn.shopify.com/s/files/1/0679/9792/5684/files/P689228.jpg?v=1740630834,cdn.shopify.com,shopify,files/remote/cdn.shopify.com/7317851114347.jpg,0
7317851114361,https://cdn.shopify.com/s/files/1/0679/9792/5684/files/J445281.jpg?v=1740630825,cdn.shopify.com,shopify,files/remote/cdn.shopify.com/7317851114361.jpg,0
7317851114422,https://cdn.shopify.com/s/files/1/0679/9792/5684/files/Z689428.jpg?v=1740630828,cdn.shopify.com,shopify,files/remote/cdn.shopify.com/7317851114422.jpg,0
7317851114804,https://cdn.shopify.com/s/files/1/0679/9792/5684/files/J434481.jpg?v=1740630831,cdn.shopify.com,shopify,files/remote/cdn.shopify.com/7317851114804.jpg,0
7317851117379,https://cdn.shopify.com/s/files/1/0679/9792/5684/files/Z885428.jpg?v=1740631474,cdn.shopify.com,shopify,files/remote/cdn.shopify.com/7317851117379.jpg,0
7317851118154,https://cdn.shopify.com/s/files/1/0679/9792/5684/files/D1636101.jpg?v=1740632167,cdn.shopify.com,shopify,files/remote/cdn.shopify.com/7317851118154.jpg,0
7317851118277,https://cdn.shopify.com/s/files/1/0679/9792/5684/files/B566433.jpg?v=1740632176,cdn.shopify.com,shopify,files/remote/cdn.shopify.com/7317851118277.jpg,0
7317851128016,https://cdn.shopify.com/s/files/1/0679/9792/5684/files/Z421423.jpg?v=1740629891,cdn.shopify.com,shopify,files/remote/cdn.shopify.com/7317851128016.jpg,0
7317851128528,https://cdn.shopify.com/s/files/1/0679/9792/5684/files/V681702.jpg?v=1740629914,cdn.shopify.com,shopify,files/remote/cdn.shopify.com/7317851128528.jpg,0
7317851138909,https://cdn.shopify.com/s/files/1/0679/9792/5684/files/J175281.jpg?v=1740634140,cdn.shopify.com,shopify,files/remote/cdn.shopify.com/7317851138909.jpg,0
7317851144368,https://cdn.shopify.com/s/files/1/0679/9792/5684/files/P965228.jpg?v=1740629664,cdn.shopify.com,shopify,files/remote/cdn.shopify.com/7317851144368.jpg,0
7317851145242,https://cdn.shopify.com/s/files/1/0679/9792/5684/files/F446051.jpg?v=1740630347,cdn.shopify.com,shopify,files/remote/cdn.shopify.com/7317851145242.jpg,0
7317851170305,https://cdn.shopify.com/s/files/1/0679/9792/5684/files/B546351.jpg?v=1740628170,cdn.shopify.com,shopify,files/remote/cdn.shopify.com/7317851170305.jpg,0
7317851192437,https://cdn.shopify.com/s/files/1/0679/9792/5684/files/B936351.jpg?v=1740629573,cdn.shopify.com,shopify,files/remote/cdn.shopify.com/7317851192437.jpg,0
7317851211060,https://cdn.shopify.com/s/files/1/0679/9792/5684/files/J444681.jpg?v=1740632073,cdn.shopify.com,shopify,files/remote/cdn.shopify.com/7317851211060.jpg,0
7317851211145,https://cdn.shopify.com/s/files/1/0679/9792/5684/files/P921228.jpg?v=1740632076,cdn.shopify.com,shopify,files/remote/cdn.shopify.com/7317851211145.jpg,0
7317851211176,https://cdn.shopify.com/s/files/1/0679/9792/5684/files/P797228.jpg?v=1740632065,cdn.shopify.com,shopify,files/remote/cdn.shopify.com/7317851211176.jpg,0
7317851211183,https://cdn.shopify.com/s/files/1/0679/9792/5684/files/Z797428.jpg?v=1740632061,cdn.shopify.com,shopify,files/remote/cdn.shopify.com/7317851211183.jpg,0
7317851211206,https://cdn.shopify.com/s/files/1/0679/9792/5684/files/L725785.jpg?v=1740632069,cdn.shopify.com,shopify,files/remote/cdn.shopify.com/7317851211206.jpg,0
7317851213507,https://cdn.shopify.com/s/files/1/0679/9792/5684/files/F434551.jpg?v=1740630873,cdn.shopify.com,shopify,files/remote/cdn.shopify.com/7317851213507.jpg,0
7317851213514,https://cdn.shopify.com/s/files/1/0679/9792/5684/files/V081867.jpg?v=1740630863,cdn.shopify.com,shopify,files/remote/cdn.shopify.com/7317851213514.jpg,0
7317851213583,https://cdn.shopify.com/s/files/1/0679/9792/5684/files/L125796.jpg?v=1740630860,cdn.shopify.com,shopify,files/remote/cdn.shopify.com/7317851213583.jpg,0
7317851213606,https://cdn.shopify.com/s/files/1/0679/9792/5684/files/B426435.jpg?v=1740630866,cdn.shopify.com,shopify,files/remote/cdn.shopify.com/7317851213606.jpg,0
7317851213620,https://cdn.shopify.com/s/files/1/0679/9792/5684/files/P903228.jpg?v=1740630870,cdn.shopify.com,shopify,files/remote/cdn.shopify.com/7317851213620.jpg,0
7317851213644,https://cdn.shopify.com/s/files/1/0679/9792/5684/files/N0626213.jpg?v=1740630880,cdn.shopify.com,shopify,files/remote/cdn.shopify.com/7317851213644.jpg,0
7317851218199,https://cdn.shopify.com/s/files/1/0679/9792/5684/files/L324703.jpg?v=1740632212,cdn.shopify.com,shopify,files/remote/cdn.shopify.com/7317851218199.jpg,0
7317851218205,https://cdn.shopify.com/s/files/1/0679/9792/5684/files/B296433.jpg?v=1740632218,cdn.shopify.com,shopify,files/remote/cdn.shopify.com/7317851218205.jpg,0
7317851218625,https://cdn.shopify.com/s/files/1/0679/9792/5684/files/F446151.jpg?v=1740632192,cdn.shopify.com,shopify,files/remote/cdn.shopify.com/7317851218625.jpg,0
7317851218632,https://cdn.shopify.com/s/files/1/0679/9792/5684/files/P923228.jpg?v=1740632194,cdn.shopify.com,shopify,files/remote/cdn.shopify.com/7317851218632.jpg,0
7317851218649,https://cdn.shopify.com/s/files/1/0679/9792/5684/files/F445551.jpg?v=1740632197,cdn.shopify.com,shopify,files/remote/cdn.shopify.com/7317851218649.jpg,0
7317851218656,https://cdn.shopify.com/s/files/1/0679/9792/5684/files/F203051.jpg?v=1740632206,cdn.shopify.com,shopify,files/remote/cdn.shopify.com/7317851218656.jpg,0
7317851218663,https://cdn.shopify.com/s/files/1/0679/9792/5684/files/L125774.jpg?v=1740632209,cdn.shopify.com,shopify,files/remote/cdn.shopify.com/7317851218663.jpg,0
7317851218700,https://cdn.shopify.com/s/files/1/0679/9792/5684/files/Z911428.jpg?v=1740632200,cdn.shopify.com,shopify,files/remote/cdn.shopify.com/7317851218700.jpg,0
7317851218809,https://cdn.shopify.com/s/files/1/0679/9792/5684/files/L525782.jpg?v=1740632080,cdn.shopify.com,shopify,files/remote/cdn.shopify.com/7317851218809.jpg,0
7317851218823,https://cdn.shopify.com/s/files/1/0679/9792/5684/files/Z913428.jpg?v=1740632084,cdn.shopify.com,shopify,files/remote/cdn.shopify.com/7317851218823.jpg,0
7317851218830,https://cdn.shopify.com/s/files/1/0679/9792/5684/files/T284272.jpg?v=1740632087,cdn.shopify.com,shopify,files/remote/cdn.shopify.com/7317851218830.jpg,0
7317851228051,https://cdn.shopify.com/s/files/1/0679/9792/5684/files/T574272.jpg?v=1740629921,cdn.shopify.com,shopify,files/remote/cdn.shopify.com/7317851228051.jpg,0
7317851228808,https://cdn.shopify.com/s/files/1/0679/9792/5684/files/J172581.jpg?v=1740629894,cdn.shopify.com,shopify,files/remote/cdn.shopify.com/7317851228808.jpg,0
7317851237206,https://cdn.shopify.com/s/files/1/0679/9792/5684/files/J173581.jpg?v=1740629291,cdn.shopify.com,shopify,files/remote/cdn.shopify.com/7317851237206.jpg,0
7317851242200,https://cdn.shopify.com/s/files/1/0679/9792/5684/files/N0104213.jpg?v=1740630385,cdn.shopify.com,shopify,files/remote/cdn.shopify.com/7317851242200.jpg,0
7317852111093,https://cdn.shopify.com/s/files/1/0679/9792/5684/files/F174551.jpg?v=1740632106,cdn.shopify.com,shopify,files/remote/cdn.shopify.com/7317852111093.jpg,0
7317852111123,https://cdn.shopify.com/s/files/1/0679/9792/5684/files/P895228.jpg?v=1740632114,cdn.shopify.com,shopify,files/remote/cdn.shopify.com/7317852111123.jpg,0
7317852111130,https://cdn.shopify.com/s/files/1/0679/9792/5684/files/T729258.jpg?v=1740632118,cdn.shopify.com,shopify,files/remote/cdn.shopify.com/7317852111130.jpg,0
7317852125694,https://cdn.shopify.com/s/files/1/0679/9792/5684/files/Z983428.jpg?v=1740631129,cdn.shopify.com,shopify,files/remote/cdn.shopify.com/7317852125694.jpg,0
7317852142189,https://cdn.shopify.com/s/files/1/0679/9792/5684/files/L924706.jpg?v=1740630368,cdn.shopify.com,shopify,files/remote/cdn.shopify.com/7317852142189.jpg,0
7317852142202,https://cdn.shopify.com/s/files/1/0679/9792/5684/files/V041706.jpg?v=1740630371,cdn.shopify.com,shopify,files/remote/cdn.shopify.com/7317852142202.jpg,0
7317852142233,https://cdn.shopify.com/s/files/1/0679/9792/5684/files/L125806.jpg?v=1740630354,cdn.shopify.com,shopify,files/remote/cdn.shopify.com/7317852142233.jpg,0
7317852142257,https://cdn.shopify.com/s/files/1/0679/9792/5684/files/F175851.jpg?v=1740630374,cdn.shopify.com,shopify,files/remote/cdn.shopify.com/7317852142257.jpg,0
7317852144107,https://cdn.shopify.com/s/files/1/0679/9792/5684/files/J171981.jpg?v=1740633486,cdn.shopify.com,shopify,files/remote/cdn.shopify.com/7317852144107.jpg,0
7317852302224,https://cdn.shopify.com/s/files/1/0679/9792/5684/files/J451481.jpg?v=1740633046,cdn.shopify.com,shopify,files/remote/cdn.shopify.com/7317852302224.jpg,0
7317852302477,https://cdn.shopify.com/s/files/1/0679/9792/5684/files/T894258.jpg?v=1740633033,cdn.shopify.com,shopify,files/remote/cdn.shopify.com/7317852302477.jpg,0
7317852302514,https://cdn.shopify.com/s/files/1/0679/9792/5684/files/Z557423.jpg?v=1740633036,cdn.shopify.com,shopify,files/remote/cdn.shopify.com/7317852302514.jpg,0
7317852302552,https://cdn.shopify.com/s/files/1/0679/9792/5684/files/F177851.jpg?v=1740633039,cdn.shopify.com,shopify,files/remote/cdn.shopify.com/7317852302552.jpg,0
7317852302590,https://cdn.shopify.com/s/files/1/0679/9792/5684/files/V701706.jpg?v=1740633043,cdn.shopify.com,shopify,files/remote/cdn.shopify.com/7317852302590.jpg,0
7340032806045,https://cdn.shopify.com/s/files/1/0679/9792/5684/products/7340032806045-9.jpg?v=1671889668,cdn.shopify.com,shopify,files/remote/cdn.shopify.com/7340032806045.jpg,0
7340032809251,https://cdn.shopify.com/s/files/1/0679/9792/5684/products/7340032809251-9.jpg?v=1671866561,cdn.shopify.com,shopify,files/remote/cdn.shopify.com/7340032809251.jpg,0
7340032809336,https://cdn.shopify.com/s/files/1/0679/9792/5684/files/N3779210.jpg?v=1740609699,cdn.shopify.com,shopify,files/remote/cdn.shopify.com/7340032809336.jpg,0
7340032810660,https://cdn.shopify.com/s/files/1/0679/9792/5684/files/N3885212.jpg?v=1740635801,cdn.shopify.com,shopify,files/remote/cdn.shopify.com/7340032810660.jpg,0
7340032821048,https://cdn.shopify.com/s/files/1/0679/9792/5684/files/T714257.jpg?v=1740622897,cdn.shopify.com,shopify,files/remote/cdn.shopify.com/7340032821048.jpg,0
7340032823073,https://cdn.shopify.com/s/files/1/0679/9792/5684/files/N3876212.jpg?v=1740635793,cdn.shopify.com,shopify,files/remote/cdn.shopify.com/7340032823073.jpg,0
7340032832068,https://cdn.shopify.com/s/files/1/0679/9792/5684/files/D4646108.jpg?v=1740631867,cdn.shopify.com,shopify,files/remote/cdn.shopify.com/7340032832068.jpg,0
7340032832075,https://cdn.shopify.com/s/files/1/0679/9792/5684/files/L126198.jpg?v=1740631841,cdn.shopify.com,shopify,files/remote/cdn.shopify.com/7340032832075.jpg,0
7340032832082,https://cdn.shopify.com/s/files/1/0679/9792/5684/files/L726197.jpg?v=1740631899,cdn.shopify.com,shopify,files/remote/cdn.shopify.com/7340032832082.jpg,0
7340032832099,https://cdn.shopify.com/s/files/1/0679/9792/5684/files/B856464.jpg?v=1740631888,cdn.shopify.com,shopify,files/remote/cdn.shopify.com/7340032832099.jpg,0
7340032832105,https://cdn.shopify.com/s/files/1/0679/9792/5684/files/N9446213.jpg?v=1740631849,cdn.shopify.com,shopify,files/remote/cdn.shopify.com/7340032832105.jpg,0
7340032832112,https://cdn.shopify.com/s/files/1/0679/9792/5684/files/N9455213.jpg?v=1740631853,cdn.shopify.com,shopify,files/remote/cdn.shopify.com/7340032832112.jpg,0
7340032832129,https://cdn.shopify.com/s/files/1/0679/9792/5684/files/P989230.jpg?v=1740631876,cdn.shopify.com,shopify,files/remote/cdn.shopify.com/7340032832129.jpg,0
7340032832143,https://cdn.shopify.com/s/files/1/0679/9792/5684/files/D4576108.jpg?v=1740631845,cdn.shopify.com,shopify,files/remote/cdn.shopify.com/7340032832143.jpg,0
7340032832150,https://cdn.shopify.com/s/files/1/0679/9792/5684/files/V721929.jpg?v=1740631872,cdn.shopify.com,shopify,files/remote/cdn.shopify.com/7340032832150.jpg,0
7340032832167,https://cdn.shopify.com/s/files/1/0679/9792/5684/files/T474277.jpg?v=1740631895,cdn.shopify.com,shopify,files/remote/cdn.shopify.com/7340032832167.jpg,0
7340032832174,https://cdn.shopify.com/s/files/1/0679/9792/5684/files/V661929.jpg?v=1740631833,cdn.shopify.com,shopify,files/remote/cdn.shopify.com/7340032832174.jpg,0
7340032832181,https://cdn.shopify.com/s/files/1/0679/9792/5684/files/F549451.jpg?v=1740631857,cdn.shopify.com,shopify,files/remote/cdn.shopify.com/7340032832181.jpg,0
7340032832198,https://cdn.shopify.com/s/files/1/0679/9792/5684/files/Z989430.jpg?v=1740631907,cdn.shopify.com,shopify,files/remote/cdn.shopify.com/7340032832198.jpg,0
7340032832204,https://cdn.shopify.com/s/files/1/0679/9792/5684/files/D5416108.jpg?v=1740631837,cdn.shopify.com,shopify,files/remote/cdn.shopify.com/7340032832204.jpg,0
7340032832396,https://cdn.shopify.com/s/files/1/0679/9792/5684/files/N9527213.jpg?v=1740631025,cdn.shopify.com,shopify,files/remote/cdn.shopify.com/7340032832396.jpg,0
7340032832402,https://cdn.shopify.com/s/files/1/0679/9792/5684/files/Z007431.jpg?v=1740631021,cdn.shopify.com,shopify,files/remote/cdn.shopify.com/7340032832402.jpg,0
7340032832426,https://cdn.shopify.com/s/files/1/0679/9792/5684/files/N9545213.jpg?v=1740631010,cdn.shopify.com,shopify,files/remote/cdn.shopify.com/7340032832426.jpg,0
7340032832433,https://cdn.shopify.com/s/files/1/0679/9792/5684/files/D5206108.jpg?v=1740630994,cdn.shopify.com,shopify,files/remote/cdn.shopify.com/7340032832433.jpg,0
7340032832440,https://cdn.shopify.com/s/files/1/0679/9792/5684/files/J550281.jpg?v=1740631002,cdn.shopify.com,shopify,files/remote/cdn.shopify.com/7340032832440.jpg,0
7340032832457,https://cdn.shopify.com/s/files/1/0679/9792/5684/files/Z005431.jpg?v=1740631013,cdn.shopify.com,shopify,files/remote/cdn.shopify.com/7340032832457.jpg,0
7340032832471,https://cdn.shopify.com/s/files/1/0679/9792/5684/files/P005231.jpg?v=1740630991,cdn.shopify.com,shopify,files/remote/cdn.shopify.com/7340032832471.jpg,0
7340032832495,https://cdn.shopify.com/s/files/1/0679/9792/5684/files/P007231.jpg?v=1740631017,cdn.shopify.com,shopify,files/remote/cdn.shopify.com/7340032832495.jpg,0
7340032832501,https://cdn.shopify.com/s/files/1/0679/9792/5684/files/V141930.jpg?v=1740631038,cdn.shopify.com,shopify,files/remote/cdn.shopify.com/7340032832501.jpg,0
7340032832686,https://cdn.shopify.com/s/files/1/0679/9792/5684/files/P011231.jpg?v=1740632612,cdn.shopify.com,shopify,files/remote/cdn.shopify.com/7340032832686.jpg,0
7340032832693,https://cdn.shopify.com/s/files/1/0679/9792/5684/files/Z011431.jpg?v=1740632616,cdn.shopify.com,shopify,files/remote/cdn.shopify.com/7340032832693.jpg,0
7340032832754,https://cdn.shopify.com/s/files/1/0679/9792/5684/files/L926200.jpg?v=1740629861,cdn.shopify.com,shopify,files/remote/cdn.shopify.com/7340032832754.jpg,0
7340032832792,https://cdn.shopify.com/s/files/1/0679/9792/5684/files/F550651.jpg?v=1740631642,cdn.shopify.com,shopify,files/remote/cdn.shopify.com/7340032832792.jpg,0
7340032832815,https://cdn.shopify.com/s/files/1/0679/9792/5684/files/P003231.jpg?v=1740631050,cdn.shopify.com,shopify,files/remote/cdn.shopify.com/7340032832815.jpg,0
7340032832822,https://cdn.shopify.com/s/files/1/0679/9792/5684/files/L526202.jpg?v=1740631061,cdn.shopify.com,shopify,files/remote/cdn.shopify.com/7340032832822.jpg,0
7340032832839,https://cdn.shopify.com/s/files/1/0679/9792/5684/files/B186465.jpg?v=1740631066,cdn.shopify.com,shopify,files/remote/cdn.shopify.com/7340032832839.jpg,0
7340032857306,https://cdn.shopify.com/s/files/1/0679/9792/5684/files/Z003431.jpg?v=1740631054,cdn.shopify.com,shopify,files/remote/cdn.shopify.com/7340032857306.jpg,0
7340032857405,https://cdn.shopify.com/s/files/1/0679/9792/5684/files/F550151.jpg?v=1740631058,cdn.shopify.com,shopify,files/remote/cdn.shopify.com/7340032857405.jpg,0
7340032857535,https://cdn.shopify.com/s/files/1/0679/9792/5684/files/L326201.jpg?v=1740631028,cdn.shopify.com,shopify,files/remote/cdn.shopify.com/7340032857535.jpg,0
7340032857597,https://cdn.shopify.com/s/files/1/0679/9792/5684/files/Z009431.jpg?v=1740631884,cdn.shopify.com,shopify,files/remote/cdn.shopify.com/7340032857597.jpg,0
7340032857665,https://cdn.shopify.com/s/files/1/0679/9792/5684/files/D5066108.jpg?v=1740631880,cdn.shopify.com,shopify,files/remote/cdn.shopify.com/7340032857665.jpg,0
7340032857719,https://cdn.shopify.com/s/files/1/0679/9792/5684/files/D5136108.jpg?v=1740631653,cdn.shopify.com,shopify,files/remote/cdn.shopify.com/7340032857719.jpg,0
7340032857948,https://cdn.shopify.com/s/files/1/0679/9792/5684/files/N9518213.jpg?v=1740631649,cdn.shopify.com,shopify,files/remote/cdn.shopify.com/7340032857948.jpg,0
7340032860962,https://cdn.shopify.com/s/files/1/0679/9792/5684/files/J182281.jpg?v=1740626139,cdn.shopify.com,shopify,files/remote/cdn.shopify.com/7340032860962.jpg,0
7340032862126,https://cdn.shopify.com/s/files/1/0679/9792/5684/files/P481231.jpg?v=1740609702,cdn.shopify.com,shopify,files/remote/cdn.shopify.com/7340032862126.jpg,0
7340032863895,https://cdn.shopify.com/s/files/1/0679/9792/5684/files/F549951.jpg?v=1740631911,cdn.shopify.com,shopify,files/remote/cdn.shopify.com/7340032863895.jpg,0
736150109446,https://cdn.shopify.com/s/files/1/0679/9792/5684/products/736150109446-9_1.jpg?v=1671836956,cdn.shopify.com,shopify,files/remote/cdn.shopify.com/736150109446.jpg,0
737052041247,https://cdn.shopify.com/s/files/1/0679/9792/5684/files/U1842.jpg?v=1740612676,cdn.shopify.com,shopify,files/remote/cdn.shopify.com/737052041247.jpg,0
737052041285,https://cdn.shopify.com/s/files/1/0679/9792/5684/products/737052041285-9.jpg?v=1671873682,cdn.shopify.com,shopify,files/remote/cdn.shopify.com/737052041285.jpg,0
737052057989,https://cdn.shopify.com/s/files/1/0679/9792/5684/files/M40424.jpg?v=1740612669,cdn.shopify.com,shopify,files/remote/cdn.shopify.com/737052057989.jpg,0
737052120355,https://cdn.shopify.com/s/files/1/0679/9792/5684/files/V01806.jpg?v=1740636307,cdn.shopify.com,shopify,files/remote/cdn.shopify.com/737052120355.jpg,0
737052238050,https://cdn.shopify.com/s/files/1/0679/9792/5684/files/E55225.jpg?v=1740612697,cdn.shopify.com,shopify,files/remote/cdn.shopify.com/737052238050.jpg,0
737052238081,https://cdn.shopify.com/s/files/1/0679/9792/5684/products/737052238081-9.jpg?v=1671876971,cdn.shopify.com,shopify,files/remote/cdn.shopify.com/737052238081.jpg,0
737052339047,https://cdn.shopify.com/s/files/1/0679/9792/5684/files/N26552.jpg?v=1740618885,cdn.shopify.com,shopify,files/remote/cdn.shopify.com/737052339047.jpg,0
737052352060,https://cdn.shopify.com/s/files/1/0679/9792/5684/files/T47725.jpg?v=1740619043,cdn.shopify.com,shopify,files/remote/cdn.shopify.com/737052352060.jpg,0
737052355054,https://cdn.shopify.com/s/files/1/0679/9792/5684/files/A27037.jpg?v=1740634617,cdn.shopify.com,shopify,files/remote/cdn.shopify.com/737052355054.jpg,0
737052429977,https://images.btswholesaler.com/imgs/productos_cosmetica/imagenes/0737052429977.webp,images.btswholesaler.com,bts_cdn,files/remote/images.btswholesaler.com/737052429977.webp,0
737052430515,https://images.btswholesaler.com/imgs/productos_cosmetica/imagenes/0737052430515.webp,images.btswholesaler.com,bts_cdn,files/remote/images.btswholesaler.com/737052430515.webp,0
737052430546,https://cdn.shopify.com/s/files/1/0679/9792/5684/files/M04649.jpg?v=1740611521,cdn.shopify.com,shopify,files/remote/cdn.shopify.com/737052430546.jpg,0
737052432922,https://cdn.shopify.com/s/files/1/0679/9792/5684/files/B06402.jpg?v=1740635115,cdn.shopify.com,shopify,files/remote/cdn.shopify.com/737052432922.jpg,0
737052433455,https://cdn.shopify.com/s/files/1/0679/9792/5684/files/N060212.jpg?v=1740636179,cdn.shopify.com,shopify,files/remote/cdn.shopify.com/737052433455.jpg,0
737052435640,https://cdn.shopify.com/s/files/1/0679/9792/5684/files/C881002.jpg?v=1740636585,cdn.shopify.com,shopify,files/remote/cdn.shopify.com/737052435640.jpg,0
737052456133,https://cdn.shopify.com/s/files/1/0679/9792/5684/files/Z81426.jpg?v=1740636270,cdn.shopify.com,shopify,files/remote/cdn.shopify.com/737052456133.jpg,0
737052456164,https://cdn.shopify.com/s/files/1/0679/9792/5684/files/T31246.jpg?v=1740635192,cdn.shopify.com,shopify,files/remote/cdn.shopify.com/737052456164.jpg,0
737052537986,https://cdn.shopify.com/s/files/1/0679/9792/5684/files/V001101.jpg?v=1740634926,cdn.shopify.com,shopify,files/remote/cdn.shopify.com/737052537986.jpg,0
737052582078,https://cdn.shopify.com/s/files/1/0679/9792/5684/files/F64103.jpg?v=1740621568,cdn.shopify.com,shopify,files/remote/cdn.shopify.com/737052582078.jpg,0
737052626345,https://cdn.shopify.com/s/files/1/0679/9792/5684/files/T29270.jpg?v=1740618872,cdn.shopify.com,shopify,files/remote/cdn.shopify.com/737052626345.jpg,0
737052679372,https://cdn.shopify.com/s/files/1/0679/9792/5684/files/X987244.jpg?v=1740634751,cdn.shopify.com,shopify,files/remote/cdn.shopify.com/737052679372.jpg,0
737052766744,https://cdn.shopify.com/s/files/1/0679/9792/5684/products/737052766744-9.jpg?v=1671883718,cdn.shopify.com,shopify,files/remote/cdn.shopify.com/737052766744.jpg,0
737052766775,https://cdn.shopify.com/s/files/1/0679/9792/5684/files/P73233.jpg?v=1740619070,cdn.shopify.com,shopify,files/remote/cdn.shopify.com/737052766775.jpg,0
737052904177,https://cdn.shopify.com/s/files/1/0679/9792/5684/files/F074651.jpg?v=1740609471,cdn.shopify.com,shopify,files/remote/cdn.shopify.com/737052904177.jpg,0
737052925028,https://cdn.shopify.com/s/files/1/0679/9792/5684/files/K44721.jpg?v=1740612203,cdn.shopify.com,shopify,files/remote/cdn.shopify.com/737052925028.jpg,0
737052925073,https://cdn.shopify.com/s/files/1/0679/9792/5684/files/U09848.jpg?v=1740612207,cdn.shopify.com,shopify,files/remote/cdn.shopify.com/737052925073.jpg,0
737052925127,https://cdn.shopify.com/s/files/1/0679/9792/5684/products/737052925127-9.jpg?v=1671888281,cdn.shopify.com,shopify,files/remote/cdn.shopify.com/737052925127.jpg,0
737052944678,https://cdn.shopify.com/s/files/1/0679/9792/5684/files/N291548.jpg?v=1740619954,cdn.shopify.com,shopify,files/remote/cdn.shopify.com/737052944678.jpg,0
737052949178,https://cdn.shopify.com/s/files/1/0679/9792/5684/products/737052949178-9.jpg?v=1671875048,cdn.shopify.com,shopify,files/remote/cdn.shopify.com/737052949178.jpg,0
737052987569,https://cdn.shopify.com/s/files/1/0679/9792/5684/files/Q042123.jpg?v=1740612687,cdn.shopify.com,shopify,files/remote/cdn.shopify.com/737052987569.jpg,0
737052990873,https://cdn.shopify.com/s/files/1/0679/9792/5684/files/Y575616.jpg?v=1740620374,cdn.shopify.com,shopify,files/remote/cdn.shopify.com/737052990873.jpg,0
737052991436,https://cdn.shopify.com/s/files/1/0679/9792/5684/files/N5408210.jpg?v=1740614224,cdn.shopify.com,shopify,files/remote/cdn.shopify.com/737052991436.jpg,0
738678001059,https://images.btswholesaler.com/imgs/productos_cosmetica/imagenes/0738678001059.webp,images.btswholesaler.com,bts_cdn,files/remote/images.btswholesaler.com/738678001059.webp,0
738678002674,https://cdn.shopify.com/s/files/1/0679/9792/5684/products/738678242520-9.jpg?v=1671903334,cdn.shopify.com,shopify,files/remote/cdn.shopify.com/738678002674.jpg,0
738678002797,https://cdn.shopify.com/s/files/1/0679/9792/5684/products/738678174067-1.jpg?v=1671903358,cdn.shopify.com,shopify,files/remote/cdn.shopify.com/738678002797.jpg,0
738678148907,https://cdn.shopify.com/s/files/1/0679/9792/5684/products/738678148907-9.jpg?v=1671903298,cdn.shopify.com,shopify,files/remote/cdn.shopify.com/738678148907.jpg,0
738678151846,https://images.btswholesaler.com/imgs/productos_cosmetica/imagenes/0738678151846.webp,images.btswholesaler.com,bts_cdn,files/remote/images.btswholesaler.com/738678151846.webp,0
738678216231,https://cdn.shopify.com/s/files/1/0679/9792/5684/products/738678216231-1.jpg?v=1671903393,cdn.shopify.com,shopify,files/remote/cdn.shopify.com/738678216231.jpg,0
7391681036109,https://cdn.shopify.com/s/files/1/0679/9792/5684/products/7391681036109-1.jpg?v=1671907053,cdn.shopify.com,shopify,files/remote/cdn.shopify.com/7391681036109.jpg,0
7391681036253,https://cdn.shopify.com/s/files/1/0679/9792/5684/files/B726360.jpg?v=1740625918,cdn.shopify.com,shopify,files/remote/cdn.shopify.com/7391681036253.jpg,0
7391681036260,https://cdn.shopify.com/s/files/1/0679/9792/5684/files/T124260.jpg?v=1740624635,cdn.shopify.com,shopify,files/remote/cdn.shopify.com/7391681036260.jpg,0
7391681038769,https://cdn.shopify.com/s/files/1/0679/9792/5684/products/7391681038769-1.jpg?v=1671907180,cdn.shopify.com,shopify,files/remote/cdn.shopify.com/7391681038769.jpg,0
74170408607,https://cdn.shopify.com/s/files/1/0679/9792/5684/files/D120271.jpg?v=1740633416,cdn.shopify.com,shopify,files/remote/cdn.shopify.com/74170408607.jpg,0
74170408669,https://cdn.shopify.com/s/files/1/0679/9792/5684/files/R494215.jpg?v=1740633429,cdn.shopify.com,shopify,files/remote/cdn.shopify.com/74170408669.jpg,0
74170426953,https://cdn.shopify.com/s/files/1/0679/9792/5684/files/D380272.jpg?v=1740633443,cdn.shopify.com,shopify,files/remote/cdn.shopify.com/74170426953.jpg,0
74170426977,https://cdn.shopify.com/s/files/1/0679/9792/5684/files/N021035.jpg?v=1740633432,cdn.shopify.com,shopify,files/remote/cdn.shopify.com/74170426977.jpg,0
74170426991,https://cdn.shopify.com/s/files/1/0679/9792/5684/files/H334852.jpg?v=1740633436,cdn.shopify.com,shopify,files/remote/cdn.shopify.com/74170426991.jpg,0
747930039839,https://cdn.shopify.com/s/files/1/0679/9792/5684/products/747930039839-9.jpg?v=1673054596,cdn.shopify.com,shopify,files/remote/cdn.shopify.com/747930039839.jpg,0
747930098928,https://cdn.shopify.com/s/files/1/0679/9792/5684/files/H849175.jpg?v=1740631733,cdn.shopify.com,shopify,files/remote/cdn.shopify.com/747930098928.jpg,0
7501015904756,https://cdn.shopify.com/s/files/1/0679/9792/5684/files/D2256107.jpg?v=1740625474,cdn.shopify.com,shopify,files/remote/cdn.shopify.com/7501015904756.jpg,0
7501015904770,https://cdn.shopify.com/s/files/1/0679/9792/5684/files/B776457.jpg?v=1740625702,cdn.shopify.com,shopify,files/remote/cdn.shopify.com/7501015904770.jpg,0
7501015904794,https://cdn.shopify.com/s/files/1/0679/9792/5684/files/N7871213.jpg?v=1740625311,cdn.shopify.com,shopify,files/remote/cdn.shopify.com/7501015904794.jpg,0
7501015904817,https://cdn.shopify.com/s/files/1/0679/9792/5684/files/D2396107.jpg?v=1740625307,cdn.shopify.com,shopify,files/remote/cdn.shopify.com/7501015904817.jpg,0
7501015904824,https://cdn.shopify.com/s/files/1/0679/9792/5684/files/N7745213.jpg?v=1740625568,cdn.shopify.com,shopify,files/remote/cdn.shopify.com/7501015904824.jpg,0
7501015904862,https://cdn.shopify.com/s/files/1/0679/9792/5684/files/F525951.jpg?v=1740625564,cdn.shopify.com,shopify,files/remote/cdn.shopify.com/7501015904862.jpg,0
7501015911990,https://cdn.shopify.com/s/files/1/0679/9792/5684/files/F538951.jpg?v=1740625330,cdn.shopify.com,shopify,files/remote/cdn.shopify.com/7501015911990.jpg,0
7501015912003,https://cdn.shopify.com/s/files/1/0679/9792/5684/files/N7700213.jpg?v=1740625633,cdn.shopify.com,shopify,files/remote/cdn.shopify.com/7501015912003.jpg,0
7501015912010,https://cdn.shopify.com/s/files/1/0679/9792/5684/files/V841917.jpg?v=1740625677,cdn.shopify.com,shopify,files/remote/cdn.shopify.com/7501015912010.jpg,0
7501015914472,https://cdn.shopify.com/s/files/1/0679/9792/5684/files/P599230.jpg?v=1740625573,cdn.shopify.com,shopify,files/remote/cdn.shopify.com/7501015914472.jpg,0
7501015915813,https://cdn.shopify.com/s/files/1/0679/9792/5684/files/V101919.jpg?v=1740625482,cdn.shopify.com,shopify,files/remote/cdn.shopify.com/7501015915813.jpg,0
7501073180468,https://cdn.shopify.com/s/files/1/0679/9792/5684/files/Z637430.jpg?v=1740625710,cdn.shopify.com,shopify,files/remote/cdn.shopify.com/7501073180468.jpg,0
7501073180475,https://cdn.shopify.com/s/files/1/0679/9792/5684/files/J532681.jpg?v=1740625713,cdn.shopify.com,shopify,files/remote/cdn.shopify.com/7501073180475.jpg,0
7501073180482,https://cdn.shopify.com/s/files/1/0679/9792/5684/files/J531881.jpg?v=1740625717,cdn.shopify.com,shopify,files/remote/cdn.shopify.com/7501073180482.jpg,0
7501073180499,https://cdn.shopify.com/s/files/1/0679/9792/5684/files/P637230.jpg?v=1740625721,cdn.shopify.com,shopify,files/remote/cdn.shopify.com/7501073180499.jpg,0
7501073180574,https://cdn.shopify.com/s/files/1/0679/9792/5684/files/T299276.jpg?v=1740625673,cdn.shopify.com,shopify,files/remote/cdn.shopify.com/7501073180574.jpg,0
7501073180581,https://cdn.shopify.com/s/files/1/0679/9792/5684/files/V161919.jpg?v=1740625426,cdn.shopify.com,shopify,files/remote/cdn.shopify.com/7501073180581.jpg,0
7501073180611,https://cdn.shopify.com/s/files/1/0679/9792/5684/files/B606459.jpg?v=1740625470,cdn.shopify.com,shopify,files/remote/cdn.shopify.com/7501073180611.jpg,0
7501073180628,https://cdn.shopify.com/s/files/1/0679/9792/5684/files/J525981.jpg?v=1740625581,cdn.shopify.com,shopify,files/remote/cdn.shopify.com/7501073180628.jpg,0
7501073183933,https://cdn.shopify.com/s/files/1/0679/9792/5684/files/T319276.jpg?v=1740625624,cdn.shopify.com,shopify,files/remote/cdn.shopify.com/7501073183933.jpg,0
7501073183940,https://cdn.shopify.com/s/files/1/0679/9792/5684/files/L926130.jpg?v=1740625435,cdn.shopify.com,shopify,files/remote/cdn.shopify.com/7501073183940.jpg,0
7501073183957,https://cdn.shopify.com/s/files/1/0679/9792/5684/files/Z519430.jpg?v=1740625628,cdn.shopify.com,shopify,files/remote/cdn.shopify.com/7501073183957.jpg,0
7501073183964,https://cdn.shopify.com/s/files/1/0679/9792/5684/files/P639230.jpg?v=1740625399,cdn.shopify.com,shopify,files/remote/cdn.shopify.com/7501073183964.jpg,0
7501073183971,https://cdn.shopify.com/s/files/1/0679/9792/5684/files/L126122.jpg?v=1740625653,cdn.shopify.com,shopify,files/remote/cdn.shopify.com/7501073183971.jpg,0
7501073183988,https://cdn.shopify.com/s/files/1/0679/9792/5684/files/J529981.jpg?v=1740625657,cdn.shopify.com,shopify,files/remote/cdn.shopify.com/7501073183988.jpg,0
7501073183995,https://cdn.shopify.com/s/files/1/0679/9792/5684/files/V621915.jpg?v=1740625661,cdn.shopify.com,shopify,files/remote/cdn.shopify.com/7501073183995.jpg,0
7501073184008,https://cdn.shopify.com/s/files/1/0679/9792/5684/files/V301920.jpg?v=1740625404,cdn.shopify.com,shopify,files/remote/cdn.shopify.com/7501073184008.jpg,0
7501073184022,https://cdn.shopify.com/s/files/1/0679/9792/5684/files/Z639430.jpg?v=1740625364,cdn.shopify.com,shopify,files/remote/cdn.shopify.com/7501073184022.jpg,0
7501073184053,https://cdn.shopify.com/s/files/1/0679/9792/5684/files/L326163.jpg?v=1740625379,cdn.shopify.com,shopify,files/remote/cdn.shopify.com/7501073184053.jpg,0
7501073184060,https://cdn.shopify.com/s/files/1/0679/9792/5684/files/B816459.jpg?v=1740625409,cdn.shopify.com,shopify,files/remote/cdn.shopify.com/7501073184060.jpg,0
7501073184077,https://cdn.shopify.com/s/files/1/0679/9792/5684/files/Z677430.jpg?v=1740625457,cdn.shopify.com,shopify,files/remote/cdn.shopify.com/7501073184077.jpg,0
7501073184107,https://cdn.shopify.com/s/files/1/0679/9792/5684/files/L126104.jpg?v=1740625611,cdn.shopify.com,shopify,files/remote/cdn.shopify.com/7501073184107.jpg,0
7501073184138,https://cdn.shopify.com/s/files/1/0679/9792/5684/files/F533851.jpg?v=1740625444,cdn.shopify.com,shopify,files/remote/cdn.shopify.com/7501073184138.jpg,0
7501073184145,https://cdn.shopify.com/s/files/1/0679/9792/5684/files/L326127.jpg?v=1740625448,cdn.shopify.com,shopify,files/remote/cdn.shopify.com/7501073184145.jpg,0
7501073184152,https://cdn.shopify.com/s/files/1/0679/9792/5684/files/B546459.jpg?v=1740625453,cdn.shopify.com,shopify,files/remote/cdn.shopify.com/7501073184152.jpg,0
7501073184169,https://cdn.shopify.com/s/files/1/0679/9792/5684/files/L926164.jpg?v=1740625387,cdn.shopify.com,shopify,files/remote/cdn.shopify.com/7501073184169.jpg,0
7501073184176,https://cdn.shopify.com/s/files/1/0679/9792/5684/files/F531851.jpg?v=1740625302,cdn.shopify.com,shopify,files/remote/cdn.shopify.com/7501073184176.jpg,0
7501073184183,https://cdn.shopify.com/s/files/1/0679/9792/5684/files/L926100.jpg?v=1740625594,cdn.shopify.com,shopify,files/remote/cdn.shopify.com/7501073184183.jpg,0
7501073184190,https://cdn.shopify.com/s/files/1/0679/9792/5684/files/V041919.jpg?v=1740625360,cdn.shopify.com,shopify,files/remote/cdn.shopify.com/7501073184190.jpg,0
7501073184206,https://cdn.shopify.com/s/files/1/0679/9792/5684/files/N8699213.jpg?v=1740625392,cdn.shopify.com,shopify,files/remote/cdn.shopify.com/7501073184206.jpg,0
7501073184213,https://cdn.shopify.com/s/files/1/0679/9792/5684/files/T689276.jpg?v=1740625417,cdn.shopify.com,shopify,files/remote/cdn.shopify.com/7501073184213.jpg,0
7501073184220,https://cdn.shopify.com/s/files/1/0679/9792/5684/files/D3656107.jpg?v=1740625466,cdn.shopify.com,shopify,files/remote/cdn.shopify.com/7501073184220.jpg,0
7501073184237,https://cdn.shopify.com/s/files/1/0679/9792/5684/files/B806457.jpg?v=1740625549,cdn.shopify.com,shopify,files/remote/cdn.shopify.com/7501073184237.jpg,0
7501073184244,https://cdn.shopify.com/s/files/1/0679/9792/5684/files/Z521430.jpg?v=1740625560,cdn.shopify.com,shopify,files/remote/cdn.shopify.com/7501073184244.jpg,0
7501073184275,https://cdn.shopify.com/s/files/1/0679/9792/5684/files/P521230.jpg?v=1740625616,cdn.shopify.com,shopify,files/remote/cdn.shopify.com/7501073184275.jpg,0
7501073184299,https://cdn.shopify.com/s/files/1/0679/9792/5684/files/F529751.jpg?v=1740625649,cdn.shopify.com,shopify,files/remote/cdn.shopify.com/7501073184299.jpg,0
7501073184305,https://cdn.shopify.com/s/files/1/0679/9792/5684/files/D2886107.jpg?v=1740625396,cdn.shopify.com,shopify,files/remote/cdn.shopify.com/7501073184305.jpg,0
7501073184312,https://cdn.shopify.com/s/files/1/0679/9792/5684/files/D8766107.jpg?v=1740625413,cdn.shopify.com,shopify,files/remote/cdn.shopify.com/7501073184312.jpg,0
7501073184329,https://cdn.shopify.com/s/files/1/0679/9792/5684/files/B146460.jpg?v=1740625422,cdn.shopify.com,shopify,files/remote/cdn.shopify.com/7501073184329.jpg,0
7501073184343,https://cdn.shopify.com/s/files/1/0679/9792/5684/files/Z675430.jpg?v=1740625431,cdn.shopify.com,shopify,files/remote/cdn.shopify.com/7501073184343.jpg,0
7501073184350,https://cdn.shopify.com/s/files/1/0679/9792/5684/files/J531981.jpg?v=1740625478,cdn.shopify.com,shopify,files/remote/cdn.shopify.com/7501073184350.jpg,0
7501073184367,https://cdn.shopify.com/s/files/1/0679/9792/5684/files/F525251.jpg?v=1740625685,cdn.shopify.com,shopify,files/remote/cdn.shopify.com/7501073184367.jpg,0
7501073184398,https://cdn.shopify.com/s/files/1/0679/9792/5684/files/B156459.jpg?v=1740625620,cdn.shopify.com,shopify,files/remote/cdn.shopify.com/7501073184398.jpg,0
7501073184411,https://cdn.shopify.com/s/files/1/0679/9792/5684/files/V741924.jpg?v=1740625316,cdn.shopify.com,shopify,files/remote/cdn.shopify.com/7501073184411.jpg,0
7501073184435,https://cdn.shopify.com/s/files/1/0679/9792/5684/files/D8126106.jpg?v=1740625590,cdn.shopify.com,shopify,files/remote/cdn.shopify.com/7501073184435.jpg,0
7501073184466,https://cdn.shopify.com/s/files/1/0679/9792/5684/files/J533981.jpg?v=1740625347,cdn.shopify.com,shopify,files/remote/cdn.shopify.com/7501073184466.jpg,0
7501073184480,https://cdn.shopify.com/s/files/1/0679/9792/5684/files/T489276.jpg?v=1740625694,cdn.shopify.com,shopify,files/remote/cdn.shopify.com/7501073184480.jpg,0
7501073184534,https://cdn.shopify.com/s/files/1/0679/9792/5684/files/D0676103.jpg?v=1740625577,cdn.shopify.com,shopify,files/remote/cdn.shopify.com/7501073184534.jpg,0
7501073184565,https://cdn.shopify.com/s/files/1/0679/9792/5684/files/T619273.jpg?v=1740625541,cdn.shopify.com,shopify,files/remote/cdn.shopify.com/7501073184565.jpg,0
7501073184572,https://cdn.shopify.com/s/files/1/0679/9792/5684/files/T589276.jpg?v=1740625375,cdn.shopify.com,shopify,files/remote/cdn.shopify.com/7501073184572.jpg,0
7501073184589,https://cdn.shopify.com/s/files/1/0679/9792/5684/files/T529276.jpg?v=1740625669,cdn.shopify.com,shopify,files/remote/cdn.shopify.com/7501073184589.jpg,0
7501073184602,https://cdn.shopify.com/s/files/1/0679/9792/5684/files/J526381.jpg?v=1740625545,cdn.shopify.com,shopify,files/remote/cdn.shopify.com/7501073184602.jpg,0
7501073184619,https://cdn.shopify.com/s/files/1/0679/9792/5684/files/Z595430.jpg?v=1740625603,cdn.shopify.com,shopify,files/remote/cdn.shopify.com/7501073184619.jpg,0
7501073184626,https://cdn.shopify.com/s/files/1/0679/9792/5684/files/T499276.jpg?v=1740625637,cdn.shopify.com,shopify,files/remote/cdn.shopify.com/7501073184626.jpg,0
7501073184633,https://cdn.shopify.com/s/files/1/0679/9792/5684/files/P595230.jpg?v=1740625665,cdn.shopify.com,shopify,files/remote/cdn.shopify.com/7501073184633.jpg,0
7501073184640,https://cdn.shopify.com/s/files/1/0679/9792/5684/files/N7862213.jpg?v=1740625440,cdn.shopify.com,shopify,files/remote/cdn.shopify.com/7501073184640.jpg,0
7501073184657,https://cdn.shopify.com/s/files/1/0679/9792/5684/files/J529781.jpg?v=1740625681,cdn.shopify.com,shopify,files/remote/cdn.shopify.com/7501073184657.jpg,0
7501073184664,https://cdn.shopify.com/s/files/1/0679/9792/5684/files/N7340213.jpg?v=1740625585,cdn.shopify.com,shopify,files/remote/cdn.shopify.com/7501073184664.jpg,0
7501073184671,https://cdn.shopify.com/s/files/1/0679/9792/5684/files/D8196106.jpg?v=1740625598,cdn.shopify.com,shopify,files/remote/cdn.shopify.com/7501073184671.jpg,0
7501073184688,https://cdn.shopify.com/s/files/1/0679/9792/5684/files/J533881.jpg?v=1740625325,cdn.shopify.com,shopify,files/remote/cdn.shopify.com/7501073184688.jpg,0
7501073184695,https://cdn.shopify.com/s/files/1/0679/9792/5684/files/L726127.jpg?v=1740625334,cdn.shopify.com,shopify,files/remote/cdn.shopify.com/7501073184695.jpg,0
7501073184718,https://cdn.shopify.com/s/files/1/0679/9792/5684/files/T054277.jpg?v=1740625338,cdn.shopify.com,shopify,files/remote/cdn.shopify.com/7501073184718.jpg,0
7501073184732,https://cdn.shopify.com/s/files/1/0679/9792/5684/files/T694276.jpg?v=1740625351,cdn.shopify.com,shopify,files/remote/cdn.shopify.com/7501073184732.jpg,0
7501073184763,https://cdn.shopify.com/s/files/1/0679/9792/5684/files/C763551.jpg?v=1740625607,cdn.shopify.com,shopify,files/remote/cdn.shopify.com/7501073184763.jpg,0
7501073184770,https://cdn.shopify.com/s/files/1/0679/9792/5684/files/Z635430.jpg?v=1740625383,cdn.shopify.com,shopify,files/remote/cdn.shopify.com/7501073184770.jpg,0
7501073184794,https://cdn.shopify.com/s/files/1/0679/9792/5684/files/J529881.jpg?v=1740625642,cdn.shopify.com,shopify,files/remote/cdn.shopify.com/7501073184794.jpg,0
7501073185869,https://cdn.shopify.com/s/files/1/0679/9792/5684/files/J531781.jpg?v=1740625321,cdn.shopify.com,shopify,files/remote/cdn.shopify.com/7501073185869.jpg,0
7501073185890,https://cdn.shopify.com/s/files/1/0679/9792/5684/files/L326135.jpg?v=1740625343,cdn.shopify.com,shopify,files/remote/cdn.shopify.com/7501073185890.jpg,0
7501073186217,https://cdn.shopify.com/s/files/1/0679/9792/5684/files/T699276.jpg?v=1740625293,cdn.shopify.com,shopify,files/remote/cdn.shopify.com/7501073186217.jpg,0
7501073186224,https://cdn.shopify.com/s/files/1/0679/9792/5684/files/P635230.jpg?v=1740625298,cdn.shopify.com,shopify,files/remote/cdn.shopify.com/7501073186224.jpg,0
7501073186262,https://cdn.shopify.com/s/files/1/0679/9792/5684/files/F529951.jpg?v=1740625698,cdn.shopify.com,shopify,files/remote/cdn.shopify.com/7501073186262.jpg,0
7501073186682,https://cdn.shopify.com/s/files/1/0679/9792/5684/files/F531951.jpg?v=1740625356,cdn.shopify.com,shopify,files/remote/cdn.shopify.com/7501073186682.jpg,0
7611160127655,https://cdn.shopify.com/s/files/1/0679/9792/5684/files/Z897430.jpg?v=1740616071,cdn.shopify.com,shopify,files/remote/cdn.shopify.com/7611160127655.jpg,0
7611160127662,https://cdn.shopify.com/s/files/1/0679/9792/5684/files/D916766.jpg?v=1740616047,cdn.shopify.com,shopify,files/remote/cdn.shopify.com/7611160127662.jpg,0
7611160127679,https://cdn.shopify.com/s/files/1/0679/9792/5684/files/V201657.jpg?v=1740621784,cdn.shopify.com,shopify,files/remote/cdn.shopify.com/7611160127679.jpg,0
7611160211767,https://cdn.shopify.com/s/files/1/0679/9792/5684/files/L325625.jpg?v=1740622190,cdn.shopify.com,shopify,files/remote/cdn.shopify.com/7611160211767.jpg,0
7611160217196,https://cdn.shopify.com/s/files/1/0679/9792/5684/files/V801843.jpg?v=1740622186,cdn.shopify.com,shopify,files/remote/cdn.shopify.com/7611160217196.jpg,0
7611160236647,https://cdn.shopify.com/s/files/1/0679/9792/5684/files/B476463.jpg?v=1740616063,cdn.shopify.com,shopify,files/remote/cdn.shopify.com/7611160236647.jpg,0
7611160236654,https://cdn.shopify.com/s/files/1/0679/9792/5684/files/V961926.jpg?v=1740616059,cdn.shopify.com,shopify,files/remote/cdn.shopify.com/7611160236654.jpg,0
7611160245779,https://cdn.shopify.com/s/files/1/0679/9792/5684/files/Z439431.jpg?v=1740621789,cdn.shopify.com,shopify,files/remote/cdn.shopify.com/7611160245779.jpg,0
7611773026864,https://cdn.shopify.com/s/files/1/0679/9792/5684/files/D020227.jpg?v=1740628206,cdn.shopify.com,shopify,files/remote/cdn.shopify.com/7611773026864.jpg,0
7611773081559,https://cdn.shopify.com/s/files/1/0679/9792/5684/files/T206247.jpg?v=1740627136,cdn.shopify.com,shopify,files/remote/cdn.shopify.com/7611773081559.jpg,0
7611773248853,https://cdn.shopify.com/s/files/1/0679/9792/5684/products/7611773248853-9.jpg?v=1673052967,cdn.shopify.com,shopify,files/remote/cdn.shopify.com/7611773248853.jpg,0
7611916124518,https://cdn.shopify.com/s/files/1/0679/9792/5684/products/7611916124518-1.jpg?v=1671856213,cdn.shopify.com,shopify,files/remote/cdn.shopify.com/7611916124518.jpg,0
7612017050478,https://cdn.shopify.com/s/files/1/0679/9792/5684/files/H659074.jpg?v=1740628524,cdn.shopify.com,shopify,files/remote/cdn.shopify.com/7612017050478.jpg,0
7612017504421,https://www.oceanfragrances.com/Foto/7612017504421.jpg,www.oceanfragrances.com,oceanfragrances,files/remote/www.oceanfragrances.com/7612017504421.jpg,0
761828009926,https://cdn.shopify.com/s/files/1/0679/9792/5684/files/Z673815.jpg?v=1740634950,cdn.shopify.com,shopify,files/remote/cdn.shopify.com/761828009926.jpg,0
761828009933,https://cdn.shopify.com/s/files/1/0679/9792/5684/files/J83707.jpg?v=1740634946,cdn.shopify.com,shopify,files/remote/cdn.shopify.com/761828009933.jpg,0
761828223889,https://cdn.shopify.com/s/files/1/0679/9792/5684/files/Y450390.jpg?v=1740636675,cdn.shopify.com,shopify,files/remote/cdn.shopify.com/761828223889.jpg,0
761828223919,https://cdn.shopify.com/s/files/1/0679/9792/5684/files/O33834.jpg?v=1740636679,cdn.shopify.com,shopify,files/remote/cdn.shopify.com/761828223919.jpg,0
7630042401324,https://cdn.shopify.com/s/files/1/0679/9792/5684/files/T774254.jpg?v=1740616055,cdn.shopify.com,shopify,files/remote/cdn.shopify.com/7630042401324.jpg,0
7630042401379,https://cdn.shopify.com/s/files/1/0679/9792/5684/files/B546471.jpg?v=1740637982,cdn.shopify.com,shopify,files/remote/cdn.shopify.com/7630042401379.jpg,0
763511009824,https://cdn.shopify.com/s/files/1/0679/9792/5684/files/E11348.jpg?v=1740610564,cdn.shopify.com,shopify,files/remote/cdn.shopify.com/763511009824.jpg,0
7640111493693,https://cdn.shopify.com/s/files/1/0679/9792/5684/files/D940216.jpg?v=1740619394,cdn.shopify.com,shopify,files/remote/cdn.shopify.com/7640111493693.jpg,0
7640111493723,https://cdn.shopify.com/s/files/1/0679/9792/5684/files/G438614.jpg?v=1740619387,cdn.shopify.com,shopify,files/remote/cdn.shopify.com/7640111493723.jpg,0
7640111497394,https://cdn.shopify.com/s/files/1/0679/9792/5684/files/N307217.jpg?v=1740617367,cdn.shopify.com,shopify,files/remote/cdn.shopify.com/7640111497394.jpg,0
7640111497400,https://cdn.shopify.com/s/files/1/0679/9792/5684/files/O39986.jpg?v=1740637746,cdn.shopify.com,shopify,files/remote/cdn.shopify.com/7640111497400.jpg,0
7640111497424,https://cdn.shopify.com/s/files/1/0679/9792/5684/files/S973191.jpg?v=1740637725,cdn.shopify.com,shopify,files/remote/cdn.shopify.com/7640111497424.jpg,0
7640111497431,https://cdn.shopify.com/s/files/1/0679/9792/5684/files/E891511.jpg?v=1740637713,cdn.shopify.com,shopify,files/remote/cdn.shopify.com/7640111497431.jpg,0
7640111497455,https://cdn.shopify.com/s/files/1/0679/9792/5684/files/K985191.jpg?v=1740637743,cdn.shopify.com,shopify,files/remote/cdn.shopify.com/7640111497455.jpg,0
7640111498551,https://cdn.shopify.com/s/files/1/0679/9792/5684/files/D686123.jpg?v=1740613778,cdn.shopify.com,shopify,files/remote/cdn.shopify.com/7640111498551.jpg,0
7640111505310,https://cdn.shopify.com/s/files/1/0679/9792/5684/files/B761103.jpg?v=1740619390,cdn.shopify.com,shopify,files/remote/cdn.shopify.com/7640111505310.jpg,0
7640111505495,https://cdn.shopify.com/s/files/1/0679/9792/5684/files/M353417.jpg?v=1740621741,cdn.shopify.com,shopify,files/remote/cdn.shopify.com/7640111505495.jpg,0
7640111505501,https://cdn.shopify.com/s/files/1/0679/9792/5684/files/W246320.jpg?v=1740621732,cdn.shopify.com,shopify,files/remote/cdn.shopify.com/7640111505501.jpg,0
7640111505563,https://cdn.shopify.com/s/files/1/0679/9792/5684/files/F577051.jpg?v=1740615831,cdn.shopify.com,shopify,files/remote/cdn.shopify.com/7640111505563.jpg,0
7640111505631,https://cdn.shopify.com/s/files/1/0679/9792/5684/files/D606134.jpg?v=1740617360,cdn.shopify.com,shopify,files/remote/cdn.shopify.com/7640111505631.jpg,0
7640111505938,https://cdn.shopify.com/s/files/1/0679/9792/5684/files/Q643199.jpg?v=1740637739,cdn.shopify.com,shopify,files/remote/cdn.shopify.com/7640111505938.jpg,0
7640111506416,https://cdn.shopify.com/s/files/1/0679/9792/5684/files/Q143199.jpg?v=1740637763,cdn.shopify.com,shopify,files/remote/cdn.shopify.com/7640111506416.jpg,0
7640111506447,https://cdn.shopify.com/s/files/1/0679/9792/5684/files/Y805575.jpg?v=1740637759,cdn.shopify.com,shopify,files/remote/cdn.shopify.com/7640111506447.jpg,0
7640111506454,https://cdn.shopify.com/s/files/1/0679/9792/5684/files/I478544.jpg?v=1740637766,cdn.shopify.com,shopify,files/remote/cdn.shopify.com/7640111506454.jpg,0
7640163970012,https://cdn.shopify.com/s/files/1/0679/9792/5684/files/G348617.jpg?v=1740617374,cdn.shopify.com,shopify,files/remote/cdn.shopify.com/7640163970012.jpg,0
7640163970302,https://cdn.shopify.com/s/files/1/0679/9792/5684/files/Y985575.jpg?v=1740637749,cdn.shopify.com,shopify,files/remote/cdn.shopify.com/7640163970302.jpg,0
7640163971071,https://cdn.shopify.com/s/files/1/0679/9792/5684/files/U799212.jpg?v=1740634685,cdn.shopify.com,shopify,files/remote/cdn.shopify.com/7640163971071.jpg,0
7640163971729,https://cdn.shopify.com/s/files/1/0679/9792/5684/files/G394838.jpg?v=1740637730,cdn.shopify.com,shopify,files/remote/cdn.shopify.com/7640163971729.jpg,0
7640164030012,https://cdn.shopify.com/s/files/1/0679/9792/5684/files/D556770.jpg?v=1740618816,cdn.shopify.com,shopify,files/remote/cdn.shopify.com/7640164030012.jpg,0
7640164030029,https://cdn.shopify.com/s/files/1/0679/9792/5684/files/V501660.jpg?v=1740618813,cdn.shopify.com,shopify,files/remote/cdn.shopify.com/7640164030029.jpg,0
7640164030067,https://cdn.shopify.com/s/files/1/0679/9792/5684/files/D436846.jpg?v=1740612041,cdn.shopify.com,shopify,files/remote/cdn.shopify.com/7640164030067.jpg,0
7640164030074,https://cdn.shopify.com/s/files/1/0679/9792/5684/files/B516411.jpg?v=1740612037,cdn.shopify.com,shopify,files/remote/cdn.shopify.com/7640164030074.jpg,0
7640164030425,https://cdn.shopify.com/s/files/1/0679/9792/5684/files/D186960.jpg?v=1740612025,cdn.shopify.com,shopify,files/remote/cdn.shopify.com/7640164030425.jpg,0
7640164030432,https://cdn.shopify.com/s/files/1/0679/9792/5684/files/L525254.jpg?v=1740612022,cdn.shopify.com,shopify,files/remote/cdn.shopify.com/7640164030432.jpg,0
7640164030616,https://cdn.shopify.com/s/files/1/0679/9792/5684/files/B246456.jpg?v=1740612029,cdn.shopify.com,shopify,files/remote/cdn.shopify.com/7640164030616.jpg,0
7640164031361,https://cdn.shopify.com/s/files/1/0679/9792/5684/files/N1525214.jpg?v=1740623318,cdn.shopify.com,shopify,files/remote/cdn.shopify.com/7640164031361.jpg,0
7640171190105,https://cdn.shopify.com/s/files/1/0679/9792/5684/files/K955191.jpg?v=1740637709,cdn.shopify.com,shopify,files/remote/cdn.shopify.com/7640171190105.jpg,0
7640171190327,https://cdn.shopify.com/s/files/1/0679/9792/5684/files/O86234.jpg?v=1740617391,cdn.shopify.com,shopify,files/remote/cdn.shopify.com/7640171190327.jpg,0
7640171190334,https://cdn.shopify.com/s/files/1/0679/9792/5684/files/W032834.jpg?v=1740617394,cdn.shopify.com,shopify,files/remote/cdn.shopify.com/7640171190334.jpg,0
7640171190518,https://cdn.shopify.com/s/files/1/0679/9792/5684/files/P788610.jpg?v=1740619376,cdn.shopify.com,shopify,files/remote/cdn.shopify.com/7640171190518.jpg,0
7640171190679,https://cdn.shopify.com/s/files/1/0679/9792/5684/files/I479244.jpg?v=1740637721,cdn.shopify.com,shopify,files/remote/cdn.shopify.com/7640171190679.jpg,0
7640171190921,https://cdn.shopify.com/s/files/1/0679/9792/5684/files/G238841.jpg?v=1740617363,cdn.shopify.com,shopify,files/remote/cdn.shopify.com/7640171190921.jpg,0
7640171190990,https://cdn.shopify.com/s/files/1/0679/9792/5684/files/B176325.jpg?v=1740637807,cdn.shopify.com,shopify,files/remote/cdn.shopify.com/7640171190990.jpg,0
7640171191010,https://cdn.shopify.com/s/files/1/0679/9792/5684/files/D726758.jpg?v=1740637801,cdn.shopify.com,shopify,files/remote/cdn.shopify.com/7640171191010.jpg,0
7640171191140,https://cdn.shopify.com/s/files/1/0679/9792/5684/files/T615237.jpg?v=1740617401,cdn.shopify.com,shopify,files/remote/cdn.shopify.com/7640171191140.jpg,0
7640171192345,https://cdn.shopify.com/s/files/1/0679/9792/5684/files/N604298.jpg?v=1740637804,cdn.shopify.com,shopify,files/remote/cdn.shopify.com/7640171192345.jpg,0
7640171192352,https://cdn.shopify.com/s/files/1/0679/9792/5684/files/L524382.jpg?v=1740637811,cdn.shopify.com,shopify,files/remote/cdn.shopify.com/7640171192352.jpg,0
7640171192390,https://cdn.shopify.com/s/files/1/0679/9792/5684/files/Z895422.jpg?v=1740612184,cdn.shopify.com,shopify,files/remote/cdn.shopify.com/7640171192390.jpg,0
7640171192406,https://cdn.shopify.com/s/files/1/0679/9792/5684/files/G999851.jpg?v=1740612180,cdn.shopify.com,shopify,files/remote/cdn.shopify.com/7640171192406.jpg,0
7640171193366,https://cdn.shopify.com/s/files/1/0679/9792/5684/files/P983222.jpg?v=1740619384,cdn.shopify.com,shopify,files/remote/cdn.shopify.com/7640171193366.jpg,0
7640171193595,https://cdn.shopify.com/s/files/1/0679/9792/5684/files/N771032.jpg?v=1740617437,cdn.shopify.com,shopify,files/remote/cdn.shopify.com/7640171193595.jpg,0
7640171193649,https://cdn.shopify.com/s/files/1/0679/9792/5684/files/V781689.jpg?v=1740617397,cdn.shopify.com,shopify,files/remote/cdn.shopify.com/7640171193649.jpg,0
7640171194134,https://cdn.shopify.com/s/files/1/0679/9792/5684/files/N6576212.jpg?v=1740617440,cdn.shopify.com,shopify,files/remote/cdn.shopify.com/7640171194134.jpg,0
7640171194547,https://cdn.shopify.com/s/files/1/0679/9792/5684/files/T759273.jpg?v=1740635895,cdn.shopify.com,shopify,files/remote/cdn.shopify.com/7640171194547.jpg,0
7640171196237,https://cdn.shopify.com/s/files/1/0679/9792/5684/files/Z679421.jpg?v=1740637773,cdn.shopify.com,shopify,files/remote/cdn.shopify.com/7640171196237.jpg,0
7640171196329,https://cdn.shopify.com/s/files/1/0679/9792/5684/files/N560297.jpg?v=1740637791,cdn.shopify.com,shopify,files/remote/cdn.shopify.com/7640171196329.jpg,0
7640171196343,https://cdn.shopify.com/s/files/1/0679/9792/5684/files/D796758.jpg?v=1740637788,cdn.shopify.com,shopify,files/remote/cdn.shopify.com/7640171196343.jpg,0
7640171196367,https://cdn.shopify.com/s/files/1/0679/9792/5684/files/T199254.jpg?v=1740637795,cdn.shopify.com,shopify,files/remote/cdn.shopify.com/7640171196367.jpg,0
7640171196619,https://cdn.shopify.com/s/files/1/0679/9792/5684/files/P679221.jpg?v=1740637752,cdn.shopify.com,shopify,files/remote/cdn.shopify.com/7640171196619.jpg,0
7640171196626,https://cdn.shopify.com/s/files/1/0679/9792/5684/files/F083951.jpg?v=1740637781,cdn.shopify.com,shopify,files/remote/cdn.shopify.com/7640171196626.jpg,0
7640171196961,https://cdn.shopify.com/s/files/1/0679/9792/5684/files/B206325.jpg?v=1740637814,cdn.shopify.com,shopify,files/remote/cdn.shopify.com/7640171196961.jpg,0
7640171197050,https://cdn.shopify.com/s/files/1/0679/9792/5684/files/J083981.jpg?v=1740637777,cdn.shopify.com,shopify,files/remote/cdn.shopify.com/7640171197050.jpg,0
7640171197296,https://cdn.shopify.com/s/files/1/0679/9792/5684/files/R981028.jpg?v=1740637718,cdn.shopify.com,shopify,files/remote/cdn.shopify.com/7640171197296.jpg,0
7640171197975,https://cdn.shopify.com/s/files/1/0679/9792/5684/files/V361650.jpg?v=1740637784,cdn.shopify.com,shopify,files/remote/cdn.shopify.com/7640171197975.jpg,0
7640171198736,https://cdn.shopify.com/s/files/1/0679/9792/5684/files/L925156.jpg?v=1740635887,cdn.shopify.com,shopify,files/remote/cdn.shopify.com/7640171198736.jpg,0
7640171199016,https://cdn.shopify.com/s/files/1/0679/9792/5684/files/N6028211.jpg?v=1740635883,cdn.shopify.com,shopify,files/remote/cdn.shopify.com/7640171199016.jpg,0
7640171199788,https://cdn.shopify.com/s/files/1/0679/9792/5684/files/G418838.jpg?v=1740620004,cdn.shopify.com,shopify,files/remote/cdn.shopify.com/7640171199788.jpg,0
7640177360731,https://images.btswholesaler.com/imgs/productos_cosmetica/imagenes/7640177360731.webp,images.btswholesaler.com,bts_cdn,files/remote/images.btswholesaler.com/7640177360731.webp,0
7640177366139,https://cdn.shopify.com/s/files/1/0679/9792/5684/files/L726109.jpg?v=1740635186,cdn.shopify.com,shopify,files/remote/cdn.shopify.com/7640177366139.jpg,0
7640233340554,https://cdn.shopify.com/s/files/1/0679/9792/5684/files/N110297.jpg?v=1740611009,cdn.shopify.com,shopify,files/remote/cdn.shopify.com/7640233340554.jpg,0
7640233340561,https://cdn.shopify.com/s/files/1/0679/9792/5684/files/L324451.jpg?v=1740610953,cdn.shopify.com,shopify,files/remote/cdn.shopify.com/7640233340561.jpg,0
7640233340745,https://cdn.shopify.com/s/files/1/0679/9792/5684/files/V341646.jpg?v=1740611048,cdn.shopify.com,shopify,files/remote/cdn.shopify.com/7640233340745.jpg,0
7640233341056,https://cdn.shopify.com/s/files/1/0679/9792/5684/files/P219227.jpg?v=1740610958,cdn.shopify.com,shopify,files/remote/cdn.shopify.com/7640233341056.jpg,0
7640233341063,https://cdn.shopify.com/s/files/1/0679/9792/5684/files/P769223.jpg?v=1740610961,cdn.shopify.com,shopify,files/remote/cdn.shopify.com/7640233341063.jpg,0
7640233341391,https://cdn.shopify.com/s/files/1/0679/9792/5684/files/B436407.jpg?v=1740610923,cdn.shopify.com,shopify,files/remote/cdn.shopify.com/7640233341391.jpg,0
7640233342565,https://images.btswholesaler.com/imgs/productos_cosmetica/imagenes/7640233342565.webp,images.btswholesaler.com,bts_cdn,files/remote/images.btswholesaler.com/7640233342565.webp,0
7640365140022,https://cdn.shopify.com/s/files/1/0679/9792/5684/files/B327270.jpg?v=1740621124,cdn.shopify.com,shopify,files/remote/cdn.shopify.com/7640365140022.jpg,0
7640365140060,https://cdn.shopify.com/s/files/1/0679/9792/5684/files/N8027210.jpg?v=1740637024,cdn.shopify.com,shopify,files/remote/cdn.shopify.com/7640365140060.jpg,0
7640365140107,https://cdn.shopify.com/s/files/1/0679/9792/5684/files/J246881.jpg?v=1740621135,cdn.shopify.com,shopify,files/remote/cdn.shopify.com/7640365140107.jpg,0
766124087234,https://cdn.shopify.com/s/files/1/0679/9792/5684/files/R26215.jpg?v=1740608944,cdn.shopify.com,shopify,files/remote/cdn.shopify.com/766124087234.jpg,0
766124862305,https://cdn.shopify.com/s/files/1/0679/9792/5684/files/J64381.jpg?v=1740608952,cdn.shopify.com,shopify,files/remote/cdn.shopify.com/766124862305.jpg,0
767332926872,https://cdn.shopify.com/s/files/1/0679/9792/5684/files/D4856108.jpg?v=1740628374,cdn.shopify.com,shopify,files/remote/cdn.shopify.com/767332926872.jpg,0
767332926902,https://cdn.shopify.com/s/files/1/0679/9792/5684/files/L326199.jpg?v=1740626940,cdn.shopify.com,shopify,files/remote/cdn.shopify.com/767332926902.jpg,0
767332926957,https://cdn.shopify.com/s/files/1/0679/9792/5684/files/T494277.jpg?v=1740628222,cdn.shopify.com,shopify,files/remote/cdn.shopify.com/767332926957.jpg,0
767332926964,https://cdn.shopify.com/s/files/1/0679/9792/5684/files/D4926108.jpg?v=1740627832,cdn.shopify.com,shopify,files/remote/cdn.shopify.com/767332926964.jpg,0
767332926995,https://cdn.shopify.com/s/files/1/0679/9792/5684/files/N9491213.jpg?v=1740628218,cdn.shopify.com,shopify,files/remote/cdn.shopify.com/767332926995.jpg,0
767332927022,https://cdn.shopify.com/s/files/1/0679/9792/5684/files/B976464.jpg?v=1740626936,cdn.shopify.com,shopify,files/remote/cdn.shopify.com/767332927022.jpg,0
768614104674,https://www.oceanfragrances.com/Foto/0768614104674.jpg,www.oceanfragrances.com,oceanfragrances,files/remote/www.oceanfragrances.com/768614104674.jpg,0
768614152392,https://cdn.shopify.com/s/files/1/0679/9792/5684/files/N419888.jpg?v=1740616021,cdn.shopify.com,shopify,files/remote/cdn.shopify.com/768614152392.jpg,0
768614155805,https://www.oceanfragrances.com/Foto/0768614155805.jpg,www.oceanfragrances.com,oceanfragrances,files/remote/www.oceanfragrances.com/768614155805.jpg,0
768614160458,https://www.oceanfragrances.com/Foto/0768614160458.jpg,www.oceanfragrances.com,oceanfragrances,files/remote/www.oceanfragrances.com/768614160458.jpg,0
773602001996,https://images.btswholesaler.com/imgs/productos_cosmetica/imagenes/0773602001996.webp,images.btswholesaler.com,bts_cdn,files/remote/images.btswholesaler.com/773602001996.webp,0
773602002160,https://cdn.shopify.com/s/files/1/0679/9792/5684/products/773602002160-9.jpg?v=1671841221,cdn.shopify.com,shopify,files/remote/cdn.shopify.com/773602002160.jpg,0
773602066407,https://cdn.shopify.com/s/files/1/0679/9792/5684/products/773602066407-9.jpg?v=1671841216,cdn.shopify.com,shopify,files/remote/cdn.shopify.com/773602066407.jpg,0
773602282852,https://cdn.shopify.com/s/files/1/0679/9792/5684/products/773602282852-9.jpg?v=1673054471,cdn.shopify.com,shopify,files/remote/cdn.shopify.com/773602282852.jpg,0
773602283583,https://cdn.shopify.com/s/files/1/0679/9792/5684/products/773602283583-9.jpg?v=1673054432,cdn.shopify.com,shopify,files/remote/cdn.shopify.com/773602283583.jpg,0
773602307326,https://cdn.shopify.com/s/files/1/0679/9792/5684/products/773602307326-9.jpg?v=1673053952,cdn.shopify.com,shopify,files/remote/cdn.shopify.com/773602307326.jpg,0
773602323210,https://cdn.shopify.com/s/files/1/0679/9792/5684/products/773602323210-9.jpg?v=1672786056,cdn.shopify.com,shopify,files/remote/cdn.shopify.com/773602323210.jpg,0
773602332793,https://cdn.shopify.com/s/files/1/0679/9792/5684/products/773602332793-9.jpg?v=1673054460,cdn.shopify.com,shopify,files/remote/cdn.shopify.com/773602332793.jpg,0
773602343713,https://cdn.shopify.com/s/files/1/0679/9792/5684/products/773602343713-9.jpg?v=1671840999,cdn.shopify.com,shopify,files/remote/cdn.shopify.com/773602343713.jpg,0
773602344314,https://cdn.shopify.com/s/files/1/0679/9792/5684/products/773602344314-9.jpg?v=1673053981,cdn.shopify.com,shopify,files/remote/cdn.shopify.com/773602344314.jpg,0
773602422050,https://cdn.shopify.com/s/files/1/0679/9792/5684/products/773602422050-9.jpg?v=1673054248,cdn.shopify.com,shopify,files/remote/cdn.shopify.com/773602422050.jpg,0
773602429905,https://cdn.shopify.com/s/files/1/0679/9792/5684/products/773602429905-9_1.jpg?v=1671841187,cdn.shopify.com,shopify,files/remote/cdn.shopify.com/773602429905.jpg,0
773602455942,https://cdn.shopify.com/s/files/1/0679/9792/5684/products/773602455942-9.jpg?v=1673053865,cdn.shopify.com,shopify,files/remote/cdn.shopify.com/773602455942.jpg,0
773602960187,https://cdn.shopify.com/s/files/1/0679/9792/5684/products/773602960187-1.jpg?v=1671841609,cdn.shopify.com,shopify,files/remote/cdn.shopify.com/773602960187.jpg,0
783320402661,https://cdn.shopify.com/s/files/1/0679/9792/5684/products/783320402661-9.jpg?v=1671876935,cdn.shopify.com,shopify,files/remote/cdn.shopify.com/783320402661.jpg,0
783320402739,https://cdn.shopify.com/s/files/1/0679/9792/5684/products/783320402739-9.jpg?v=1671870080,cdn.shopify.com,shopify,files/remote/cdn.shopify.com/783320402739.jpg,0
783320403897,https://cdn.shopify.com/s/files/1/0679/9792/5684/files/J60607.jpg?v=1740617618,cdn.shopify.com,shopify,files/remote/cdn.shopify.com/783320403897.jpg,0
783320403903,https://cdn.shopify.com/s/files/1/0679/9792/5684/files/H563674.jpg?v=1740617621,cdn.shopify.com,shopify,files/remote/cdn.shopify.com/783320403903.jpg,0
783320404702,https://cdn.shopify.com/s/files/1/0679/9792/5684/files/J83807.jpg?v=1740609638,cdn.shopify.com,shopify,files/remote/cdn.shopify.com/783320404702.jpg,0
783320409585,https://cdn.shopify.com/s/files/1/0679/9792/5684/files/I659585.jpg?v=1740609672,cdn.shopify.com,shopify,files/remote/cdn.shopify.com/783320409585.jpg,0
783320409592,https://cdn.shopify.com/s/files/1/0679/9792/5684/files/C163234.jpg?v=1740609669,cdn.shopify.com,shopify,files/remote/cdn.shopify.com/783320409592.jpg,0
783320411168,https://cdn.shopify.com/s/files/1/0679/9792/5684/files/P929220.jpg?v=1740609655,cdn.shopify.com,shopify,files/remote/cdn.shopify.com/783320411168.jpg,0
783320411175,https://cdn.shopify.com/s/files/1/0679/9792/5684/files/F046451.jpg?v=1740609665,cdn.shopify.com,shopify,files/remote/cdn.shopify.com/783320411175.jpg,0
783320411915,https://cdn.shopify.com/s/files/1/0679/9792/5684/files/T054251.jpg?v=1740617587,cdn.shopify.com,shopify,files/remote/cdn.shopify.com/783320411915.jpg,0
783320411946,https://cdn.shopify.com/s/files/1/0679/9792/5684/files/N847883.jpg?v=1740617577,cdn.shopify.com,shopify,files/remote/cdn.shopify.com/783320411946.jpg,0
783320411953,https://cdn.shopify.com/s/files/1/0679/9792/5684/files/B537279.jpg?v=1740617581,cdn.shopify.com,shopify,files/remote/cdn.shopify.com/783320411953.jpg,0
783320412905,https://cdn.shopify.com/s/files/1/0679/9792/5684/products/783320412905-9.jpg?v=1671859248,cdn.shopify.com,shopify,files/remote/cdn.shopify.com/783320412905.jpg,0
783320414794,https://cdn.shopify.com/s/files/1/0679/9792/5684/files/T611249.jpg?v=1740617613,cdn.shopify.com,shopify,files/remote/cdn.shopify.com/783320414794.jpg,0
783320416101,https://cdn.shopify.com/s/files/1/0679/9792/5684/files/N723296.jpg?v=1740617602,cdn.shopify.com,shopify,files/remote/cdn.shopify.com/783320416101.jpg,0
783320416118,https://images.btswholesaler.com/imgs/productos_cosmetica/imagenes/0783320416118.webp,images.btswholesaler.com,bts_cdn,files/remote/images.btswholesaler.com/783320416118.webp,0
783320417023,https://cdn.shopify.com/s/files/1/0679/9792/5684/files/J246981.jpg?v=1740609645,cdn.shopify.com,shopify,files/remote/cdn.shopify.com/783320417023.jpg,0
783320418402,https://images.btswholesaler.com/imgs/productos_cosmetica/imagenes/0783320422447.webp,images.btswholesaler.com,bts_cdn,files/remote/images.btswholesaler.com/783320418402.webp,0
783320418952,https://cdn.shopify.com/s/files/1/0679/9792/5684/products/783320831508-9.jpg?v=1671870933,cdn.shopify.com,shopify,files/remote/cdn.shopify.com/783320418952.jpg,0
783320419461,https://cdn.shopify.com/s/files/1/0679/9792/5684/files/P453227.jpg?v=1740617591,cdn.shopify.com,shopify,files/remote/cdn.shopify.com/783320419461.jpg,0
783320419485,https://cdn.shopify.com/s/files/1/0679/9792/5684/files/F372651.jpg?v=1740617595,cdn.shopify.com,shopify,files/remote/cdn.shopify.com/783320419485.jpg,0
783320419683,https://cdn.shopify.com/s/files/1/0679/9792/5684/files/Z481431.jpg?v=1740609625,cdn.shopify.com,shopify,files/remote/cdn.shopify.com/783320419683.jpg,0
783320420566,https://images.btswholesaler.com/imgs/productos_cosmetica/imagenes/0783320420566.webp,images.btswholesaler.com,bts_cdn,files/remote/images.btswholesaler.com/783320420566.webp,0
783320420610,https://cdn.shopify.com/s/files/1/0679/9792/5684/files/L925980.jpg?v=1740609628,cdn.shopify.com,shopify,files/remote/cdn.shopify.com/783320420610.jpg,0
783320421211,https://cdn.shopify.com/s/files/1/0679/9792/5684/files/F513451.jpg?v=1740617598,cdn.shopify.com,shopify,files/remote/cdn.shopify.com/783320421211.jpg,0
783320421297,https://images.btswholesaler.com/imgs/productos_cosmetica/imagenes/0783320421297.webp,images.btswholesaler.com,bts_cdn,files/remote/images.btswholesaler.com/783320421297.webp,0
783320421532,https://images.btswholesaler.com/imgs/productos_cosmetica/imagenes/0783320421532.webp,images.btswholesaler.com,bts_cdn,files/remote/images.btswholesaler.com/783320421532.webp,0
783320421549,https://images.btswholesaler.com/imgs/productos_cosmetica/imagenes/0783320423949.webp,images.btswholesaler.com,bts_cdn,files/remote/images.btswholesaler.com/783320421549.webp,0
783320422454,https://images.btswholesaler.com/imgs/productos_cosmetica/imagenes/0783320422454.webp,images.btswholesaler.com,bts_cdn,files/remote/images.btswholesaler.com/783320422454.webp,0
783320423369,https://images.btswholesaler.com/imgs/productos_cosmetica/imagenes/0783320423369.webp,images.btswholesaler.com,bts_cdn,files/remote/images.btswholesaler.com/783320423369.webp,0
783320423734,https://cdn.shopify.com/s/files/1/0679/9792/5684/files/Y145578.jpg?v=1740617609,cdn.shopify.com,shopify,files/remote/cdn.shopify.com/783320423734.jpg,0
783320423789,https://images.btswholesaler.com/imgs/productos_cosmetica/imagenes/0783320423789.webp,images.btswholesaler.com,bts_cdn,files/remote/images.btswholesaler.com/783320423789.webp,0
783320461019,https://cdn.shopify.com/s/files/1/0679/9792/5684/products/783320461019-9.jpg?v=1671998677,cdn.shopify.com,shopify,files/remote/cdn.shopify.com/783320461019.jpg,0
7899572810451,https://images.btswholesaler.com/imgs/productos_cosmetica/imagenes/7899572810451.webp,images.btswholesaler.com,bts_cdn,files/remote/images.btswholesaler.com/7899572810451.webp,0
79625012026,https://cdn.shopify.com/s/files/1/0679/9792/5684/files/T860238.jpg?v=1740629561,cdn.shopify.com,shopify,files/remote/cdn.shopify.com/79625012026.jpg,0
79625017861,https://images.btswholesaler.com/imgs/productos_cosmetica/imagenes/0079625017861.webp,images.btswholesaler.com,bts_cdn,files/remote/images.btswholesaler.com/79625017861.webp,0
797776996513,https://cdn.shopify.com/s/files/1/0679/9792/5684/files/T399258.jpg?v=1740624715,cdn.shopify.com,shopify,files/remote/cdn.shopify.com/797776996513.jpg,0
8001841430249,https://cdn.shopify.com/s/files/1/0679/9792/5684/files/J05029.jpg?v=1740627150,cdn.shopify.com,shopify,files/remote/cdn.shopify.com/8001841430249.jpg,0
8002135066748,https://cdn.shopify.com/s/files/1/0679/9792/5684/files/P648610.jpg?v=1740622833,cdn.shopify.com,shopify,files/remote/cdn.shopify.com/8002135066748.jpg,0
8002135081956,https://cdn.shopify.com/s/files/1/0679/9792/5684/files/N092549.jpg?v=1740624094,cdn.shopify.com,shopify,files/remote/cdn.shopify.com/8002135081956.jpg,0
8002135103429,https://cdn.shopify.com/s/files/1/0679/9792/5684/files/R292221.jpg?v=1740622804,cdn.shopify.com,shopify,files/remote/cdn.shopify.com/8002135103429.jpg,0
8002135126589,https://cdn.shopify.com/s/files/1/0679/9792/5684/files/G869624.jpg?v=1740622737,cdn.shopify.com,shopify,files/remote/cdn.shopify.com/8002135126589.jpg,0
8002135133266,https://cdn.shopify.com/s/files/1/0679/9792/5684/files/D886792.jpg?v=1740613690,cdn.shopify.com,shopify,files/remote/cdn.shopify.com/8002135133266.jpg,0
8002135148062,https://images.btswholesaler.com/imgs/productos_cosmetica/imagenes/0810876039949.webp,images.btswholesaler.com,bts_cdn,files/remote/images.btswholesaler.com/8002135148062.webp,0
8002135151772,https://cdn.shopify.com/s/files/1/0679/9792/5684/files/B127281.jpg?v=1740635304,cdn.shopify.com,shopify,files/remote/cdn.shopify.com/8002135151772.jpg,0
8002410066739,https://www.oceanfragrances.com/Foto/8002410066739.jpg,www.oceanfragrances.com,oceanfragrances,files/remote/www.oceanfragrances.com/8002410066739.jpg,0
8004395000265,https://images.btswholesaler.com/imgs/productos_cosmetica/imagenes/8004395000265.webp,images.btswholesaler.com,bts_cdn,files/remote/images.btswholesaler.com/8004395000265.webp,0
8004395001156,https://images.btswholesaler.com/imgs/productos_cosmetica/imagenes/8004395006151.webp,images.btswholesaler.com,bts_cdn,files/remote/images.btswholesaler.com/8004395001156.webp,0
8004395001224,https://images.btswholesaler.com/imgs/productos_cosmetica/imagenes/8004395001224_1.webp,images.btswholesaler.com,bts_cdn,files/remote/images.btswholesaler.com/8004395001224.webp,0
8004395007523,https://images.btswholesaler.com/imgs/productos_cosmetica/imagenes/8004395007523.webp,images.btswholesaler.com,bts_cdn,files/remote/images.btswholesaler.com/8004395007523.webp,0
8004395007707,https://images.btswholesaler.com/imgs/productos_cosmetica/imagenes/8004395007707.webp,images.btswholesaler.com,bts_cdn,files/remote/images.btswholesaler.com/8004395007707.webp,0
8004995635591,https://cdn.shopify.com/s/files/1/0679/9792/5684/files/Q394068.jpg?v=1740635101,cdn.shopify.com,shopify,files/remote/cdn.shopify.com/8004995635591.jpg,0
8005610255835,https://cdn.shopify.com/s/files/1/0679/9792/5684/files/A883585.jpg?v=1740609522,cdn.shopify.com,shopify,files/remote/cdn.shopify.com/8005610255835.jpg,0
8005610255941,https://cdn.shopify.com/s/files/1/0679/9792/5684/files/J86207.jpg?v=1740609518,cdn.shopify.com,shopify,files/remote/cdn.shopify.com/8005610255941.jpg,0
8005610291673,https://cdn.shopify.com/s/files/1/0679/9792/5684/files/P027221.jpg?v=1740614211,cdn.shopify.com,shopify,files/remote/cdn.shopify.com/8005610291673.jpg,0
8005610344157,https://cdn.shopify.com/s/files/1/0679/9792/5684/files/E011336.jpg?v=1740618868,cdn.shopify.com,shopify,files/remote/cdn.shopify.com/8005610344157.jpg,0
8005610371269,https://cdn.shopify.com/s/files/1/0679/9792/5684/files/L324019.jpg?v=1740634484,cdn.shopify.com,shopify,files/remote/cdn.shopify.com/8005610371269.jpg,0
8005610434087,https://cdn.shopify.com/s/files/1/0679/9792/5684/files/T992729.jpg?v=1740631510,cdn.shopify.com,shopify,files/remote/cdn.shopify.com/8005610434087.jpg,0
8005610434162,https://cdn.shopify.com/s/files/1/0679/9792/5684/files/H669274.jpg?v=1740631529,cdn.shopify.com,shopify,files/remote/cdn.shopify.com/8005610434162.jpg,0
8005610434209,https://cdn.shopify.com/s/files/1/0679/9792/5684/files/J78307.jpg?v=1740631523,cdn.shopify.com,shopify,files/remote/cdn.shopify.com/8005610434209.jpg,0
8005610434247,https://cdn.shopify.com/s/files/1/0679/9792/5684/files/F78377.jpg?v=1740631526,cdn.shopify.com,shopify,files/remote/cdn.shopify.com/8005610434247.jpg,0
8005610481005,https://cdn.shopify.com/s/files/1/0679/9792/5684/files/Z538810.jpg?v=1740612227,cdn.shopify.com,shopify,files/remote/cdn.shopify.com/8005610481005.jpg,0
8005610481043,https://cdn.shopify.com/s/files/1/0679/9792/5684/files/F29025.jpg?v=1740612233,cdn.shopify.com,shopify,files/remote/cdn.shopify.com/8005610481043.jpg,0
8005610481081,https://cdn.shopify.com/s/files/1/0679/9792/5684/products/8005610481081-9.jpg?v=1671902906,cdn.shopify.com,shopify,files/remote/cdn.shopify.com/8005610481081.jpg,0
8005610516073,https://cdn.shopify.com/s/files/1/0679/9792/5684/files/T347726.jpg?v=1740618635,cdn.shopify.com,shopify,files/remote/cdn.shopify.com/8005610516073.jpg,0
8005610516103,https://cdn.shopify.com/s/files/1/0679/9792/5684/files/D875368.jpg?v=1740611508,cdn.shopify.com,shopify,files/remote/cdn.shopify.com/8005610516103.jpg,0
8005610516134,https://cdn.shopify.com/s/files/1/0679/9792/5684/files/J26955.jpg?v=1740611511,cdn.shopify.com,shopify,files/remote/cdn.shopify.com/8005610516134.jpg,0
8005610521572,https://cdn.shopify.com/s/files/1/0679/9792/5684/products/8005610521572-9.jpg?v=1671866929,cdn.shopify.com,shopify,files/remote/cdn.shopify.com/8005610521572.jpg,0
8005610524146,https://cdn.shopify.com/s/files/1/0679/9792/5684/files/G850838.jpg?v=1740612288,cdn.shopify.com,shopify,files/remote/cdn.shopify.com/8005610524146.jpg,0
8005610524177,https://cdn.shopify.com/s/files/1/0679/9792/5684/products/8005610524177-9.jpg?v=1671901986,cdn.shopify.com,shopify,files/remote/cdn.shopify.com/8005610524177.jpg,0
8005610532653,https://images.btswholesaler.com/imgs/productos_cosmetica/imagenes/8005610532653.webp,images.btswholesaler.com,bts_cdn,files/remote/images.btswholesaler.com/8005610532653.webp,0
8005610545158,https://cdn.shopify.com/s/files/1/0679/9792/5684/files/D8566108.jpg?v=1740630545,cdn.shopify.com,shopify,files/remote/cdn.shopify.com/8005610545158.jpg,0
8005610590622,https://cdn.shopify.com/s/files/1/0679/9792/5684/files/R884221.jpg?v=1740611514,cdn.shopify.com,shopify,files/remote/cdn.shopify.com/8005610590622.jpg,0
8005610613840,https://cdn.shopify.com/s/files/1/0679/9792/5684/files/N9959213.jpg?v=1740631533,cdn.shopify.com,shopify,files/remote/cdn.shopify.com/8005610613840.jpg,0
8005610615592,https://cdn.shopify.com/s/files/1/0679/9792/5684/files/Q143009.jpg?v=1740634202,cdn.shopify.com,shopify,files/remote/cdn.shopify.com/8005610615592.jpg,0
8005610615677,https://cdn.shopify.com/s/files/1/0679/9792/5684/files/E491481.jpg?v=1740634199,cdn.shopify.com,shopify,files/remote/cdn.shopify.com/8005610615677.jpg,0
8005610617480,https://cdn.shopify.com/s/files/1/0679/9792/5684/files/Z839815.jpg?v=1740625748,cdn.shopify.com,shopify,files/remote/cdn.shopify.com/8005610617480.jpg,0
8005610619323,https://cdn.shopify.com/s/files/1/0679/9792/5684/files/H350353.jpg?v=1740611571,cdn.shopify.com,shopify,files/remote/cdn.shopify.com/8005610619323.jpg,0
8005610629896,https://cdn.shopify.com/s/files/1/0679/9792/5684/files/P477615.jpg?v=1740632349,cdn.shopify.com,shopify,files/remote/cdn.shopify.com/8005610629896.jpg,0
8005610640082,https://images.btswholesaler.com/imgs/productos_cosmetica/imagenes/8005610640082.webp,images.btswholesaler.com,bts_cdn,files/remote/images.btswholesaler.com/8005610640082.webp,0
8005610668987,https://cdn.shopify.com/s/files/1/0679/9792/5684/files/G974837.jpg?v=1740634677,cdn.shopify.com,shopify,files/remote/cdn.shopify.com/8005610668987.jpg,0
8005610714912,https://cdn.shopify.com/s/files/1/0679/9792/5684/files/I421144.jpg?v=1740612658,cdn.shopify.com,shopify,files/remote/cdn.shopify.com/8005610714912.jpg,0
8007033009071,https://cdn.shopify.com/s/files/1/0679/9792/5684/files/D476851.jpg?v=1740609695,cdn.shopify.com,shopify,files/remote/cdn.shopify.com/8007033009071.jpg,0
8007376005853,https://cdn.shopify.com/s/files/1/0679/9792/5684/files/T624276.jpg?v=1740624967,cdn.shopify.com,shopify,files/remote/cdn.shopify.com/8007376005853.jpg,0
8007376007505,https://cdn.shopify.com/s/files/1/0679/9792/5684/files/V201687.jpg?v=1740626483,cdn.shopify.com,shopify,files/remote/cdn.shopify.com/8007376007505.jpg,0
8007376007703,https://cdn.shopify.com/s/files/1/0679/9792/5684/files/N3068210.jpg?v=1740626479,cdn.shopify.com,shopify,files/remote/cdn.shopify.com/8007376007703.jpg,0
8007376007802,https://cdn.shopify.com/s/files/1/0679/9792/5684/files/D3796107.jpg?v=1740625493,cdn.shopify.com,shopify,files/remote/cdn.shopify.com/8007376007802.jpg,0
8007376007833,https://cdn.shopify.com/s/files/1/0679/9792/5684/files/J530981.jpg?v=1740625234,cdn.shopify.com,shopify,files/remote/cdn.shopify.com/8007376007833.jpg,0
8007376007857,https://cdn.shopify.com/s/files/1/0679/9792/5684/files/P653230.jpg?v=1740625486,cdn.shopify.com,shopify,files/remote/cdn.shopify.com/8007376007857.jpg,0
8007376007918,https://cdn.shopify.com/s/files/1/0679/9792/5684/files/B176460.jpg?v=1740625497,cdn.shopify.com,shopify,files/remote/cdn.shopify.com/8007376007918.jpg,0
8007376007932,https://cdn.shopify.com/s/files/1/0679/9792/5684/files/J538981.jpg?v=1740625501,cdn.shopify.com,shopify,files/remote/cdn.shopify.com/8007376007932.jpg,0
8007376008106,https://cdn.shopify.com/s/files/1/0679/9792/5684/files/D2326107.jpg?v=1740625510,cdn.shopify.com,shopify,files/remote/cdn.shopify.com/8007376008106.jpg,0
8007376008205,https://cdn.shopify.com/s/files/1/0679/9792/5684/files/B306459.jpg?v=1740625237,cdn.shopify.com,shopify,files/remote/cdn.shopify.com/8007376008205.jpg,0
8007376008212,https://cdn.shopify.com/s/files/1/0679/9792/5684/files/L924580.jpg?v=1740626469,cdn.shopify.com,shopify,files/remote/cdn.shopify.com/8007376008212.jpg,0
8007376008243,https://cdn.shopify.com/s/files/1/0679/9792/5684/files/D1696107.jpg?v=1740625226,cdn.shopify.com,shopify,files/remote/cdn.shopify.com/8007376008243.jpg,0
8007376008281,https://cdn.shopify.com/s/files/1/0679/9792/5684/files/L726135.jpg?v=1740625513,cdn.shopify.com,shopify,files/remote/cdn.shopify.com/8007376008281.jpg,0
8007376008328,https://cdn.shopify.com/s/files/1/0679/9792/5684/files/F533951.jpg?v=1740625517,cdn.shopify.com,shopify,files/remote/cdn.shopify.com/8007376008328.jpg,0
8007376008434,https://cdn.shopify.com/s/files/1/0679/9792/5684/files/Z679430.jpg?v=1740625521,cdn.shopify.com,shopify,files/remote/cdn.shopify.com/8007376008434.jpg,0
8007376008465,https://cdn.shopify.com/s/files/1/0679/9792/5684/files/D3726107.jpg?v=1740625525,cdn.shopify.com,shopify,files/remote/cdn.shopify.com/8007376008465.jpg,0
8007376008472,https://cdn.shopify.com/s/files/1/0679/9792/5684/files/S409266.jpg?v=1740625147,cdn.shopify.com,shopify,files/remote/cdn.shopify.com/8007376008472.jpg,0
8007376009004,https://cdn.shopify.com/s/files/1/0679/9792/5684/files/Z779430.jpg?v=1740625506,cdn.shopify.com,shopify,files/remote/cdn.shopify.com/8007376009004.jpg,0
8007376010772,https://cdn.shopify.com/s/files/1/0679/9792/5684/files/B846459.jpg?v=1740624973,cdn.shopify.com,shopify,files/remote/cdn.shopify.com/8007376010772.jpg,0
8007376010789,https://cdn.shopify.com/s/files/1/0679/9792/5684/files/P559230.jpg?v=1740626223,cdn.shopify.com,shopify,files/remote/cdn.shopify.com/8007376010789.jpg,0
8007376010819,https://cdn.shopify.com/s/files/1/0679/9792/5684/files/F528451.jpg?v=1740624947,cdn.shopify.com,shopify,files/remote/cdn.shopify.com/8007376010819.jpg,0
8007376010857,https://cdn.shopify.com/s/files/1/0679/9792/5684/files/V821916.jpg?v=1740624930,cdn.shopify.com,shopify,files/remote/cdn.shopify.com/8007376010857.jpg,0
8007376011045,https://cdn.shopify.com/s/files/1/0679/9792/5684/files/Z569430.jpg?v=1740624961,cdn.shopify.com,shopify,files/remote/cdn.shopify.com/8007376011045.jpg,0
8007376011083,https://cdn.shopify.com/s/files/1/0679/9792/5684/files/T614276.jpg?v=1740624995,cdn.shopify.com,shopify,files/remote/cdn.shopify.com/8007376011083.jpg,0
8007376011106,https://cdn.shopify.com/s/files/1/0679/9792/5684/files/Z561430.jpg?v=1740624951,cdn.shopify.com,shopify,files/remote/cdn.shopify.com/8007376011106.jpg,0
8007376011113,https://cdn.shopify.com/s/files/1/0679/9792/5684/files/T639276.jpg?v=1740625021,cdn.shopify.com,shopify,files/remote/cdn.shopify.com/8007376011113.jpg,0
8007376011151,https://cdn.shopify.com/s/files/1/0679/9792/5684/files/N7925213.jpg?v=1740625042,cdn.shopify.com,shopify,files/remote/cdn.shopify.com/8007376011151.jpg,0
8007376011168,https://cdn.shopify.com/s/files/1/0679/9792/5684/files/J532781.jpg?v=1740625050,cdn.shopify.com,shopify,files/remote/cdn.shopify.com/8007376011168.jpg,0
8007376011205,https://cdn.shopify.com/s/files/1/0679/9792/5684/files/B526458.jpg?v=1740626227,cdn.shopify.com,shopify,files/remote/cdn.shopify.com/8007376011205.jpg,0
8007376011250,https://cdn.shopify.com/s/files/1/0679/9792/5684/files/J528381.jpg?v=1740624918,cdn.shopify.com,shopify,files/remote/cdn.shopify.com/8007376011250.jpg,0
8007376011298,https://cdn.shopify.com/s/files/1/0679/9792/5684/files/N7556213.jpg?v=1740624922,cdn.shopify.com,shopify,files/remote/cdn.shopify.com/8007376011298.jpg,0
8007376011304,https://cdn.shopify.com/s/files/1/0679/9792/5684/files/Z809430.jpg?v=1740625026,cdn.shopify.com,shopify,files/remote/cdn.shopify.com/8007376011304.jpg,0
8007376011311,https://cdn.shopify.com/s/files/1/0679/9792/5684/files/N7934213.jpg?v=1740624978,cdn.shopify.com,shopify,files/remote/cdn.shopify.com/8007376011311.jpg,0
8007376011342,https://cdn.shopify.com/s/files/1/0679/9792/5684/files/P569230.jpg?v=1740624956,cdn.shopify.com,shopify,files/remote/cdn.shopify.com/8007376011342.jpg,0
8007376011366,https://cdn.shopify.com/s/files/1/0679/9792/5684/files/V061917.jpg?v=1740624943,cdn.shopify.com,shopify,files/remote/cdn.shopify.com/8007376011366.jpg,0
8007376011403,https://cdn.shopify.com/s/files/1/0679/9792/5684/files/N7520213.jpg?v=1740624914,cdn.shopify.com,shopify,files/remote/cdn.shopify.com/8007376011403.jpg,0
8007376011458,https://cdn.shopify.com/s/files/1/0679/9792/5684/files/Z649430.jpg?v=1740624990,cdn.shopify.com,shopify,files/remote/cdn.shopify.com/8007376011458.jpg,0
8007376011489,https://cdn.shopify.com/s/files/1/0679/9792/5684/files/B336462.jpg?v=1740625003,cdn.shopify.com,shopify,files/remote/cdn.shopify.com/8007376011489.jpg,0
8007376011540,https://cdn.shopify.com/s/files/1/0679/9792/5684/files/D7296107.jpg?v=1740635312,cdn.shopify.com,shopify,files/remote/cdn.shopify.com/8007376011540.jpg,0
8007376011564,https://cdn.shopify.com/s/files/1/0679/9792/5684/files/D2956107.jpg?v=1740625017,cdn.shopify.com,shopify,files/remote/cdn.shopify.com/8007376011564.jpg,0
8007376011649,https://cdn.shopify.com/s/files/1/0679/9792/5684/files/F532551.jpg?v=1740625030,cdn.shopify.com,shopify,files/remote/cdn.shopify.com/8007376011649.jpg,0
8007376011663,https://cdn.shopify.com/s/files/1/0679/9792/5684/files/D9876106.jpg?v=1740624926,cdn.shopify.com,shopify,files/remote/cdn.shopify.com/8007376011663.jpg,0
8007376011724,https://cdn.shopify.com/s/files/1/0679/9792/5684/files/L126112.jpg?v=1740624938,cdn.shopify.com,shopify,files/remote/cdn.shopify.com/8007376011724.jpg,0
8007376011762,https://cdn.shopify.com/s/files/1/0679/9792/5684/files/J532481.jpg?v=1740624984,cdn.shopify.com,shopify,files/remote/cdn.shopify.com/8007376011762.jpg,0
8007376012080,https://cdn.shopify.com/s/files/1/0679/9792/5684/files/D8346107.jpg?v=1740625038,cdn.shopify.com,shopify,files/remote/cdn.shopify.com/8007376012080.jpg,0
8007376012158,https://cdn.shopify.com/s/files/1/0679/9792/5684/files/L726113.jpg?v=1740624934,cdn.shopify.com,shopify,files/remote/cdn.shopify.com/8007376012158.jpg,0
8007376017191,https://cdn.shopify.com/s/files/1/0679/9792/5684/files/V461919.jpg?v=1740625008,cdn.shopify.com,shopify,files/remote/cdn.shopify.com/8007376017191.jpg,0
8007376019317,https://cdn.shopify.com/s/files/1/0679/9792/5684/files/P655230.jpg?v=1740625046,cdn.shopify.com,shopify,files/remote/cdn.shopify.com/8007376019317.jpg,0
8007376046955,https://images.btswholesaler.com/imgs/productos_cosmetica/imagenes/8007376046955_1.webp,images.btswholesaler.com,bts_cdn,files/remote/images.btswholesaler.com/8007376046955.webp,0
8007376046962,https://images.btswholesaler.com/imgs/productos_cosmetica/imagenes/8007376046962.webp,images.btswholesaler.com,bts_cdn,files/remote/images.btswholesaler.com/8007376046962.webp,0
8007376046986,https://images.btswholesaler.com/imgs/productos_cosmetica/imagenes/8007376046986.webp,images.btswholesaler.com,bts_cdn,files/remote/images.btswholesaler.com/8007376046986.webp,0
8007376047013,https://cdn.shopify.com/s/files/1/0679/9792/5684/files/B676392.jpg?v=1740625203,cdn.shopify.com,shopify,files/remote/cdn.shopify.com/8007376047013.jpg,0
8007376047020,https://images.btswholesaler.com/imgs/productos_cosmetica/imagenes/8007376047020_1.webp,images.btswholesaler.com,bts_cdn,files/remote/images.btswholesaler.com/8007376047020.webp,0
8007376047075,https://cdn.shopify.com/s/files/1/0679/9792/5684/files/D2466107.jpg?v=1740625190,cdn.shopify.com,shopify,files/remote/cdn.shopify.com/8007376047075.jpg,0
8007376047082,https://images.btswholesaler.com/imgs/productos_cosmetica/imagenes/8007376047082.webp,images.btswholesaler.com,bts_cdn,files/remote/images.btswholesaler.com/8007376047082.webp,0
8007376047105,https://images.btswholesaler.com/imgs/productos_cosmetica/imagenes/8007376047105.webp,images.btswholesaler.com,bts_cdn,files/remote/images.btswholesaler.com/8007376047105.webp,0
8007376047181,https://cdn.shopify.com/s/files/1/0679/9792/5684/files/L924858.jpg?v=1740625211,cdn.shopify.com,shopify,files/remote/cdn.shopify.com/8007376047181.jpg,0
8007376047198,https://cdn.shopify.com/s/files/1/0679/9792/5684/files/J214981.jpg?v=1740625215,cdn.shopify.com,shopify,files/remote/cdn.shopify.com/8007376047198.jpg,0
8007376047204,https://cdn.shopify.com/s/files/1/0679/9792/5684/files/V361785.jpg?v=1740625207,cdn.shopify.com,shopify,files/remote/cdn.shopify.com/8007376047204.jpg,0
8007376047228,https://images.btswholesaler.com/imgs/productos_cosmetica/imagenes/8007376047228_1.webp,images.btswholesaler.com,bts_cdn,files/remote/images.btswholesaler.com/8007376047228.webp,0
8007376047235,https://cdn.shopify.com/s/files/1/0679/9792/5684/files/L525100.jpg?v=1740625222,cdn.shopify.com,shopify,files/remote/cdn.shopify.com/8007376047235.jpg,0
8007376050532,https://cdn.shopify.com/s/files/1/0679/9792/5684/files/V501918.jpg?v=1740625245,cdn.shopify.com,shopify,files/remote/cdn.shopify.com/8007376050532.jpg,0
8007376050549,https://cdn.shopify.com/s/files/1/0679/9792/5684/files/L926126.jpg?v=1740626487,cdn.shopify.com,shopify,files/remote/cdn.shopify.com/8007376050549.jpg,0
8007376050556,https://cdn.shopify.com/s/files/1/0679/9792/5684/files/T544276.jpg?v=1740625253,cdn.shopify.com,shopify,files/remote/cdn.shopify.com/8007376050556.jpg,0
8007376050563,https://cdn.shopify.com/s/files/1/0679/9792/5684/files/D1626107.jpg?v=1740625256,cdn.shopify.com,shopify,files/remote/cdn.shopify.com/8007376050563.jpg,0
8007376050570,https://cdn.shopify.com/s/files/1/0679/9792/5684/files/N8654213.jpg?v=1740625533,cdn.shopify.com,shopify,files/remote/cdn.shopify.com/8007376050570.jpg,0
8007376050600,https://cdn.shopify.com/s/files/1/0679/9792/5684/files/L726123.jpg?v=1740625249,cdn.shopify.com,shopify,files/remote/cdn.shopify.com/8007376050600.jpg,0
8007376050617,https://cdn.shopify.com/s/files/1/0679/9792/5684/files/F530851.jpg?v=1740625241,cdn.shopify.com,shopify,files/remote/cdn.shopify.com/8007376050617.jpg,0
8007376053380,https://cdn.shopify.com/s/files/1/0679/9792/5684/files/V561918.jpg?v=1740625260,cdn.shopify.com,shopify,files/remote/cdn.shopify.com/8007376053380.jpg,0
8007376054714,https://cdn.shopify.com/s/files/1/0679/9792/5684/files/B276459.jpg?v=1740625268,cdn.shopify.com,shopify,files/remote/cdn.shopify.com/8007376054714.jpg,0
8007376054721,https://cdn.shopify.com/s/files/1/0679/9792/5684/files/B576459.jpg?v=1740626491,cdn.shopify.com,shopify,files/remote/cdn.shopify.com/8007376054721.jpg,0
8007376055094,https://cdn.shopify.com/s/files/1/0679/9792/5684/files/T599276.jpg?v=1740625489,cdn.shopify.com,shopify,files/remote/cdn.shopify.com/8007376055094.jpg,0
8008230003350,https://cdn.shopify.com/s/files/1/0679/9792/5684/files/L926088.jpg?v=1740637467,cdn.shopify.com,shopify,files/remote/cdn.shopify.com/8008230003350.jpg,0
8008230003398,https://cdn.shopify.com/s/files/1/0679/9792/5684/files/F522251.jpg?v=1740637478,cdn.shopify.com,shopify,files/remote/cdn.shopify.com/8008230003398.jpg,0
8008277760551,https://images.btswholesaler.com/imgs/productos_cosmetica/imagenes/8008277760551.webp,images.btswholesaler.com,bts_cdn,files/remote/images.btswholesaler.com/8008277760551.webp,0
800897004071,https://cdn.shopify.com/s/files/1/0679/9792/5684/files/N1156214.jpg?v=1740632367,cdn.shopify.com,shopify,files/remote/cdn.shopify.com/800897004071.jpg,0
800897098032,https://cdn.shopify.com/s/files/1/0679/9792/5684/files/Z265431.jpg?v=1740629987,cdn.shopify.com,shopify,files/remote/cdn.shopify.com/800897098032.jpg,0
800897100032,https://cdn.shopify.com/s/files/1/0679/9792/5684/files/P265225.jpg?v=1740634255,cdn.shopify.com,shopify,files/remote/cdn.shopify.com/800897100032.jpg,0
800897100063,https://cdn.shopify.com/s/files/1/0679/9792/5684/files/B306456.jpg?v=1740634240,cdn.shopify.com,shopify,files/remote/cdn.shopify.com/800897100063.jpg,0
800897129781,https://cdn.shopify.com/s/files/1/0679/9792/5684/files/P097222.jpg?v=1740629726,cdn.shopify.com,shopify,files/remote/cdn.shopify.com/800897129781.jpg,0
800897129842,https://cdn.shopify.com/s/files/1/0679/9792/5684/files/N441299.jpg?v=1740629719,cdn.shopify.com,shopify,files/remote/cdn.shopify.com/800897129842.jpg,0
800897129859,https://cdn.shopify.com/s/files/1/0679/9792/5684/files/D966886.jpg?v=1740629722,cdn.shopify.com,shopify,files/remote/cdn.shopify.com/800897129859.jpg,0
800897129934,https://cdn.shopify.com/s/files/1/0679/9792/5684/files/T249255.jpg?v=1740629347,cdn.shopify.com,shopify,files/remote/cdn.shopify.com/800897129934.jpg,0
800897129965,https://cdn.shopify.com/s/files/1/0679/9792/5684/files/F146951.jpg?v=1740627876,cdn.shopify.com,shopify,files/remote/cdn.shopify.com/800897129965.jpg,0
800897131050,https://cdn.shopify.com/s/files/1/0679/9792/5684/files/D756942.jpg?v=1740632377,cdn.shopify.com,shopify,files/remote/cdn.shopify.com/800897131050.jpg,0
800897131227,https://cdn.shopify.com/s/files/1/0679/9792/5684/files/F346951.jpg?v=1740632374,cdn.shopify.com,shopify,files/remote/cdn.shopify.com/800897131227.jpg,0
800897157180,https://cdn.shopify.com/s/files/1/0679/9792/5684/files/M962651.jpg?v=1740630672,cdn.shopify.com,shopify,files/remote/cdn.shopify.com/800897157180.jpg,0
800897170462,https://cdn.shopify.com/s/files/1/0679/9792/5684/files/D756970.jpg?v=1740630915,cdn.shopify.com,shopify,files/remote/cdn.shopify.com/800897170462.jpg,0
800897207298,https://cdn.shopify.com/s/files/1/0679/9792/5684/files/P209229.jpg?v=1740631572,cdn.shopify.com,shopify,files/remote/cdn.shopify.com/800897207298.jpg,0
800897233808,https://cdn.shopify.com/s/files/1/0679/9792/5684/files/V621912.jpg?v=1740629343,cdn.shopify.com,shopify,files/remote/cdn.shopify.com/800897233808.jpg,0
800897233914,https://cdn.shopify.com/s/files/1/0679/9792/5684/files/N7620212.jpg?v=1740631552,cdn.shopify.com,shopify,files/remote/cdn.shopify.com/800897233914.jpg,0
800897233938,https://cdn.shopify.com/s/files/1/0679/9792/5684/files/B426456.jpg?v=1740631559,cdn.shopify.com,shopify,files/remote/cdn.shopify.com/800897233938.jpg,0
800897234003,https://cdn.shopify.com/s/files/1/0679/9792/5684/files/V821850.jpg?v=1740631549,cdn.shopify.com,shopify,files/remote/cdn.shopify.com/800897234003.jpg,0
800897234027,https://cdn.shopify.com/s/files/1/0679/9792/5684/files/N6926213.jpg?v=1740631555,cdn.shopify.com,shopify,files/remote/cdn.shopify.com/800897234027.jpg,0
800897234300,https://cdn.shopify.com/s/files/1/0679/9792/5684/files/N7115213.jpg?v=1740630658,cdn.shopify.com,shopify,files/remote/cdn.shopify.com/800897234300.jpg,0
800897234324,https://cdn.shopify.com/s/files/1/0679/9792/5684/files/N7889213.jpg?v=1740630642,cdn.shopify.com,shopify,files/remote/cdn.shopify.com/800897234324.jpg,0
800897234331,https://cdn.shopify.com/s/files/1/0679/9792/5684/files/T354267.jpg?v=1740630650,cdn.shopify.com,shopify,files/remote/cdn.shopify.com/800897234331.jpg,0
800897234386,https://cdn.shopify.com/s/files/1/0679/9792/5684/files/J567681.jpg?v=1740630654,cdn.shopify.com,shopify,files/remote/cdn.shopify.com/800897234386.jpg,0
800897234454,https://cdn.shopify.com/s/files/1/0679/9792/5684/files/B636459.jpg?v=1740630646,cdn.shopify.com,shopify,files/remote/cdn.shopify.com/800897234454.jpg,0
800897234553,https://cdn.shopify.com/s/files/1/0679/9792/5684/files/J541781.jpg?v=1740629351,cdn.shopify.com,shopify,files/remote/cdn.shopify.com/800897234553.jpg,0
800897243531,https://cdn.shopify.com/s/files/1/0679/9792/5684/files/L525850.jpg?v=1740634226,cdn.shopify.com,shopify,files/remote/cdn.shopify.com/800897243531.jpg,0
800897243562,https://cdn.shopify.com/s/files/1/0679/9792/5684/files/F521751.jpg?v=1740634222,cdn.shopify.com,shopify,files/remote/cdn.shopify.com/800897243562.jpg,0
800897245030,https://cdn.shopify.com/s/files/1/0679/9792/5684/files/B286455.jpg?v=1740629990,cdn.shopify.com,shopify,files/remote/cdn.shopify.com/800897245030.jpg,0
800897246471,https://cdn.shopify.com/s/files/1/0679/9792/5684/files/L126084.jpg?v=1740631211,cdn.shopify.com,shopify,files/remote/cdn.shopify.com/800897246471.jpg,0
800897246501,https://cdn.shopify.com/s/files/1/0679/9792/5684/files/W532760.jpg?v=1740631221,cdn.shopify.com,shopify,files/remote/cdn.shopify.com/800897246501.jpg,0
800897249267,https://cdn.shopify.com/s/files/1/0679/9792/5684/files/B726456.jpg?v=1740629772,cdn.shopify.com,shopify,files/remote/cdn.shopify.com/800897249267.jpg,0
800897249281,https://cdn.shopify.com/s/files/1/0679/9792/5684/files/F529051.jpg?v=1740629804,cdn.shopify.com,shopify,files/remote/cdn.shopify.com/800897249281.jpg,0
800897249311,https://cdn.shopify.com/s/files/1/0679/9792/5684/files/F522451.jpg?v=1740629780,cdn.shopify.com,shopify,files/remote/cdn.shopify.com/800897249311.jpg,0
800897249342,https://cdn.shopify.com/s/files/1/0679/9792/5684/files/B456450.jpg?v=1740629790,cdn.shopify.com,shopify,files/remote/cdn.shopify.com/800897249342.jpg,0
800897249366,https://cdn.shopify.com/s/files/1/0679/9792/5684/files/L126006.jpg?v=1740629758,cdn.shopify.com,shopify,files/remote/cdn.shopify.com/800897249366.jpg,0
800897249373,https://cdn.shopify.com/s/files/1/0679/9792/5684/files/V921900.jpg?v=1740629800,cdn.shopify.com,shopify,files/remote/cdn.shopify.com/800897249373.jpg,0
800897249410,https://cdn.shopify.com/s/files/1/0679/9792/5684/files/P031230.jpg?v=1740629793,cdn.shopify.com,shopify,files/remote/cdn.shopify.com/800897249410.jpg,0
800897249427,https://cdn.shopify.com/s/files/1/0679/9792/5684/files/J501581.jpg?v=1740629765,cdn.shopify.com,shopify,files/remote/cdn.shopify.com/800897249427.jpg,0
800897249540,https://cdn.shopify.com/s/files/1/0679/9792/5684/files/D5186106.jpg?v=1740631778,cdn.shopify.com,shopify,files/remote/cdn.shopify.com/800897249540.jpg,0
800897249557,https://cdn.shopify.com/s/files/1/0679/9792/5684/files/L726085.jpg?v=1740631786,cdn.shopify.com,shopify,files/remote/cdn.shopify.com/800897249557.jpg,0
800897249588,https://cdn.shopify.com/s/files/1/0679/9792/5684/files/V861912.jpg?v=1740631775,cdn.shopify.com,shopify,files/remote/cdn.shopify.com/800897249588.jpg,0
800897250027,https://cdn.shopify.com/s/files/1/0679/9792/5684/files/J492981.jpg?v=1740630908,cdn.shopify.com,shopify,files/remote/cdn.shopify.com/800897250027.jpg,0
800897250065,https://cdn.shopify.com/s/files/1/0679/9792/5684/files/N6602213.jpg?v=1740631762,cdn.shopify.com,shopify,files/remote/cdn.shopify.com/800897250065.jpg,0
800897250232,https://cdn.shopify.com/s/files/1/0679/9792/5684/files/B936447.jpg?v=1740631562,cdn.shopify.com,shopify,files/remote/cdn.shopify.com/800897250232.jpg,0
800897250324,https://cdn.shopify.com/s/files/1/0679/9792/5684/files/J493181.jpg?v=1740631566,cdn.shopify.com,shopify,files/remote/cdn.shopify.com/800897250324.jpg,0
800897250430,https://cdn.shopify.com/s/files/1/0679/9792/5684/files/D5236104.jpg?v=1740631569,cdn.shopify.com,shopify,files/remote/cdn.shopify.com/800897250430.jpg,0
80100004474,https://cdn.shopify.com/s/files/1/0679/9792/5684/files/C681610.jpg?v=1740632421,cdn.shopify.com,shopify,files/remote/cdn.shopify.com/80100004474.jpg,0
80100004641,https://cdn.shopify.com/s/files/1/0679/9792/5684/files/P86271.jpg?v=1740632417,cdn.shopify.com,shopify,files/remote/cdn.shopify.com/80100004641.jpg,0
8011003033201,https://cdn.shopify.com/s/files/1/0679/9792/5684/files/P919228.jpg?v=1740634873,cdn.shopify.com,shopify,files/remote/cdn.shopify.com/8011003033201.jpg,0
8011003064083,https://cdn.shopify.com/s/files/1/0679/9792/5684/files/L27537.jpg?v=1740620676,cdn.shopify.com,shopify,files/remote/cdn.shopify.com/8011003064083.jpg,0
8011003064106,https://cdn.shopify.com/s/files/1/0679/9792/5684/files/P2261.jpg?v=1740620673,cdn.shopify.com,shopify,files/remote/cdn.shopify.com/8011003064106.jpg,0
8011003100033,https://cdn.shopify.com/s/files/1/0679/9792/5684/files/O8834.jpg?v=1740614593,cdn.shopify.com,shopify,files/remote/cdn.shopify.com/8011003100033.jpg,0
8011003487899,https://cdn.shopify.com/s/files/1/0679/9792/5684/files/G304838.jpg?v=1740633175,cdn.shopify.com,shopify,files/remote/cdn.shopify.com/8011003487899.jpg,0
8011003487905,https://cdn.shopify.com/s/files/1/0679/9792/5684/files/Q143192.jpg?v=1740633178,cdn.shopify.com,shopify,files/remote/cdn.shopify.com/8011003487905.jpg,0
8011003612802,https://cdn.shopify.com/s/files/1/0679/9792/5684/files/T16246.jpg?v=1740614522,cdn.shopify.com,shopify,files/remote/cdn.shopify.com/8011003612802.jpg,0
8011003801619,https://cdn.shopify.com/s/files/1/0679/9792/5684/files/E435235.jpg?v=1740622146,cdn.shopify.com,shopify,files/remote/cdn.shopify.com/8011003801619.jpg,0
8011003804474,https://cdn.shopify.com/s/files/1/0679/9792/5684/products/8011003870738-9.jpg?v=1671878127,cdn.shopify.com,shopify,files/remote/cdn.shopify.com/8011003804474.jpg,0
8011003804610,https://cdn.shopify.com/s/files/1/0679/9792/5684/files/K64695.jpg?v=1740634997,cdn.shopify.com,shopify,files/remote/cdn.shopify.com/8011003804610.jpg,0
8011003807864,https://cdn.shopify.com/s/files/1/0679/9792/5684/files/N298217.jpg?v=1740614583,cdn.shopify.com,shopify,files/remote/cdn.shopify.com/8011003807864.jpg,0
8011003807871,https://cdn.shopify.com/s/files/1/0679/9792/5684/files/Z79430.jpg?v=1740614580,cdn.shopify.com,shopify,files/remote/cdn.shopify.com/8011003807871.jpg,0
8011003809318,https://cdn.shopify.com/s/files/1/0679/9792/5684/files/F41203.jpg?v=1740622072,cdn.shopify.com,shopify,files/remote/cdn.shopify.com/8011003809318.jpg,0
8011003809417,https://cdn.shopify.com/s/files/1/0679/9792/5684/files/J83081.jpg?v=1740616677,cdn.shopify.com,shopify,files/remote/cdn.shopify.com/8011003809417.jpg,0
8011003811274,https://cdn.shopify.com/s/files/1/0679/9792/5684/files/M721412.jpg?v=1740622120,cdn.shopify.com,shopify,files/remote/cdn.shopify.com/8011003811274.jpg,0
8011003816743,https://cdn.shopify.com/s/files/1/0679/9792/5684/products/8011003816743-9.jpg?v=1671881303,cdn.shopify.com,shopify,files/remote/cdn.shopify.com/8011003816743.jpg,0
8011003817498,https://cdn.shopify.com/s/files/1/0679/9792/5684/files/L27701.jpg?v=1740616481,cdn.shopify.com,shopify,files/remote/cdn.shopify.com/8011003817498.jpg,0
8011003817719,https://cdn.shopify.com/s/files/1/0679/9792/5684/files/U41846.jpg?v=1740634973,cdn.shopify.com,shopify,files/remote/cdn.shopify.com/8011003817719.jpg,0
8011003820467,https://cdn.shopify.com/s/files/1/0679/9792/5684/files/U23848.jpg?v=1740622076,cdn.shopify.com,shopify,files/remote/cdn.shopify.com/8011003820467.jpg,0
8011003822195,https://cdn.shopify.com/s/files/1/0679/9792/5684/files/V951213.jpg?v=1740616473,cdn.shopify.com,shopify,files/remote/cdn.shopify.com/8011003822195.jpg,0
8011003822775,https://cdn.shopify.com/s/files/1/0679/9792/5684/files/Q291106.jpg?v=1740622081,cdn.shopify.com,shopify,files/remote/cdn.shopify.com/8011003822775.jpg,0
8011003823079,https://cdn.shopify.com/s/files/1/0679/9792/5684/products/8011003823079-9.jpg?v=1671882092,cdn.shopify.com,shopify,files/remote/cdn.shopify.com/8011003823079.jpg,0
8011003823093,https://cdn.shopify.com/s/files/1/0679/9792/5684/products/8011003823093-9.jpg?v=1671882109,cdn.shopify.com,shopify,files/remote/cdn.shopify.com/8011003823093.jpg,0
8011003826490,https://images.btswholesaler.com/imgs/productos_cosmetica/imagenes/8011003826490.webp,images.btswholesaler.com,bts_cdn,files/remote/images.btswholesaler.com/8011003826490.webp,0
8011003826506,https://images.btswholesaler.com/imgs/productos_cosmetica/imagenes/8011003826506.webp,images.btswholesaler.com,bts_cdn,files/remote/images.btswholesaler.com/8011003826506.webp,0
8011003826537,https://cdn.shopify.com/s/files/1/0679/9792/5684/products/8011003826537-9.jpg?v=1671901665,cdn.shopify.com,shopify,files/remote/cdn.shopify.com/8011003826537.jpg,0
8011003826810,https://images.btswholesaler.com/imgs/productos_cosmetica/imagenes/8011003826810_1.webp,images.btswholesaler.com,bts_cdn,files/remote/images.btswholesaler.com/8011003826810.webp,0
8011003826827,https://images.btswholesaler.com/imgs/productos_cosmetica/imagenes/8011003826827.webp,images.btswholesaler.com,bts_cdn,files/remote/images.btswholesaler.com/8011003826827.webp,0
8011003827336,https://cdn.shopify.com/s/files/1/0679/9792/5684/files/L521509.jpg?v=1740616554,cdn.shopify.com,shopify,files/remote/cdn.shopify.com/8011003827336.jpg,0
8011003827343,https://cdn.shopify.com/s/files/1/0679/9792/5684/products/8011003827343-9.jpg?v=1671887764,cdn.shopify.com,shopify,files/remote/cdn.shopify.com/8011003827343.jpg,0
8011003827886,https://cdn.shopify.com/s/files/1/0679/9792/5684/files/B841110.jpg?v=1740614543,cdn.shopify.com,shopify,files/remote/cdn.shopify.com/8011003827886.jpg,0
8011003829224,https://cdn.shopify.com/s/files/1/0679/9792/5684/files/P403229.jpg?v=1740616565,cdn.shopify.com,shopify,files/remote/cdn.shopify.com/8011003829224.jpg,0
8011003831982,https://cdn.shopify.com/s/files/1/0679/9792/5684/files/Z943421.jpg?v=1740614394,cdn.shopify.com,shopify,files/remote/cdn.shopify.com/8011003831982.jpg,0
8011003831999,https://cdn.shopify.com/s/files/1/0679/9792/5684/files/X187445.jpg?v=1740614391,cdn.shopify.com,shopify,files/remote/cdn.shopify.com/8011003831999.jpg,0
8011003832804,https://images.btswholesaler.com/imgs/productos_cosmetica/imagenes/8011003832804_1.webp,images.btswholesaler.com,bts_cdn,files/remote/images.btswholesaler.com/8011003832804.webp,0
8011003832811,https://cdn.shopify.com/s/files/1/0679/9792/5684/files/F52125.jpg?v=1740614398,cdn.shopify.com,shopify,files/remote/cdn.shopify.com/8011003832811.jpg,0
8011003838387,https://cdn.shopify.com/s/files/1/0679/9792/5684/files/K285183.jpg?v=1740614587,cdn.shopify.com,shopify,files/remote/cdn.shopify.com/8011003838387.jpg,0
8011003838394,https://cdn.shopify.com/s/files/1/0679/9792/5684/files/U219212.jpg?v=1740614590,cdn.shopify.com,shopify,files/remote/cdn.shopify.com/8011003838394.jpg,0
8011003838523,https://cdn.shopify.com/s/files/1/0679/9792/5684/files/P555224.jpg?v=1740634757,cdn.shopify.com,shopify,files/remote/cdn.shopify.com/8011003838523.jpg,0
8011003839261,https://images.btswholesaler.com/imgs/productos_cosmetica/imagenes/8011003839261_1.webp,images.btswholesaler.com,bts_cdn,files/remote/images.btswholesaler.com/8011003839261.webp,0
8011003840533,https://cdn.shopify.com/s/files/1/0679/9792/5684/files/N5198213.jpg?v=1740632701,cdn.shopify.com,shopify,files/remote/cdn.shopify.com/8011003840533.jpg,0
8011003843855,https://cdn.shopify.com/s/files/1/0679/9792/5684/files/E931536.jpg?v=1740622139,cdn.shopify.com,shopify,files/remote/cdn.shopify.com/8011003843855.jpg,0
8011003843862,https://cdn.shopify.com/s/files/1/0679/9792/5684/files/O88286.jpg?v=1740622135,cdn.shopify.com,shopify,files/remote/cdn.shopify.com/8011003843862.jpg,0
8011003845330,https://cdn.shopify.com/s/files/1/0679/9792/5684/files/A268237.jpg?v=1740622055,cdn.shopify.com,shopify,files/remote/cdn.shopify.com/8011003845330.jpg,0
8011003845347,https://cdn.shopify.com/s/files/1/0679/9792/5684/files/L402817.jpg?v=1740622060,cdn.shopify.com,shopify,files/remote/cdn.shopify.com/8011003845347.jpg,0
8011003845569,https://cdn.shopify.com/s/files/1/0679/9792/5684/files/F59777.jpg?v=1740610882,cdn.shopify.com,shopify,files/remote/cdn.shopify.com/8011003845569.jpg,0
8011003850686,https://cdn.shopify.com/s/files/1/0679/9792/5684/products/8011003859979-9.jpg?v=1671865566,cdn.shopify.com,shopify,files/remote/cdn.shopify.com/8011003850686.jpg,0
8011003850853,https://cdn.shopify.com/s/files/1/0679/9792/5684/products/8011003860395-9.jpg?v=1671864127,cdn.shopify.com,shopify,files/remote/cdn.shopify.com/8011003850853.jpg,0
8011003852741,https://cdn.shopify.com/s/files/1/0679/9792/5684/files/N915887.jpg?v=1740618479,cdn.shopify.com,shopify,files/remote/cdn.shopify.com/8011003852741.jpg,0
8011003858149,https://images.btswholesaler.com/imgs/productos_cosmetica/imagenes/8011003858149.webp,images.btswholesaler.com,bts_cdn,files/remote/images.btswholesaler.com/8011003858149.webp,0
8011003860432,https://cdn.shopify.com/s/files/1/0679/9792/5684/products/8011003860432-9.jpg?v=1671867374,cdn.shopify.com,shopify,files/remote/cdn.shopify.com/8011003860432.jpg,0
8011003860548,https://cdn.shopify.com/s/files/1/0679/9792/5684/files/B927297.jpg?v=1740610886,cdn.shopify.com,shopify,files/remote/cdn.shopify.com/8011003860548.jpg,0
8011003860623,https://cdn.shopify.com/s/files/1/0679/9792/5684/files/H959575.jpg?v=1740610903,cdn.shopify.com,shopify,files/remote/cdn.shopify.com/8011003860623.jpg,0
8011003861910,https://cdn.shopify.com/s/files/1/0679/9792/5684/products/8011003861910-9.jpg?v=1671884968,cdn.shopify.com,shopify,files/remote/cdn.shopify.com/8011003861910.jpg,0
8011003862092,https://cdn.shopify.com/s/files/1/0679/9792/5684/files/V641736.jpg?v=1740626538,cdn.shopify.com,shopify,files/remote/cdn.shopify.com/8011003862092.jpg,0
8011003862238,https://cdn.shopify.com/s/files/1/0679/9792/5684/files/P167224.jpg?v=1740616665,cdn.shopify.com,shopify,files/remote/cdn.shopify.com/8011003862238.jpg,0
8011003862283,https://cdn.shopify.com/s/files/1/0679/9792/5684/files/P077221.jpg?v=1740616585,cdn.shopify.com,shopify,files/remote/cdn.shopify.com/8011003862283.jpg,0
8011003862290,https://cdn.shopify.com/s/files/1/0679/9792/5684/files/V301632.jpg?v=1740616558,cdn.shopify.com,shopify,files/remote/cdn.shopify.com/8011003862290.jpg,0
8011003862368,https://cdn.shopify.com/s/files/1/0679/9792/5684/files/V041613.jpg?v=1740622110,cdn.shopify.com,shopify,files/remote/cdn.shopify.com/8011003862368.jpg,0
8011003862740,https://cdn.shopify.com/s/files/1/0679/9792/5684/files/T834255.jpg?v=1740610896,cdn.shopify.com,shopify,files/remote/cdn.shopify.com/8011003862740.jpg,0
8011003864102,https://cdn.shopify.com/s/files/1/0679/9792/5684/files/T959250.jpg?v=1740636481,cdn.shopify.com,shopify,files/remote/cdn.shopify.com/8011003864102.jpg,0
8011003866571,https://images.btswholesaler.com/imgs/productos_cosmetica/imagenes/8011003866571.webp,images.btswholesaler.com,bts_cdn,files/remote/images.btswholesaler.com/8011003866571.webp,0
8011003869541,https://cdn.shopify.com/s/files/1/0679/9792/5684/files/F545151.jpg?v=1740623964,cdn.shopify.com,shopify,files/remote/cdn.shopify.com/8011003869541.jpg,0
8011003870158,https://cdn.shopify.com/s/files/1/0679/9792/5684/files/V281643.jpg?v=1740616625,cdn.shopify.com,shopify,files/remote/cdn.shopify.com/8011003870158.jpg,0
8011003870196,https://cdn.shopify.com/s/files/1/0679/9792/5684/files/J116681.jpg?v=1740622107,cdn.shopify.com,shopify,files/remote/cdn.shopify.com/8011003870196.jpg,0
8011003871216,https://images.btswholesaler.com/imgs/productos_cosmetica/imagenes/8011003893232.webp,images.btswholesaler.com,bts_cdn,files/remote/images.btswholesaler.com/8011003871216.webp,0
8011003871278,https://images.btswholesaler.com/imgs/productos_cosmetica/imagenes/8011003885008.webp,images.btswholesaler.com,bts_cdn,files/remote/images.btswholesaler.com/8011003871278.webp,0
8011003873357,https://cdn.shopify.com/s/files/1/0679/9792/5684/files/D686872.jpg?v=1740616498,cdn.shopify.com,shopify,files/remote/cdn.shopify.com/8011003873357.jpg,0
8011003876297,https://cdn.shopify.com/s/files/1/0679/9792/5684/files/T239265.jpg?v=1740636690,cdn.shopify.com,shopify,files/remote/cdn.shopify.com/8011003876297.jpg,0
8011003878598,https://cdn.shopify.com/s/files/1/0679/9792/5684/files/D1816105.jpg?v=1740623956,cdn.shopify.com,shopify,files/remote/cdn.shopify.com/8011003878598.jpg,0
8011003878604,https://cdn.shopify.com/s/files/1/0679/9792/5684/files/N5234213.jpg?v=1740623960,cdn.shopify.com,shopify,files/remote/cdn.shopify.com/8011003878604.jpg,0
8011003878611,https://images.btswholesaler.com/imgs/productos_cosmetica/imagenes/8011003878611.webp,images.btswholesaler.com,bts_cdn,files/remote/images.btswholesaler.com/8011003878611.webp,0
8011003879243,https://cdn.shopify.com/s/files/1/0679/9792/5684/files/B006423.jpg?v=1740616609,cdn.shopify.com,shopify,files/remote/cdn.shopify.com/8011003879243.jpg,0
8011003879489,https://cdn.shopify.com/s/files/1/0679/9792/5684/files/N6171212.jpg?v=1740616604,cdn.shopify.com,shopify,files/remote/cdn.shopify.com/8011003879489.jpg,0
8011003887316,https://cdn.shopify.com/s/files/1/0679/9792/5684/files/L326157.jpg?v=1740632698,cdn.shopify.com,shopify,files/remote/cdn.shopify.com/8011003887316.jpg,0
8011003887378,https://cdn.shopify.com/s/files/1/0679/9792/5684/files/V361929.jpg?v=1740634219,cdn.shopify.com,shopify,files/remote/cdn.shopify.com/8011003887378.jpg,0
8011003887385,https://cdn.shopify.com/s/files/1/0679/9792/5684/files/Z977430.jpg?v=1740634215,cdn.shopify.com,shopify,files/remote/cdn.shopify.com/8011003887385.jpg,0
8011003890798,https://images.btswholesaler.com/imgs/productos_cosmetica/imagenes/8011003890798_1.webp,images.btswholesaler.com,bts_cdn,files/remote/images.btswholesaler.com/8011003890798.webp,0
8011003890804,https://images.btswholesaler.com/imgs/productos_cosmetica/imagenes/8011003890804_1.webp,images.btswholesaler.com,bts_cdn,files/remote/images.btswholesaler.com/8011003890804.webp,0
8011003890972,https://images.btswholesaler.com/imgs/productos_cosmetica/imagenes/8011003890972.webp,images.btswholesaler.com,bts_cdn,files/remote/images.btswholesaler.com/8011003890972.webp,0
8011003893294,https://images.btswholesaler.com/imgs/productos_cosmetica/imagenes/8011003893294.webp,images.btswholesaler.com,bts_cdn,files/remote/images.btswholesaler.com/8011003893294.webp,0
8011003893348,https://cdn.shopify.com/s/files/1/0679/9792/5684/files/Z167814.jpg?v=1740616582,cdn.shopify.com,shopify,files/remote/cdn.shopify.com/8011003893348.jpg,0
8011003895755,https://images.btswholesaler.com/imgs/productos_cosmetica/imagenes/8011003895755.webp,images.btswholesaler.com,bts_cdn,files/remote/images.btswholesaler.com/8011003895755.webp,0
8011003899999,https://images.btswholesaler.com/imgs/productos_cosmetica/imagenes/8011003899999.webp,images.btswholesaler.com,bts_cdn,files/remote/images.btswholesaler.com/8011003899999.webp,0
8011003901579,https://images.btswholesaler.com/imgs/productos_cosmetica/imagenes/8011003901579.webp,images.btswholesaler.com,bts_cdn,files/remote/images.btswholesaler.com/8011003901579.webp,0
8011003903184,https://images.btswholesaler.com/imgs/productos_cosmetica/imagenes/8011003903184_1.webp,images.btswholesaler.com,bts_cdn,files/remote/images.btswholesaler.com/8011003903184.webp,0
8011003903191,https://images.btswholesaler.com/imgs/productos_cosmetica/imagenes/8011003903191.webp,images.btswholesaler.com,bts_cdn,files/remote/images.btswholesaler.com/8011003903191.webp,0
8011003991136,https://cdn.shopify.com/s/files/1/0679/9792/5684/files/L6092.jpg?v=1740614537,cdn.shopify.com,shopify,files/remote/cdn.shopify.com/8011003991136.jpg,0
8011003991457,https://cdn.shopify.com/s/files/1/0679/9792/5684/files/F5251.jpg?v=1740614526,cdn.shopify.com,shopify,files/remote/cdn.shopify.com/8011003991457.jpg,0
8011003991594,https://cdn.shopify.com/s/files/1/0679/9792/5684/files/D36106.jpg?v=1740614562,cdn.shopify.com,shopify,files/remote/cdn.shopify.com/8011003991594.jpg,0
8011003991600,https://cdn.shopify.com/s/files/1/0679/9792/5684/files/N68213.jpg?v=1740614565,cdn.shopify.com,shopify,files/remote/cdn.shopify.com/8011003991600.jpg,0
8011003991617,https://cdn.shopify.com/s/files/1/0679/9792/5684/files/B6456.jpg?v=1740614559,cdn.shopify.com,shopify,files/remote/cdn.shopify.com/8011003991617.jpg,0
8011003994427,https://cdn.shopify.com/s/files/1/0679/9792/5684/files/R36220.jpg?v=1740616491,cdn.shopify.com,shopify,files/remote/cdn.shopify.com/8011003994427.jpg,0
8011003995974,https://cdn.shopify.com/s/files/1/0679/9792/5684/files/W201317.jpg?v=1740622117,cdn.shopify.com,shopify,files/remote/cdn.shopify.com/8011003995974.jpg,0
8011003995998,https://cdn.shopify.com/s/files/1/0679/9792/5684/files/M915413.jpg?v=1740634983,cdn.shopify.com,shopify,files/remote/cdn.shopify.com/8011003995998.jpg,0
8011003996179,https://cdn.shopify.com/s/files/1/0679/9792/5684/products/8011003996179-9.jpg?v=1671869005,cdn.shopify.com,shopify,files/remote/cdn.shopify.com/8011003996179.jpg,0
8011003996766,https://cdn.shopify.com/s/files/1/0679/9792/5684/files/Q42450.jpg?v=1740622168,cdn.shopify.com,shopify,files/remote/cdn.shopify.com/8011003996766.jpg,0
8011003997008,https://cdn.shopify.com/s/files/1/0679/9792/5684/files/X07407.jpg?v=1740616643,cdn.shopify.com,shopify,files/remote/cdn.shopify.com/8011003997008.jpg,0
8011003997015,https://cdn.shopify.com/s/files/1/0679/9792/5684/files/N78545.jpg?v=1740616647,cdn.shopify.com,shopify,files/remote/cdn.shopify.com/8011003997015.jpg,0
8011003997039,https://cdn.shopify.com/s/files/1/0679/9792/5684/files/P771221.jpg?v=1740634990,cdn.shopify.com,shopify,files/remote/cdn.shopify.com/8011003997039.jpg,0
8011003997114,https://cdn.shopify.com/s/files/1/0679/9792/5684/files/O36212.jpg?v=1740616650,cdn.shopify.com,shopify,files/remote/cdn.shopify.com/8011003997114.jpg,0
8011530005139,https://cdn.shopify.com/s/files/1/0679/9792/5684/files/B152226.jpg?v=1740613923,cdn.shopify.com,shopify,files/remote/cdn.shopify.com/8011530005139.jpg,0
8011530810009,https://images.btswholesaler.com/imgs/productos_cosmetica/imagenes/8011530810009.webp,images.btswholesaler.com,bts_cdn,files/remote/images.btswholesaler.com/8011530810009.webp,0
8011530810016,https://images.btswholesaler.com/imgs/productos_cosmetica/imagenes/8011530810016.webp,images.btswholesaler.com,bts_cdn,files/remote/images.btswholesaler.com/8011530810016.webp,0
8011530830007,https://cdn.shopify.com/s/files/1/0679/9792/5684/files/F52951.jpg?v=1740621958,cdn.shopify.com,shopify,files/remote/cdn.shopify.com/8011530830007.jpg,0
8011530830014,https://cdn.shopify.com/s/files/1/0679/9792/5684/products/8011530830014-9.jpg?v=1672696052,cdn.shopify.com,shopify,files/remote/cdn.shopify.com/8011530830014.jpg,0
8011530850005,https://images.btswholesaler.com/imgs/productos_cosmetica/imagenes/8011530850005.webp,images.btswholesaler.com,bts_cdn,files/remote/images.btswholesaler.com/8011530850005.webp,0
8011889076002,https://cdn.shopify.com/s/files/1/0679/9792/5684/files/V121821.jpg?v=1740615650,cdn.shopify.com,shopify,files/remote/cdn.shopify.com/8011889076002.jpg,0
8011889082003,https://cdn.shopify.com/s/files/1/0679/9792/5684/files/W048829.jpg?v=1740615657,cdn.shopify.com,shopify,files/remote/cdn.shopify.com/8011889082003.jpg,0
8012423101020,https://cdn.shopify.com/s/files/1/0679/9792/5684/files/L121245.jpg?v=1740622781,cdn.shopify.com,shopify,files/remote/cdn.shopify.com/8012423101020.jpg,0
8012423202000,https://cdn.shopify.com/s/files/1/0679/9792/5684/files/P12265.jpg?v=1740622777,cdn.shopify.com,shopify,files/remote/cdn.shopify.com/8012423202000.jpg,0
8012423220356,https://cdn.shopify.com/s/files/1/0679/9792/5684/files/P76269.jpg?v=1740628644,cdn.shopify.com,shopify,files/remote/cdn.shopify.com/8012423220356.jpg,0
8012423503008,https://cdn.shopify.com/s/files/1/0679/9792/5684/files/F56203.jpg?v=1740622797,cdn.shopify.com,shopify,files/remote/cdn.shopify.com/8012423503008.jpg,0
8015150008075,https://cdn.shopify.com/s/files/1/0679/9792/5684/products/8015150130387-9.jpg?v=1671825903,cdn.shopify.com,shopify,files/remote/cdn.shopify.com/8015150008075.jpg,0
8015150157513,https://cdn.shopify.com/s/files/1/0679/9792/5684/products/8015150157513-9_1.jpg?v=1671825710,cdn.shopify.com,shopify,files/remote/cdn.shopify.com/8015150157513.jpg,0
8015150157575,https://cdn.shopify.com/s/files/1/0679/9792/5684/products/8015150157575-9_1.jpg?v=1672052717,cdn.shopify.com,shopify,files/remote/cdn.shopify.com/8015150157575.jpg,0
8015150218696,https://images.btswholesaler.com/imgs/productos_cosmetica/imagenes/8015150218696.webp,images.btswholesaler.com,bts_cdn,files/remote/images.btswholesaler.com/8015150218696.webp,0
8015150252881,https://cdn.shopify.com/s/files/1/0679/9792/5684/files/U897212.jpg?v=1740628886,cdn.shopify.com,shopify,files/remote/cdn.shopify.com/8015150252881.jpg,0
8015150253024,https://cdn.shopify.com/s/files/1/0679/9792/5684/products/8015150253024-9.jpg?v=1673046239,cdn.shopify.com,shopify,files/remote/cdn.shopify.com/8015150253024.jpg,0
8015150260954,https://cdn.shopify.com/s/files/1/0679/9792/5684/products/8015150260954-9.jpg?v=1671825882,cdn.shopify.com,shopify,files/remote/cdn.shopify.com/8015150260954.jpg,0
8015150260961,https://cdn.shopify.com/s/files/1/0679/9792/5684/files/H340252.jpg?v=1740638189,cdn.shopify.com,shopify,files/remote/cdn.shopify.com/8015150260961.jpg,0
8015150262446,https://images.btswholesaler.com/imgs/productos_cosmetica/imagenes/8015150262446.webp,images.btswholesaler.com,bts_cdn,files/remote/images.btswholesaler.com/8015150262446.webp,0
8015150262521,https://images.btswholesaler.com/imgs/productos_cosmetica/imagenes/8015150262521.webp,images.btswholesaler.com,bts_cdn,files/remote/images.btswholesaler.com/8015150262521.webp,0
8015150297202,https://images.btswholesaler.com/imgs/productos_cosmetica/imagenes/8015150297202.webp,images.btswholesaler.com,bts_cdn,files/remote/images.btswholesaler.com/8015150297202.webp,0
8015150297233,https://images.btswholesaler.com/imgs/productos_cosmetica/imagenes/8015150297233.webp,images.btswholesaler.com,bts_cdn,files/remote/images.btswholesaler.com/8015150297233.webp,0
8015150297240,https://images.btswholesaler.com/imgs/productos_cosmetica/imagenes/8015150297240.webp,images.btswholesaler.com,bts_cdn,files/remote/images.btswholesaler.com/8015150297240.webp,0
8015150297271,https://images.btswholesaler.com/imgs/productos_cosmetica/imagenes/8015150297271.webp,images.btswholesaler.com,bts_cdn,files/remote/images.btswholesaler.com/8015150297271.webp,0
8015150297325,https://images.btswholesaler.com/imgs/productos_cosmetica/imagenes/8015150297325.webp,images.btswholesaler.com,bts_cdn,files/remote/images.btswholesaler.com/8015150297325.webp,0
8016741572555,https://cdn.shopify.com/s/files/1/0679/9792/5684/files/P945229.jpg?v=1740624322,cdn.shopify.com,shopify,files/remote/cdn.shopify.com/8016741572555.jpg,0
8016741652431,https://cdn.shopify.com/s/files/1/0679/9792/5684/files/G390617.jpg?v=1740624343,cdn.shopify.com,shopify,files/remote/cdn.shopify.com/8016741652431.jpg,0
8016741952203,https://cdn.shopify.com/s/files/1/0679/9792/5684/files/O89912.jpg?v=1740624327,cdn.shopify.com,shopify,files/remote/cdn.shopify.com/8016741952203.jpg,0
8017834871395,https://cdn.shopify.com/s/files/1/0679/9792/5684/files/D6876107.jpg?v=1740635210,cdn.shopify.com,shopify,files/remote/cdn.shopify.com/8017834871395.jpg,0
8017834875164,https://cdn.shopify.com/s/files/1/0679/9792/5684/files/N8636213.jpg?v=1740634127,cdn.shopify.com,shopify,files/remote/cdn.shopify.com/8017834875164.jpg,0
8017834884319,https://cdn.shopify.com/s/files/1/0679/9792/5684/files/T014277.jpg?v=1740634131,cdn.shopify.com,shopify,files/remote/cdn.shopify.com/8017834884319.jpg,0
8018365140103,https://cdn.shopify.com/s/files/1/0679/9792/5684/products/8018365140103-9.jpg?v=1671878391,cdn.shopify.com,shopify,files/remote/cdn.shopify.com/8018365140103.jpg,0
8018365250260,https://cdn.shopify.com/s/files/1/0679/9792/5684/files/N30548.jpg?v=1740616661,cdn.shopify.com,shopify,files/remote/cdn.shopify.com/8018365250260.jpg,0
8018365250468,https://cdn.shopify.com/s/files/1/0679/9792/5684/files/E75220.jpg?v=1740616654,cdn.shopify.com,shopify,files/remote/cdn.shopify.com/8018365250468.jpg,0
8018365260757,https://cdn.shopify.com/s/files/1/0679/9792/5684/files/A7885.jpg?v=1740622022,cdn.shopify.com,shopify,files/remote/cdn.shopify.com/8018365260757.jpg,0
8018365270756,https://cdn.shopify.com/s/files/1/0679/9792/5684/files/L4412.jpg?v=1740616636,cdn.shopify.com,shopify,files/remote/cdn.shopify.com/8018365270756.jpg,0
8018365500082,https://cdn.shopify.com/s/files/1/0679/9792/5684/files/C89280.jpg?v=1740636683,cdn.shopify.com,shopify,files/remote/cdn.shopify.com/8018365500082.jpg,0
8018365500228,https://cdn.shopify.com/s/files/1/0679/9792/5684/files/K64677.jpg?v=1740622114,cdn.shopify.com,shopify,files/remote/cdn.shopify.com/8018365500228.jpg,0
8022297064987,https://cdn.shopify.com/s/files/1/0679/9792/5684/files/N105293.jpg?v=1740626579,cdn.shopify.com,shopify,files/remote/cdn.shopify.com/8022297064987.jpg,0
8022297095882,https://cdn.shopify.com/s/files/1/0679/9792/5684/products/8022297095882-9.jpg?v=1671903538,cdn.shopify.com,shopify,files/remote/cdn.shopify.com/8022297095882.jpg,0
8026247600171,https://cdn.shopify.com/s/files/1/0679/9792/5684/files/B186450.jpg?v=1740636327,cdn.shopify.com,shopify,files/remote/cdn.shopify.com/8026247600171.jpg,0
8027669025573,https://cdn.shopify.com/s/files/1/0679/9792/5684/files/D346903.jpg?v=1740637290,cdn.shopify.com,shopify,files/remote/cdn.shopify.com/8027669025573.jpg,0
8028544100934,https://images.btswholesaler.com/imgs/productos_cosmetica/imagenes/8028544100934_1.webp,images.btswholesaler.com,bts_cdn,files/remote/images.btswholesaler.com/8028544100934.webp,0
8028713001734,https://cdn.shopify.com/s/files/1/0679/9792/5684/files/O21012.jpg?v=1740622496,cdn.shopify.com,shopify,files/remote/cdn.shopify.com/8028713001734.jpg,0
8028713220210,https://images.btswholesaler.com/imgs/productos_cosmetica/imagenes/8028713220210_1.webp,images.btswholesaler.com,bts_cdn,files/remote/images.btswholesaler.com/8028713220210.webp,0
8028713220234,https://cdn.shopify.com/s/files/1/0679/9792/5684/files/H150052.jpg?v=1740634399,cdn.shopify.com,shopify,files/remote/cdn.shopify.com/8028713220234.jpg,0
8028713250156,https://images.btswholesaler.com/imgs/productos_cosmetica/imagenes/8028713250293_1.webp,images.btswholesaler.com,bts_cdn,files/remote/images.btswholesaler.com/8028713250156.webp,0
8028713250507,https://cdn.shopify.com/s/files/1/0679/9792/5684/files/V041112.jpg?v=1740634394,cdn.shopify.com,shopify,files/remote/cdn.shopify.com/8028713250507.jpg,0
8028713270031,https://cdn.shopify.com/s/files/1/0679/9792/5684/products/8028713270031-9.jpg?v=1671867477,cdn.shopify.com,shopify,files/remote/cdn.shopify.com/8028713270031.jpg,0
8028713280030,https://images.btswholesaler.com/imgs/productos_cosmetica/imagenes/8028713280030.webp,images.btswholesaler.com,bts_cdn,files/remote/images.btswholesaler.com/8028713280030.webp,0
8028713520020,https://images.btswholesaler.com/imgs/productos_cosmetica/imagenes/8028713520020_1.webp,images.btswholesaler.com,bts_cdn,files/remote/images.btswholesaler.com/8028713520020.webp,0
8028713520044,https://images.btswholesaler.com/imgs/productos_cosmetica/imagenes/8028713520044_1.webp,images.btswholesaler.com,bts_cdn,files/remote/images.btswholesaler.com/8028713520044.webp,0
8028713520051,https://images.btswholesaler.com/imgs/productos_cosmetica/imagenes/8028713520051_1.webp,images.btswholesaler.com,bts_cdn,files/remote/images.btswholesaler.com/8028713520051.webp,0
8028713520075,https://images.btswholesaler.com/imgs/productos_cosmetica/imagenes/8028713520075_1.webp,images.btswholesaler.com,bts_cdn,files/remote/images.btswholesaler.com/8028713520075.webp,0
8028713520143,https://cdn.shopify.com/s/files/1/0679/9792/5684/products/8028713520143-1.jpg?v=1671858859,cdn.shopify.com,shopify,files/remote/cdn.shopify.com/8028713520143.jpg,0
8028713520389,https://images.btswholesaler.com/imgs/productos_cosmetica/imagenes/8028713520389_1.webp,images.btswholesaler.com,bts_cdn,files/remote/images.btswholesaler.com/8028713520389.webp,0
8028713520433,https://images.btswholesaler.com/imgs/productos_cosmetica/imagenes/8028713520433_1.webp,images.btswholesaler.com,bts_cdn,files/remote/images.btswholesaler.com/8028713520433.webp,0
8028713571886,https://images.btswholesaler.com/imgs/productos_cosmetica/imagenes/8028713620058_1.webp,images.btswholesaler.com,bts_cdn,files/remote/images.btswholesaler.com/8028713571886.webp,0
8028713620003,https://images.btswholesaler.com/imgs/productos_cosmetica/imagenes/8028713620003.webp,images.btswholesaler.com,bts_cdn,files/remote/images.btswholesaler.com/8028713620003.webp,0
8028713620034,https://images.btswholesaler.com/imgs/productos_cosmetica/imagenes/8028713620034.webp,images.btswholesaler.com,bts_cdn,files/remote/images.btswholesaler.com/8028713620034.webp,0
8028713620089,https://images.btswholesaler.com/imgs/productos_cosmetica/imagenes/8028713620744.webp,images.btswholesaler.com,bts_cdn,files/remote/images.btswholesaler.com/8028713620089.webp,0
8028713620157,https://cdn.shopify.com/s/files/1/0679/9792/5684/files/K230265.jpg?v=1740637482,cdn.shopify.com,shopify,files/remote/cdn.shopify.com/8028713620157.jpg,0
8028713620232,https://images.btswholesaler.com/imgs/productos_cosmetica/imagenes/8028713620232_1.webp,images.btswholesaler.com,bts_cdn,files/remote/images.btswholesaler.com/8028713620232.webp,0
8028713620379,https://images.btswholesaler.com/imgs/productos_cosmetica/imagenes/8028713620379_1.webp,images.btswholesaler.com,bts_cdn,files/remote/images.btswholesaler.com/8028713620379.webp,0
8028713620416,https://images.btswholesaler.com/imgs/productos_cosmetica/imagenes/8028713620416_1.webp,images.btswholesaler.com,bts_cdn,files/remote/images.btswholesaler.com/8028713620416.webp,0
8028713620430,https://images.btswholesaler.com/imgs/productos_cosmetica/imagenes/8028713620430_1.webp,images.btswholesaler.com,bts_cdn,files/remote/images.btswholesaler.com/8028713620430.webp,0
8028713620492,https://images.btswholesaler.com/imgs/productos_cosmetica/imagenes/8028713620492_1.webp,images.btswholesaler.com,bts_cdn,files/remote/images.btswholesaler.com/8028713620492.webp,0
8028713620515,https://images.btswholesaler.com/imgs/productos_cosmetica/imagenes/8028713620515_1.webp,images.btswholesaler.com,bts_cdn,files/remote/images.btswholesaler.com/8028713620515.webp,0
8028713620645,https://images.btswholesaler.com/imgs/productos_cosmetica/imagenes/8028713821660_4.webp,images.btswholesaler.com,bts_cdn,files/remote/images.btswholesaler.com/8028713620645.webp,0
8028713813139,https://images.btswholesaler.com/imgs/productos_cosmetica/imagenes/8028713813139.webp,images.btswholesaler.com,bts_cdn,files/remote/images.btswholesaler.com/8028713813139.webp,0
8028713813597,https://cdn.shopify.com/s/files/1/0679/9792/5684/files/P459231.jpg?v=1740636107,cdn.shopify.com,shopify,files/remote/cdn.shopify.com/8028713813597.jpg,0
8028713826054,https://images.btswholesaler.com/imgs/productos_cosmetica/imagenes/8028713826054.webp,images.btswholesaler.com,bts_cdn,files/remote/images.btswholesaler.com/8028713826054.webp,0
8028713826061,https://images.btswholesaler.com/imgs/productos_cosmetica/imagenes/8028713826061.webp,images.btswholesaler.com,bts_cdn,files/remote/images.btswholesaler.com/8028713826061.webp,0
8028713827532,https://images.btswholesaler.com/imgs/productos_cosmetica/imagenes/8028713827532.webp,images.btswholesaler.com,bts_cdn,files/remote/images.btswholesaler.com/8028713827532.webp,0
8028713827549,https://images.btswholesaler.com/imgs/productos_cosmetica/imagenes/8028713827549.webp,images.btswholesaler.com,bts_cdn,files/remote/images.btswholesaler.com/8028713827549.webp,0
8030581949728,https://cdn.shopify.com/s/files/1/0679/9792/5684/files/T835237.jpg?v=1740618785,cdn.shopify.com,shopify,files/remote/cdn.shopify.com/8030581949728.jpg,0
8032274012917,https://cdn.shopify.com/s/files/1/0679/9792/5684/files/I718644.jpg?v=1740626387,cdn.shopify.com,shopify,files/remote/cdn.shopify.com/8032274012917.jpg,0
8032274052067,https://cdn.shopify.com/s/files/1/0679/9792/5684/files/T004263.jpg?v=1740626361,cdn.shopify.com,shopify,files/remote/cdn.shopify.com/8032274052067.jpg,0
8032274062776,https://cdn.shopify.com/s/files/1/0679/9792/5684/files/T479275.jpg?v=1740626371,cdn.shopify.com,shopify,files/remote/cdn.shopify.com/8032274062776.jpg,0
8032274062837,https://cdn.shopify.com/s/files/1/0679/9792/5684/files/D6716105.jpg?v=1740626374,cdn.shopify.com,shopify,files/remote/cdn.shopify.com/8032274062837.jpg,0
8032274080756,https://cdn.shopify.com/s/files/1/0679/9792/5684/files/V721905.jpg?v=1740638258,cdn.shopify.com,shopify,files/remote/cdn.shopify.com/8032274080756.jpg,0
8032274086383,https://cdn.shopify.com/s/files/1/0679/9792/5684/files/D256764.jpg?v=1740625939,cdn.shopify.com,shopify,files/remote/cdn.shopify.com/8032274086383.jpg,0
8032274086390,https://cdn.shopify.com/s/files/1/0679/9792/5684/files/B546327.jpg?v=1740624669,cdn.shopify.com,shopify,files/remote/cdn.shopify.com/8032274086390.jpg,0
8032274103882,https://cdn.shopify.com/s/files/1/0679/9792/5684/files/P829221.jpg?v=1740626720,cdn.shopify.com,shopify,files/remote/cdn.shopify.com/8032274103882.jpg,0
8032274104483,https://cdn.shopify.com/s/files/1/0679/9792/5684/files/F056651.jpg?v=1740624665,cdn.shopify.com,shopify,files/remote/cdn.shopify.com/8032274104483.jpg,0
8032274132165,https://cdn.shopify.com/s/files/1/0679/9792/5684/files/P191230.jpg?v=1740638262,cdn.shopify.com,shopify,files/remote/cdn.shopify.com/8032274132165.jpg,0
8032529115851,https://cdn.shopify.com/s/files/1/0679/9792/5684/files/P56268.jpg?v=1740611422,cdn.shopify.com,shopify,files/remote/cdn.shopify.com/8032529115851.jpg,0
8032529116667,https://cdn.shopify.com/s/files/1/0679/9792/5684/files/C89872.jpg?v=1740611726,cdn.shopify.com,shopify,files/remote/cdn.shopify.com/8032529116667.jpg,0
8032529116827,https://cdn.shopify.com/s/files/1/0679/9792/5684/files/N84035.jpg?v=1740618582,cdn.shopify.com,shopify,files/remote/cdn.shopify.com/8032529116827.jpg,0
8032529118364,https://cdn.shopify.com/s/files/1/0679/9792/5684/files/N01028.jpg?v=1740611414,cdn.shopify.com,shopify,files/remote/cdn.shopify.com/8032529118364.jpg,0
8032529118852,https://cdn.shopify.com/s/files/1/0679/9792/5684/products/8032529118852-9.jpg?v=1671885954,cdn.shopify.com,shopify,files/remote/cdn.shopify.com/8032529118852.jpg,0
8032947869947,https://images.btswholesaler.com/imgs/productos_cosmetica/imagenes/8032947869947.webp,images.btswholesaler.com,bts_cdn,files/remote/images.btswholesaler.com/8032947869947.webp,0
8033196270157,https://cdn.shopify.com/s/files/1/0679/9792/5684/files/V441924.jpg?v=1740635862,cdn.shopify.com,shopify,files/remote/cdn.shopify.com/8033196270157.jpg,0
8033196272977,https://cdn.shopify.com/s/files/1/0679/9792/5684/files/P815230.jpg?v=1740635831,cdn.shopify.com,shopify,files/remote/cdn.shopify.com/8033196272977.jpg,0
8033196272984,https://cdn.shopify.com/s/files/1/0679/9792/5684/files/F540751.jpg?v=1740635834,cdn.shopify.com,shopify,files/remote/cdn.shopify.com/8033196272984.jpg,0
8033196272991,https://cdn.shopify.com/s/files/1/0679/9792/5684/files/L926162.jpg?v=1740637638,cdn.shopify.com,shopify,files/remote/cdn.shopify.com/8033196272991.jpg,0
8033488150716,https://cdn.shopify.com/s/files/1/0679/9792/5684/files/M754424.jpg?v=1740622237,cdn.shopify.com,shopify,files/remote/cdn.shopify.com/8033488150716.jpg,0
8033488153281,https://cdn.shopify.com/s/files/1/0679/9792/5684/files/L921545.jpg?v=1740616743,cdn.shopify.com,shopify,files/remote/cdn.shopify.com/8033488153281.jpg,0
8033488158743,https://cdn.shopify.com/s/files/1/0679/9792/5684/files/F156351.jpg?v=1740624441,cdn.shopify.com,shopify,files/remote/cdn.shopify.com/8033488158743.jpg,0
8034097950025,https://cdn.shopify.com/s/files/1/0679/9792/5684/files/O88012.jpg?v=1740621699,cdn.shopify.com,shopify,files/remote/cdn.shopify.com/8034097950025.jpg,0
8034097953644,https://cdn.shopify.com/s/files/1/0679/9792/5684/files/U71842.jpg?v=1740621694,cdn.shopify.com,shopify,files/remote/cdn.shopify.com/8034097953644.jpg,0
8034097953668,https://cdn.shopify.com/s/files/1/0679/9792/5684/files/O13612.jpg?v=1740621690,cdn.shopify.com,shopify,files/remote/cdn.shopify.com/8034097953668.jpg,0
8034097954429,https://images.btswholesaler.com/imgs/productos_cosmetica/imagenes/8034097954429.webp,images.btswholesaler.com,bts_cdn,files/remote/images.btswholesaler.com/8034097954429.webp,0
8034097959714,https://cdn.shopify.com/s/files/1/0679/9792/5684/files/G298616.jpg?v=1740615815,cdn.shopify.com,shopify,files/remote/cdn.shopify.com/8034097959714.jpg,0
8034097959721,https://cdn.shopify.com/s/files/1/0679/9792/5684/files/W014319.jpg?v=1740615808,cdn.shopify.com,shopify,files/remote/cdn.shopify.com/8034097959721.jpg,0
8050450433127,https://cdn.shopify.com/s/files/1/0679/9792/5684/files/H546775.jpg?v=1740627343,cdn.shopify.com,shopify,files/remote/cdn.shopify.com/8050450433127.jpg,0
8050450433141,https://cdn.shopify.com/s/files/1/0679/9792/5684/files/V703554.jpg?v=1740627210,cdn.shopify.com,shopify,files/remote/cdn.shopify.com/8050450433141.jpg,0
8050450434100,https://cdn.shopify.com/s/files/1/0679/9792/5684/files/N217883.jpg?v=1740627340,cdn.shopify.com,shopify,files/remote/cdn.shopify.com/8050450434100.jpg,0
8050450434148,https://cdn.shopify.com/s/files/1/0679/9792/5684/files/F102951.jpg?v=1740628550,cdn.shopify.com,shopify,files/remote/cdn.shopify.com/8050450434148.jpg,0
8051013370668,https://cdn.shopify.com/s/files/1/0679/9792/5684/files/V021921.jpg?v=1740623507,cdn.shopify.com,shopify,files/remote/cdn.shopify.com/8051013370668.jpg,0
8051013370675,https://cdn.shopify.com/s/files/1/0679/9792/5684/files/L126140.jpg?v=1740623510,cdn.shopify.com,shopify,files/remote/cdn.shopify.com/8051013370675.jpg,0
8051013370682,https://cdn.shopify.com/s/files/1/0679/9792/5684/files/B506460.jpg?v=1740623499,cdn.shopify.com,shopify,files/remote/cdn.shopify.com/8051013370682.jpg,0
8051013370699,https://cdn.shopify.com/s/files/1/0679/9792/5684/files/N8150213.jpg?v=1740623503,cdn.shopify.com,shopify,files/remote/cdn.shopify.com/8051013370699.jpg,0
8051013370705,https://cdn.shopify.com/s/files/1/0679/9792/5684/files/T749276.jpg?v=1740623491,cdn.shopify.com,shopify,files/remote/cdn.shopify.com/8051013370705.jpg,0
8051013370712,https://cdn.shopify.com/s/files/1/0679/9792/5684/files/J534981.jpg?v=1740623495,cdn.shopify.com,shopify,files/remote/cdn.shopify.com/8051013370712.jpg,0
8051013370736,https://cdn.shopify.com/s/files/1/0679/9792/5684/files/F535051.jpg?v=1740623514,cdn.shopify.com,shopify,files/remote/cdn.shopify.com/8051013370736.jpg,0
8051084951001,https://cdn.shopify.com/s/files/1/0679/9792/5684/files/T144273.jpg?v=1740621640,cdn.shopify.com,shopify,files/remote/cdn.shopify.com/8051084951001.jpg,0
8051084957003,https://cdn.shopify.com/s/files/1/0679/9792/5684/files/D4026102.jpg?v=1740615646,cdn.shopify.com,shopify,files/remote/cdn.shopify.com/8051084957003.jpg,0
8051084959007,https://cdn.shopify.com/s/files/1/0679/9792/5684/files/J462881.jpg?v=1740615661,cdn.shopify.com,shopify,files/remote/cdn.shopify.com/8051084959007.jpg,0
8052086373518,https://cdn.shopify.com/s/files/1/0679/9792/5684/files/K125196.jpg?v=1740611434,cdn.shopify.com,shopify,files/remote/cdn.shopify.com/8052086373518.jpg,0
8052086376533,https://cdn.shopify.com/s/files/1/0679/9792/5684/files/P113225.jpg?v=1740615794,cdn.shopify.com,shopify,files/remote/cdn.shopify.com/8052086376533.jpg,0
8052086377226,https://cdn.shopify.com/s/files/1/0679/9792/5684/files/G231851.jpg?v=1740615820,cdn.shopify.com,shopify,files/remote/cdn.shopify.com/8052086377226.jpg,0
8052086379480,https://cdn.shopify.com/s/files/1/0679/9792/5684/files/T529275.jpg?v=1740615823,cdn.shopify.com,shopify,files/remote/cdn.shopify.com/8052086379480.jpg,0
8052464891009,https://cdn.shopify.com/s/files/1/0679/9792/5684/files/V381753.jpg?v=1740624211,cdn.shopify.com,shopify,files/remote/cdn.shopify.com/8052464891009.jpg,0
8052464898015,https://images.btswholesaler.com/imgs/productos_cosmetica/imagenes/8052464898015.webp,images.btswholesaler.com,bts_cdn,files/remote/images.btswholesaler.com/8052464898015.webp,0
8052464898046,https://images.btswholesaler.com/imgs/productos_cosmetica/imagenes/8052464898046.webp,images.btswholesaler.com,bts_cdn,files/remote/images.btswholesaler.com/8052464898046.webp,0
8052464898626,https://cdn.shopify.com/s/files/1/0679/9792/5684/files/P221231.jpg?v=1740611438,cdn.shopify.com,shopify,files/remote/cdn.shopify.com/8052464898626.jpg,0
8052464898633,https://cdn.shopify.com/s/files/1/0679/9792/5684/files/B336468.jpg?v=1740611446,cdn.shopify.com,shopify,files/remote/cdn.shopify.com/8052464898633.jpg,0
8052464898640,https://cdn.shopify.com/s/files/1/0679/9792/5684/files/B306468.jpg?v=1740611430,cdn.shopify.com,shopify,files/remote/cdn.shopify.com/8052464898640.jpg,0
8052464898657,https://cdn.shopify.com/s/files/1/0679/9792/5684/files/T054278.jpg?v=1740611442,cdn.shopify.com,shopify,files/remote/cdn.shopify.com/8052464898657.jpg,0
8052464898701,https://cdn.shopify.com/s/files/1/0679/9792/5684/files/P243231.jpg?v=1740618586,cdn.shopify.com,shopify,files/remote/cdn.shopify.com/8052464898701.jpg,0
8052464898718,https://cdn.shopify.com/s/files/1/0679/9792/5684/files/B406470.jpg?v=1740618595,cdn.shopify.com,shopify,files/remote/cdn.shopify.com/8052464898718.jpg,0
8052464898725,https://cdn.shopify.com/s/files/1/0679/9792/5684/files/Z243431.jpg?v=1740618591,cdn.shopify.com,shopify,files/remote/cdn.shopify.com/8052464898725.jpg,0
8052464899104,https://images.btswholesaler.com/imgs/productos_cosmetica/imagenes/8052464899104.webp,images.btswholesaler.com,bts_cdn,files/remote/images.btswholesaler.com/8052464899104.webp,0
8054609783088,https://cdn.shopify.com/s/files/1/0679/9792/5684/files/Z875428.jpg?v=1740609050,cdn.shopify.com,shopify,files/remote/cdn.shopify.com/8054609783088.jpg,0
8054956591329,https://cdn.shopify.com/s/files/1/0679/9792/5684/files/V741627.jpg?v=1740615618,cdn.shopify.com,shopify,files/remote/cdn.shopify.com/8054956591329.jpg,0
8054956596225,https://cdn.shopify.com/s/files/1/0679/9792/5684/files/J543681.jpg?v=1740621613,cdn.shopify.com,shopify,files/remote/cdn.shopify.com/8054956596225.jpg,0
8054956596232,https://cdn.shopify.com/s/files/1/0679/9792/5684/files/Z873430.jpg?v=1740621609,cdn.shopify.com,shopify,files/remote/cdn.shopify.com/8054956596232.jpg,0
8055277280640,https://cdn.shopify.com/s/files/1/0679/9792/5684/files/G901628.jpg?v=1740622808,cdn.shopify.com,shopify,files/remote/cdn.shopify.com/8055277280640.jpg,0
8055277281777,https://cdn.shopify.com/s/files/1/0679/9792/5684/files/B846315.jpg?v=1740622815,cdn.shopify.com,shopify,files/remote/cdn.shopify.com/8055277281777.jpg,0
8055277281838,https://cdn.shopify.com/s/files/1/0679/9792/5684/files/D106719.jpg?v=1740622822,cdn.shopify.com,shopify,files/remote/cdn.shopify.com/8055277281838.jpg,0
8056459100091,https://cdn.shopify.com/s/files/1/0679/9792/5684/files/Y840441.jpg?v=1740622801,cdn.shopify.com,shopify,files/remote/cdn.shopify.com/8056459100091.jpg,0
8057714450395,https://cdn.shopify.com/s/files/1/0679/9792/5684/files/F076951.jpg?v=1740612744,cdn.shopify.com,shopify,files/remote/cdn.shopify.com/8057714450395.jpg,0
8057714450562,https://cdn.shopify.com/s/files/1/0679/9792/5684/files/F293451.jpg?v=1740619188,cdn.shopify.com,shopify,files/remote/cdn.shopify.com/8057714450562.jpg,0
8057971183791,https://cdn.shopify.com/s/files/1/0679/9792/5684/files/V801882.jpg?v=1740610754,cdn.shopify.com,shopify,files/remote/cdn.shopify.com/8057971183791.jpg,0
8057971186655,https://www.oceanfragrances.com/Foto/3423478966352.jpg,www.oceanfragrances.com,oceanfragrances,files/remote/www.oceanfragrances.com/8057971186655.jpg,0
8057971187416,https://cdn.shopify.com/s/files/1/0679/9792/5684/files/F476751.jpg?v=1740610839,cdn.shopify.com,shopify,files/remote/cdn.shopify.com/8057971187416.jpg,0
8057971187423,https://cdn.shopify.com/s/files/1/0679/9792/5684/files/B926472.jpg?v=1740610797,cdn.shopify.com,shopify,files/remote/cdn.shopify.com/8057971187423.jpg,0
8057971187843,https://cdn.shopify.com/s/files/1/0679/9792/5684/files/V221901.jpg?v=1740610835,cdn.shopify.com,shopify,files/remote/cdn.shopify.com/8057971187843.jpg,0
8057971187904,https://cdn.shopify.com/s/files/1/0679/9792/5684/files/T099275.jpg?v=1740618352,cdn.shopify.com,shopify,files/remote/cdn.shopify.com/8057971187904.jpg,0
8058045423270,https://cdn.shopify.com/s/files/1/0679/9792/5684/files/V281679.jpg?v=1740609255,cdn.shopify.com,shopify,files/remote/cdn.shopify.com/8058045423270.jpg,0
8058045425625,https://cdn.shopify.com/s/files/1/0679/9792/5684/files/B256308.jpg?v=1740616333,cdn.shopify.com,shopify,files/remote/cdn.shopify.com/8058045425625.jpg,0
8058045430063,https://images.btswholesaler.com/imgs/productos_cosmetica/imagenes/8058045430063_1.webp,images.btswholesaler.com,bts_cdn,files/remote/images.btswholesaler.com/8058045430063.webp,0
8058045430278,https://images.btswholesaler.com/imgs/productos_cosmetica/imagenes/8058045430278.webp,images.btswholesaler.com,bts_cdn,files/remote/images.btswholesaler.com/8058045430278.webp,0
8058045430322,https://images.btswholesaler.com/imgs/productos_cosmetica/imagenes/8058045430322.webp,images.btswholesaler.com,bts_cdn,files/remote/images.btswholesaler.com/8058045430322.webp,0
8058045430780,https://cdn.shopify.com/s/files/1/0679/9792/5684/files/J006381.jpg?v=1740620165,cdn.shopify.com,shopify,files/remote/cdn.shopify.com/8058045430780.jpg,0
8058045431008,https://images.btswholesaler.com/imgs/productos_cosmetica/imagenes/8058045431008_1.webp,images.btswholesaler.com,bts_cdn,files/remote/images.btswholesaler.com/8058045431008.webp,0
8058045434245,https://images.btswholesaler.com/imgs/productos_cosmetica/imagenes/8058045434245.webp,images.btswholesaler.com,bts_cdn,files/remote/images.btswholesaler.com/8058045434245.webp,0
8080042484,https://cdn.shopify.com/s/files/1/0679/9792/5684/products/008080087423-1.jpg?v=1671840472,cdn.shopify.com,shopify,files/remote/cdn.shopify.com/8080042484.jpg,0
809280138720,https://cdn.shopify.com/s/files/1/0679/9792/5684/files/D3196110.jpg?v=1740628565,cdn.shopify.com,shopify,files/remote/cdn.shopify.com/809280138720.jpg,0
809280156588,https://cdn.shopify.com/s/files/1/0679/9792/5684/files/D5156110.jpg?v=1740628605,cdn.shopify.com,shopify,files/remote/cdn.shopify.com/809280156588.jpg,0
809280158483,https://cdn.shopify.com/s/files/1/0679/9792/5684/files/T799278.jpg?v=1740628562,cdn.shopify.com,shopify,files/remote/cdn.shopify.com/809280158483.jpg,0
809280159879,https://cdn.shopify.com/s/files/1/0679/9792/5684/files/N1840214.jpg?v=1740628558,cdn.shopify.com,shopify,files/remote/cdn.shopify.com/809280159879.jpg,0
810014323008,https://cdn.shopify.com/s/files/1/0679/9792/5684/products/810014323008-9.jpg?v=1673057963,cdn.shopify.com,shopify,files/remote/cdn.shopify.com/810014323008.jpg,0
810020171280,https://images.btswholesaler.com/imgs/productos_cosmetica/imagenes/0850278004039.webp,images.btswholesaler.com,bts_cdn,files/remote/images.btswholesaler.com/810020171280.webp,0
810023670445,https://cdn.shopify.com/s/files/1/0679/9792/5684/files/L726049.jpg?v=1740609952,cdn.shopify.com,shopify,files/remote/cdn.shopify.com/810023670445.jpg,0
810023670698,https://cdn.shopify.com/s/files/1/0679/9792/5684/files/P365231.jpg?v=1740624222,cdn.shopify.com,shopify,files/remote/cdn.shopify.com/810023670698.jpg,0
810023671664,https://cdn.shopify.com/s/files/1/0679/9792/5684/files/V781719.jpg?v=1740613662,cdn.shopify.com,shopify,files/remote/cdn.shopify.com/810023671664.jpg,0
810023672203,https://cdn.shopify.com/s/files/1/0679/9792/5684/files/L524798.jpg?v=1740613658,cdn.shopify.com,shopify,files/remote/cdn.shopify.com/810023672203.jpg,0
810023673071,https://cdn.shopify.com/s/files/1/0679/9792/5684/files/L724823.jpg?v=1740613666,cdn.shopify.com,shopify,files/remote/cdn.shopify.com/810023673071.jpg,0
810023673439,https://cdn.shopify.com/s/files/1/0679/9792/5684/files/D9276109.jpg?v=1740610879,cdn.shopify.com,shopify,files/remote/cdn.shopify.com/810023673439.jpg,0
810023673446,https://cdn.shopify.com/s/files/1/0679/9792/5684/files/N1336214.jpg?v=1740610875,cdn.shopify.com,shopify,files/remote/cdn.shopify.com/810023673446.jpg,0
810023673620,https://cdn.shopify.com/s/files/1/0679/9792/5684/files/F262151.jpg?v=1740613674,cdn.shopify.com,shopify,files/remote/cdn.shopify.com/810023673620.jpg,0
810023673637,https://cdn.shopify.com/s/files/1/0679/9792/5684/files/Z243425.jpg?v=1740613670,cdn.shopify.com,shopify,files/remote/cdn.shopify.com/810023673637.jpg,0
810023673644,https://cdn.shopify.com/s/files/1/0679/9792/5684/files/T109263.jpg?v=1740613678,cdn.shopify.com,shopify,files/remote/cdn.shopify.com/810023673644.jpg,0
810101503030,https://cdn.shopify.com/s/files/1/0679/9792/5684/files/L326147.jpg?v=1740636977,cdn.shopify.com,shopify,files/remote/cdn.shopify.com/810101503030.jpg,0
810763030028,https://cdn.shopify.com/s/files/1/0679/9792/5684/files/J440581.jpg?v=1740634161,cdn.shopify.com,shopify,files/remote/cdn.shopify.com/810763030028.jpg,0
810763038697,https://cdn.shopify.com/s/files/1/0679/9792/5684/files/Z389421.jpg?v=1740630430,cdn.shopify.com,shopify,files/remote/cdn.shopify.com/810763038697.jpg,0
810763038710,https://cdn.shopify.com/s/files/1/0679/9792/5684/files/D926748.jpg?v=1740630408,cdn.shopify.com,shopify,files/remote/cdn.shopify.com/810763038710.jpg,0
810763038765,https://cdn.shopify.com/s/files/1/0679/9792/5684/files/D626749.jpg?v=1740630416,cdn.shopify.com,shopify,files/remote/cdn.shopify.com/810763038765.jpg,0
810876030151,https://cdn.shopify.com/s/files/1/0679/9792/5684/files/P347229.jpg?v=1740610525,cdn.shopify.com,shopify,files/remote/cdn.shopify.com/810876030151.jpg,0
810876030182,https://cdn.shopify.com/s/files/1/0679/9792/5684/files/J467381.jpg?v=1740624261,cdn.shopify.com,shopify,files/remote/cdn.shopify.com/810876030182.jpg,0
810876033640,https://images.btswholesaler.com/imgs/productos_cosmetica/imagenes/0810876033640.webp,images.btswholesaler.com,bts_cdn,files/remote/images.btswholesaler.com/810876033640.webp,0
810876035347,https://cdn.shopify.com/s/files/1/0679/9792/5684/files/B636387.jpg?v=1740610552,cdn.shopify.com,shopify,files/remote/cdn.shopify.com/810876035347.jpg,0
810876037198,https://cdn.shopify.com/s/files/1/0679/9792/5684/files/T974256.jpg?v=1740620076,cdn.shopify.com,shopify,files/remote/cdn.shopify.com/810876037198.jpg,0
810876037662,https://cdn.shopify.com/s/files/1/0679/9792/5684/files/P843225.jpg?v=1740614174,cdn.shopify.com,shopify,files/remote/cdn.shopify.com/810876037662.jpg,0
810876038362,https://cdn.shopify.com/s/files/1/0679/9792/5684/files/D376849.jpg?v=1740620064,cdn.shopify.com,shopify,files/remote/cdn.shopify.com/810876038362.jpg,0
810876038393,https://cdn.shopify.com/s/files/1/0679/9792/5684/files/N9395210.jpg?v=1740620072,cdn.shopify.com,shopify,files/remote/cdn.shopify.com/810876038393.jpg,0
810876038409,https://cdn.shopify.com/s/files/1/0679/9792/5684/files/V581727.jpg?v=1740620068,cdn.shopify.com,shopify,files/remote/cdn.shopify.com/810876038409.jpg,0
810876038416,https://cdn.shopify.com/s/files/1/0679/9792/5684/files/B656364.jpg?v=1740620080,cdn.shopify.com,shopify,files/remote/cdn.shopify.com/810876038416.jpg,0
810912030848,https://images.btswholesaler.com/imgs/productos_cosmetica/imagenes/0810912030848.webp,images.btswholesaler.com,bts_cdn,files/remote/images.btswholesaler.com/810912030848.webp,0
810912031968,https://images.btswholesaler.com/imgs/productos_cosmetica/imagenes/0810912031968.webp,images.btswholesaler.com,bts_cdn,files/remote/images.btswholesaler.com/810912031968.webp,0
810912032019,https://cdn.shopify.com/s/files/1/0679/9792/5684/files/V961923.jpg?v=1740635487,cdn.shopify.com,shopify,files/remote/cdn.shopify.com/810912032019.jpg,0
810912032040,https://images.btswholesaler.com/imgs/productos_cosmetica/imagenes/0810912032040.webp,images.btswholesaler.com,bts_cdn,files/remote/images.btswholesaler.com/810912032040.webp,0
810912032057,https://images.btswholesaler.com/imgs/productos_cosmetica/imagenes/0810912032057.webp,images.btswholesaler.com,bts_cdn,files/remote/images.btswholesaler.com/810912032057.webp,0
810912032071,https://cdn.shopify.com/s/files/1/0679/9792/5684/files/J539981.jpg?v=1740624743,cdn.shopify.com,shopify,files/remote/cdn.shopify.com/810912032071.jpg,0
810912032200,https://cdn.shopify.com/s/files/1/0679/9792/5684/files/T019277.jpg?v=1740635476,cdn.shopify.com,shopify,files/remote/cdn.shopify.com/810912032200.jpg,0
810912032224,https://cdn.shopify.com/s/files/1/0679/9792/5684/files/D7996107.jpg?v=1740635479,cdn.shopify.com,shopify,files/remote/cdn.shopify.com/810912032224.jpg,0
810912032248,https://images.btswholesaler.com/imgs/productos_cosmetica/imagenes/0810912032248_1.webp,images.btswholesaler.com,bts_cdn,files/remote/images.btswholesaler.com/810912032248.webp,0
810912032569,https://images.btswholesaler.com/imgs/productos_cosmetica/imagenes/0810912032569.webp,images.btswholesaler.com,bts_cdn,files/remote/images.btswholesaler.com/810912032569.webp,0
810912032576,https://images.btswholesaler.com/imgs/productos_cosmetica/imagenes/0810912032576.webp,images.btswholesaler.com,bts_cdn,files/remote/images.btswholesaler.com/810912032576.webp,0
810912033191,https://cdn.shopify.com/s/files/1/0679/9792/5684/files/L726159.jpg?v=1740635491,cdn.shopify.com,shopify,files/remote/cdn.shopify.com/810912033191.jpg,0
810912033665,https://images.btswholesaler.com/imgs/productos_cosmetica/imagenes/0810912033665.webp,images.btswholesaler.com,bts_cdn,files/remote/images.btswholesaler.com/810912033665.webp,0
810912033696,https://cdn.shopify.com/s/files/1/0679/9792/5684/files/T999276.jpg?v=1740624747,cdn.shopify.com,shopify,files/remote/cdn.shopify.com/810912033696.jpg,0
810912034150,https://cdn.shopify.com/s/files/1/0679/9792/5684/files/N2020214.jpg?v=1740637072,cdn.shopify.com,shopify,files/remote/cdn.shopify.com/810912034150.jpg,0
810912034815,https://images.btswholesaler.com/imgs/productos_cosmetica/imagenes/0810912034815.webp,images.btswholesaler.com,bts_cdn,files/remote/images.btswholesaler.com/810912034815.webp,0
810912034853,https://images.btswholesaler.com/imgs/productos_cosmetica/imagenes/0810912034853.webp,images.btswholesaler.com,bts_cdn,files/remote/images.btswholesaler.com/810912034853.webp,0
810912036314,https://images.btswholesaler.com/imgs/productos_cosmetica/imagenes/0810912036314.webp,images.btswholesaler.com,bts_cdn,files/remote/images.btswholesaler.com/810912036314.webp,0
811338026170,https://cdn.shopify.com/s/files/1/0679/9792/5684/files/Z991430.jpg?v=1740630987,cdn.shopify.com,shopify,files/remote/cdn.shopify.com/811338026170.jpg,0
812256020301,https://cdn.shopify.com/s/files/1/0679/9792/5684/files/Q291287.jpg?v=1740609062,cdn.shopify.com,shopify,files/remote/cdn.shopify.com/812256020301.jpg,0
812256020318,https://cdn.shopify.com/s/files/1/0679/9792/5684/files/M493415.jpg?v=1740609065,cdn.shopify.com,shopify,files/remote/cdn.shopify.com/812256020318.jpg,0
812256020325,https://cdn.shopify.com/s/files/1/0679/9792/5684/products/812256020325-9.jpg?v=1671902581,cdn.shopify.com,shopify,files/remote/cdn.shopify.com/812256020325.jpg,0
812256021674,https://cdn.shopify.com/s/files/1/0679/9792/5684/files/N282548.jpg?v=1740636729,cdn.shopify.com,shopify,files/remote/cdn.shopify.com/812256021674.jpg,0
812256021711,https://cdn.shopify.com/s/files/1/0679/9792/5684/files/P46268.jpg?v=1740609103,cdn.shopify.com,shopify,files/remote/cdn.shopify.com/812256021711.jpg,0
812256021728,https://cdn.shopify.com/s/files/1/0679/9792/5684/products/812256021728-9.jpg?v=1672944564,cdn.shopify.com,shopify,files/remote/cdn.shopify.com/812256021728.jpg,0
812256021735,https://cdn.shopify.com/s/files/1/0679/9792/5684/products/812256021735-9.jpg?v=1672944558,cdn.shopify.com,shopify,files/remote/cdn.shopify.com/812256021735.jpg,0
812256022381,https://cdn.shopify.com/s/files/1/0679/9792/5684/files/R460221.jpg?v=1740636736,cdn.shopify.com,shopify,files/remote/cdn.shopify.com/812256022381.jpg,0
812256022480,https://cdn.shopify.com/s/files/1/0679/9792/5684/files/O08786.jpg?v=1740609083,cdn.shopify.com,shopify,files/remote/cdn.shopify.com/812256022480.jpg,0
812256023104,https://cdn.shopify.com/s/files/1/0679/9792/5684/files/N970292.jpg?v=1740636733,cdn.shopify.com,shopify,files/remote/cdn.shopify.com/812256023104.jpg,0
812256024286,https://cdn.shopify.com/s/files/1/0679/9792/5684/files/P641615.jpg?v=1740609125,cdn.shopify.com,shopify,files/remote/cdn.shopify.com/812256024286.jpg,0
812256024613,https://cdn.shopify.com/s/files/1/0679/9792/5684/files/X003747.jpg?v=1740636167,cdn.shopify.com,shopify,files/remote/cdn.shopify.com/812256024613.jpg,0
812256025269,https://cdn.shopify.com/s/files/1/0679/9792/5684/files/P637221.jpg?v=1740636740,cdn.shopify.com,shopify,files/remote/cdn.shopify.com/812256025269.jpg,0
812256025467,https://cdn.shopify.com/s/files/1/0679/9792/5684/files/L403754.jpg?v=1740609092,cdn.shopify.com,shopify,files/remote/cdn.shopify.com/812256025467.jpg,0
812256025474,https://cdn.shopify.com/s/files/1/0679/9792/5684/files/X443752.jpg?v=1740609100,cdn.shopify.com,shopify,files/remote/cdn.shopify.com/812256025474.jpg,0
812256025481,https://cdn.shopify.com/s/files/1/0679/9792/5684/files/N648884.jpg?v=1740609095,cdn.shopify.com,shopify,files/remote/cdn.shopify.com/812256025481.jpg,0
812256028475,https://cdn.shopify.com/s/files/1/0679/9792/5684/files/V661737.jpg?v=1740609072,cdn.shopify.com,shopify,files/remote/cdn.shopify.com/812256028475.jpg,0
812256028482,https://cdn.shopify.com/s/files/1/0679/9792/5684/files/P589224.jpg?v=1740609080,cdn.shopify.com,shopify,files/remote/cdn.shopify.com/812256028482.jpg,0
812256028499,https://cdn.shopify.com/s/files/1/0679/9792/5684/files/Z589424.jpg?v=1740609076,cdn.shopify.com,shopify,files/remote/cdn.shopify.com/812256028499.jpg,0
813920011397,https://cdn.shopify.com/s/files/1/0679/9792/5684/files/J513781.jpg?v=1740627731,cdn.shopify.com,shopify,files/remote/cdn.shopify.com/813920011397.jpg,0
813920014664,https://cdn.shopify.com/s/files/1/0679/9792/5684/files/T429277.jpg?v=1740627727,cdn.shopify.com,shopify,files/remote/cdn.shopify.com/813920014664.jpg,0
815940022407,https://cdn.shopify.com/s/files/1/0679/9792/5684/files/Q542344.jpg?v=1740620701,cdn.shopify.com,shopify,files/remote/cdn.shopify.com/815940022407.jpg,0
815940026719,https://cdn.shopify.com/s/files/1/0679/9792/5684/files/H461074.jpg?v=1740616715,cdn.shopify.com,shopify,files/remote/cdn.shopify.com/815940026719.jpg,0
815940026757,https://cdn.shopify.com/s/files/1/0679/9792/5684/files/T229254.jpg?v=1740637183,cdn.shopify.com,shopify,files/remote/cdn.shopify.com/815940026757.jpg,0
815940026764,https://cdn.shopify.com/s/files/1/0679/9792/5684/files/P691221.jpg?v=1740637170,cdn.shopify.com,shopify,files/remote/cdn.shopify.com/815940026764.jpg,0
815940026795,https://cdn.shopify.com/s/files/1/0679/9792/5684/files/N614297.jpg?v=1740637187,cdn.shopify.com,shopify,files/remote/cdn.shopify.com/815940026795.jpg,0
815940026818,https://cdn.shopify.com/s/files/1/0679/9792/5684/files/Z691421.jpg?v=1740637174,cdn.shopify.com,shopify,files/remote/cdn.shopify.com/815940026818.jpg,0
815940026832,https://cdn.shopify.com/s/files/1/0679/9792/5684/files/F084651.jpg?v=1740637190,cdn.shopify.com,shopify,files/remote/cdn.shopify.com/815940026832.jpg,0
815940026887,https://cdn.shopify.com/s/files/1/0679/9792/5684/files/T664260.jpg?v=1740616710,cdn.shopify.com,shopify,files/remote/cdn.shopify.com/815940026887.jpg,0
815940027129,https://cdn.shopify.com/s/files/1/0679/9792/5684/files/T234254.jpg?v=1740637197,cdn.shopify.com,shopify,files/remote/cdn.shopify.com/815940027129.jpg,0
815940027143,https://cdn.shopify.com/s/files/1/0679/9792/5684/files/Z693421.jpg?v=1740637194,cdn.shopify.com,shopify,files/remote/cdn.shopify.com/815940027143.jpg,0
816657024579,https://cdn.shopify.com/s/files/1/0679/9792/5684/files/N8061212.jpg?v=1740632007,cdn.shopify.com,shopify,files/remote/cdn.shopify.com/816657024579.jpg,0
817513015588,https://images.btswholesaler.com/imgs/productos_cosmetica/imagenes/0817513015588.webp,images.btswholesaler.com,bts_cdn,files/remote/images.btswholesaler.com/817513015588.webp,0
817919014116,https://cdn.shopify.com/s/files/1/0679/9792/5684/files/D166702.jpg?v=1740630394,cdn.shopify.com,shopify,files/remote/cdn.shopify.com/817919014116.jpg,0
832630004604,https://cdn.shopify.com/s/files/1/0679/9792/5684/files/P637223.jpg?v=1740629130,cdn.shopify.com,shopify,files/remote/cdn.shopify.com/832630004604.jpg,0
832630004727,https://cdn.shopify.com/s/files/1/0679/9792/5684/files/T094259.jpg?v=1740629134,cdn.shopify.com,shopify,files/remote/cdn.shopify.com/832630004727.jpg,0
83800032648,https://cdn.shopify.com/s/files/1/0679/9792/5684/files/N7052213.jpg?v=1740637885,cdn.shopify.com,shopify,files/remote/cdn.shopify.com/83800032648.jpg,0
840026653428,https://cdn.shopify.com/s/files/1/0679/9792/5684/files/N7873211.jpg?v=1740637671,cdn.shopify.com,shopify,files/remote/cdn.shopify.com/840026653428.jpg,0
840026654746,https://cdn.shopify.com/s/files/1/0679/9792/5684/files/B826431.jpg?v=1740633819,cdn.shopify.com,shopify,files/remote/cdn.shopify.com/840026654746.jpg,0
840026654753,https://cdn.shopify.com/s/files/1/0679/9792/5684/files/N9546212.jpg?v=1740633823,cdn.shopify.com,shopify,files/remote/cdn.shopify.com/840026654753.jpg,0
840026654760,https://cdn.shopify.com/s/files/1/0679/9792/5684/files/F439451.jpg?v=1740633815,cdn.shopify.com,shopify,files/remote/cdn.shopify.com/840026654760.jpg,0
840216930612,https://cdn.shopify.com/s/files/1/0679/9792/5684/files/V561900.jpg?v=1740624606,cdn.shopify.com,shopify,files/remote/cdn.shopify.com/840216930612.jpg,0
840261516076,https://cdn.shopify.com/s/files/1/0679/9792/5684/files/J549581.jpg?v=1740632015,cdn.shopify.com,shopify,files/remote/cdn.shopify.com/840261516076.jpg,0
840261518513,https://cdn.shopify.com/s/files/1/0679/9792/5684/files/N5594213.jpg?v=1740630815,cdn.shopify.com,shopify,files/remote/cdn.shopify.com/840261518513.jpg,0
8411047101438,https://cdn.shopify.com/s/files/1/0679/9792/5684/files/N598547.jpg?v=1740635308,cdn.shopify.com,shopify,files/remote/cdn.shopify.com/8411047101438.jpg,0
8411047102596,https://cdn.shopify.com/s/files/1/0679/9792/5684/files/D265409.jpg?v=1740636365,cdn.shopify.com,shopify,files/remote/cdn.shopify.com/8411047102596.jpg,0
8411047135631,https://images.btswholesaler.com/imgs/productos_cosmetica/imagenes/8411047135631.webp,images.btswholesaler.com,bts_cdn,files/remote/images.btswholesaler.com/8411047135631.webp,0
8411047142202,https://images.btswholesaler.com/imgs/productos_cosmetica/imagenes/8411047142202.webp,images.btswholesaler.com,bts_cdn,files/remote/images.btswholesaler.com/8411047142202.webp,0
8411047151587,https://cdn.shopify.com/s/files/1/0679/9792/5684/files/D3926106.jpg?v=1740619199,cdn.shopify.com,shopify,files/remote/cdn.shopify.com/8411047151587.jpg,0
8411061002865,https://cdn.shopify.com/s/files/1/0679/9792/5684/files/R163039.jpg?v=1740617843,cdn.shopify.com,shopify,files/remote/cdn.shopify.com/8411061002865.jpg,0
8411061009451,https://cdn.shopify.com/s/files/1/0679/9792/5684/files/B886311.jpg?v=1740617823,cdn.shopify.com,shopify,files/remote/cdn.shopify.com/8411061009451.jpg,0
8411061021897,https://images.btswholesaler.com/imgs/productos_cosmetica/imagenes/8411061085295.webp,images.btswholesaler.com,bts_cdn,files/remote/images.btswholesaler.com/8411061021897.webp,0
8411061023655,https://cdn.shopify.com/s/files/1/0679/9792/5684/files/F171751.jpg?v=1740617748,cdn.shopify.com,shopify,files/remote/cdn.shopify.com/8411061023655.jpg,0
8411061024164,https://images.btswholesaler.com/imgs/productos_cosmetica/imagenes/8411061024164_1.webp,images.btswholesaler.com,bts_cdn,files/remote/images.btswholesaler.com/8411061024164.webp,0
8411061026243,https://cdn.shopify.com/s/files/1/0679/9792/5684/products/8411061026243-9.jpg?v=1671862689,cdn.shopify.com,shopify,files/remote/cdn.shopify.com/8411061026243.jpg,0
8411061026250,https://cdn.shopify.com/s/files/1/0679/9792/5684/products/8411061026250-9.jpg?v=1671902633,cdn.shopify.com,shopify,files/remote/cdn.shopify.com/8411061026250.jpg,0
8411061026298,https://cdn.shopify.com/s/files/1/0679/9792/5684/products/8411061026298-9.jpg?v=1671862694,cdn.shopify.com,shopify,files/remote/cdn.shopify.com/8411061026298.jpg,0
8411061026335,https://images.btswholesaler.com/imgs/productos_cosmetica/imagenes/8411061026335_1.webp,images.btswholesaler.com,bts_cdn,files/remote/images.btswholesaler.com/8411061026335.webp,0
8411061027813,https://cdn.shopify.com/s/files/1/0679/9792/5684/files/V721674.jpg?v=1740617785,cdn.shopify.com,shopify,files/remote/cdn.shopify.com/8411061027813.jpg,0
8411061027820,https://images.btswholesaler.com/imgs/productos_cosmetica/imagenes/8411061027820.webp,images.btswholesaler.com,bts_cdn,files/remote/images.btswholesaler.com/8411061027820.webp,0
8411061027981,https://cdn.shopify.com/s/files/1/0679/9792/5684/files/P931223.jpg?v=1740617796,cdn.shopify.com,shopify,files/remote/cdn.shopify.com/8411061027981.jpg,0
8411061028933,https://cdn.shopify.com/s/files/1/0679/9792/5684/files/N5893211.jpg?v=1740617835,cdn.shopify.com,shopify,files/remote/cdn.shopify.com/8411061028933.jpg,0
8411061029626,https://cdn.shopify.com/s/files/1/0679/9792/5684/files/L926038.jpg?v=1740617113,cdn.shopify.com,shopify,files/remote/cdn.shopify.com/8411061029626.jpg,0
8411061033906,https://cdn.shopify.com/s/files/1/0679/9792/5684/files/Q894029.jpg?v=1740636250,cdn.shopify.com,shopify,files/remote/cdn.shopify.com/8411061033906.jpg,0
8411061041659,https://cdn.shopify.com/s/files/1/0679/9792/5684/files/V263583.jpg?v=1740609885,cdn.shopify.com,shopify,files/remote/cdn.shopify.com/8411061041659.jpg,0
8411061041673,https://cdn.shopify.com/s/files/1/0679/9792/5684/files/P98265.jpg?v=1740609867,cdn.shopify.com,shopify,files/remote/cdn.shopify.com/8411061041673.jpg,0
8411061041802,https://cdn.shopify.com/s/files/1/0679/9792/5684/products/8411061841631-9.jpg?v=1671902621,cdn.shopify.com,shopify,files/remote/cdn.shopify.com/8411061041802.jpg,0
8411061043844,https://cdn.shopify.com/s/files/1/0679/9792/5684/files/Z262810.jpg?v=1740617769,cdn.shopify.com,shopify,files/remote/cdn.shopify.com/8411061043844.jpg,0
8411061043875,https://cdn.shopify.com/s/files/1/0679/9792/5684/files/J72129.jpg?v=1740609888,cdn.shopify.com,shopify,files/remote/cdn.shopify.com/8411061043875.jpg,0
8411061044988,https://cdn.shopify.com/s/files/1/0679/9792/5684/files/P211230.jpg?v=1740617097,cdn.shopify.com,shopify,files/remote/cdn.shopify.com/8411061044988.jpg,0
8411061044995,https://cdn.shopify.com/s/files/1/0679/9792/5684/files/F510551.jpg?v=1740617101,cdn.shopify.com,shopify,files/remote/cdn.shopify.com/8411061044995.jpg,0
8411061045237,https://cdn.shopify.com/s/files/1/0679/9792/5684/files/S253200.jpg?v=1740634410,cdn.shopify.com,shopify,files/remote/cdn.shopify.com/8411061045237.jpg,0
8411061045305,https://cdn.shopify.com/s/files/1/0679/9792/5684/files/P553229.jpg?v=1740609002,cdn.shopify.com,shopify,files/remote/cdn.shopify.com/8411061045305.jpg,0
8411061045312,https://cdn.shopify.com/s/files/1/0679/9792/5684/files/Z211430.jpg?v=1740609010,cdn.shopify.com,shopify,files/remote/cdn.shopify.com/8411061045312.jpg,0
8411061057056,https://cdn.shopify.com/s/files/1/0679/9792/5684/files/F370251.jpg?v=1740617812,cdn.shopify.com,shopify,files/remote/cdn.shopify.com/8411061057056.jpg,0
8411061064672,https://cdn.shopify.com/s/files/1/0679/9792/5684/files/V433473.jpg?v=1740609874,cdn.shopify.com,shopify,files/remote/cdn.shopify.com/8411061064672.jpg,0
8411061067925,https://cdn.shopify.com/s/files/1/0679/9792/5684/products/8411061665022-9.jpg?v=1671870145,cdn.shopify.com,shopify,files/remote/cdn.shopify.com/8411061067925.jpg,0
8411061074893,https://images.btswholesaler.com/imgs/productos_cosmetica/imagenes/8411061074893.webp,images.btswholesaler.com,bts_cdn,files/remote/images.btswholesaler.com/8411061074893.webp,0
8411061077146,https://images.btswholesaler.com/imgs/productos_cosmetica/imagenes/8411061077146.webp,images.btswholesaler.com,bts_cdn,files/remote/images.btswholesaler.com/8411061077146.webp,0
8411061077153,https://images.btswholesaler.com/imgs/productos_cosmetica/imagenes/8411061077153.webp,images.btswholesaler.com,bts_cdn,files/remote/images.btswholesaler.com/8411061077153.webp,0
8411061077160,https://images.btswholesaler.com/imgs/productos_cosmetica/imagenes/8411061077160.webp,images.btswholesaler.com,bts_cdn,files/remote/images.btswholesaler.com/8411061077160.webp,0
8411061080641,https://cdn.shopify.com/s/files/1/0679/9792/5684/files/T99294.jpg?v=1740617124,cdn.shopify.com,shopify,files/remote/cdn.shopify.com/8411061080641.jpg,0
8411061081006,https://cdn.shopify.com/s/files/1/0679/9792/5684/files/Q291035.jpg?v=1740608998,cdn.shopify.com,shopify,files/remote/cdn.shopify.com/8411061081006.jpg,0
8411061081150,https://images.btswholesaler.com/imgs/productos_cosmetica/imagenes/8411061081150.webp,images.btswholesaler.com,bts_cdn,files/remote/images.btswholesaler.com/8411061081150.webp,0
8411061081259,https://images.btswholesaler.com/imgs/productos_cosmetica/imagenes/8411061081259_1.webp,images.btswholesaler.com,bts_cdn,files/remote/images.btswholesaler.com/8411061081259.webp,0
8411061081266,https://images.btswholesaler.com/imgs/productos_cosmetica/imagenes/8411061081266.webp,images.btswholesaler.com,bts_cdn,files/remote/images.btswholesaler.com/8411061081266.webp,0
8411061081426,https://images.btswholesaler.com/imgs/productos_cosmetica/imagenes/8411061081426.webp,images.btswholesaler.com,bts_cdn,files/remote/images.btswholesaler.com/8411061081426.webp,0
8411061081563,https://cdn.shopify.com/s/files/1/0679/9792/5684/files/B16347.jpg?v=1740617089,cdn.shopify.com,shopify,files/remote/cdn.shopify.com/8411061081563.jpg,0
8411061081600,https://cdn.shopify.com/s/files/1/0679/9792/5684/products/8411061081600-9.jpg?v=1671874371,cdn.shopify.com,shopify,files/remote/cdn.shopify.com/8411061081600.jpg,0
8411061082935,https://images.btswholesaler.com/imgs/productos_cosmetica/imagenes/8411061082935.webp,images.btswholesaler.com,bts_cdn,files/remote/images.btswholesaler.com/8411061082935.webp,0
8411061083482,https://images.btswholesaler.com/imgs/productos_cosmetica/imagenes/8411061083482.webp,images.btswholesaler.com,bts_cdn,files/remote/images.btswholesaler.com/8411061083482.webp,0
8411061083499,https://images.btswholesaler.com/imgs/productos_cosmetica/imagenes/8411061083499.webp,images.btswholesaler.com,bts_cdn,files/remote/images.btswholesaler.com/8411061083499.webp,0
8411061083666,https://images.btswholesaler.com/imgs/productos_cosmetica/imagenes/8411061083666.webp,images.btswholesaler.com,bts_cdn,files/remote/images.btswholesaler.com/8411061083666.webp,0
8411061083765,https://images.btswholesaler.com/imgs/productos_cosmetica/imagenes/8411061083765_1.webp,images.btswholesaler.com,bts_cdn,files/remote/images.btswholesaler.com/8411061083765.webp,0
8411061084922,https://cdn.shopify.com/s/files/1/0679/9792/5684/files/T524277.jpg?v=1740609020,cdn.shopify.com,shopify,files/remote/cdn.shopify.com/8411061084922.jpg,0
8411061099728,https://cdn.shopify.com/s/files/1/0679/9792/5684/products/8411061923245-9.jpg?v=1673061011,cdn.shopify.com,shopify,files/remote/cdn.shopify.com/8411061099728.jpg,0
8411061099735,https://cdn.shopify.com/s/files/1/0679/9792/5684/files/H674074.jpg?v=1740617808,cdn.shopify.com,shopify,files/remote/cdn.shopify.com/8411061099735.jpg,0
8411061106204,https://images.btswholesaler.com/imgs/productos_cosmetica/imagenes/8411061106204.webp,images.btswholesaler.com,bts_cdn,files/remote/images.btswholesaler.com/8411061106204.webp,0
8411061106228,https://images.btswholesaler.com/imgs/productos_cosmetica/imagenes/8411061106228.webp,images.btswholesaler.com,bts_cdn,files/remote/images.btswholesaler.com/8411061106228.webp,0
8411061106297,https://images.btswholesaler.com/imgs/productos_cosmetica/imagenes/8411061106297.webp,images.btswholesaler.com,bts_cdn,files/remote/images.btswholesaler.com/8411061106297.webp,0
8411061106310,https://images.btswholesaler.com/imgs/productos_cosmetica/imagenes/8411061106310.webp,images.btswholesaler.com,bts_cdn,files/remote/images.btswholesaler.com/8411061106310.webp,0
8411061123614,https://images.btswholesaler.com/imgs/productos_cosmetica/imagenes/8411061123614_1.webp,images.btswholesaler.com,bts_cdn,files/remote/images.btswholesaler.com/8411061123614.webp,0
8411061124802,https://cdn.shopify.com/s/files/1/0679/9792/5684/files/T606248.jpg?v=1740609892,cdn.shopify.com,shopify,files/remote/cdn.shopify.com/8411061124802.jpg,0
8411061124833,https://images.btswholesaler.com/imgs/productos_cosmetica/imagenes/8411061124833.webp,images.btswholesaler.com,bts_cdn,files/remote/images.btswholesaler.com/8411061124833.webp,0
8411061191606,https://cdn.shopify.com/s/files/1/0679/9792/5684/files/D0218.jpg?v=1740614080,cdn.shopify.com,shopify,files/remote/cdn.shopify.com/8411061191606.jpg,0
8411061251706,https://cdn.shopify.com/s/files/1/0679/9792/5684/products/8411061894026-9.jpg?v=1671873158,cdn.shopify.com,shopify,files/remote/cdn.shopify.com/8411061251706.jpg,0
8411061347508,https://images.btswholesaler.com/imgs/productos_cosmetica/imagenes/8411061347508.webp,images.btswholesaler.com,bts_cdn,files/remote/images.btswholesaler.com/8411061347508.webp,0
8411061401705,https://cdn.shopify.com/s/files/1/0679/9792/5684/files/V101103.jpg?v=1740617132,cdn.shopify.com,shopify,files/remote/cdn.shopify.com/8411061401705.jpg,0
8411061411919,https://cdn.shopify.com/s/files/1/0679/9792/5684/files/Q2154.jpg?v=1740617146,cdn.shopify.com,shopify,files/remote/cdn.shopify.com/8411061411919.jpg,0
8411061561904,https://cdn.shopify.com/s/files/1/0679/9792/5684/files/Q91092.jpg?v=1740617143,cdn.shopify.com,shopify,files/remote/cdn.shopify.com/8411061561904.jpg,0
8411061582350,https://cdn.shopify.com/s/files/1/0679/9792/5684/files/C8728.jpg?v=1740617151,cdn.shopify.com,shopify,files/remote/cdn.shopify.com/8411061582350.jpg,0
8411061665077,https://images.btswholesaler.com/imgs/productos_cosmetica/imagenes/8411061805879.webp,images.btswholesaler.com,bts_cdn,files/remote/images.btswholesaler.com/8411061665077.webp,0
8411061762264,https://cdn.shopify.com/s/files/1/0679/9792/5684/products/8411061762264-9.jpg?v=1671871354,cdn.shopify.com,shopify,files/remote/cdn.shopify.com/8411061762264.jpg,0
8411061782347,https://cdn.shopify.com/s/files/1/0679/9792/5684/files/Z05433.jpg?v=1740617777,cdn.shopify.com,shopify,files/remote/cdn.shopify.com/8411061782347.jpg,0
8411061783368,https://cdn.shopify.com/s/files/1/0679/9792/5684/files/G643628.jpg?v=1740615992,cdn.shopify.com,shopify,files/remote/cdn.shopify.com/8411061783368.jpg,0
8411061823026,https://cdn.shopify.com/s/files/1/0679/9792/5684/files/D094679.jpg?v=1740615971,cdn.shopify.com,shopify,files/remote/cdn.shopify.com/8411061823026.jpg,0
8411061841655,https://cdn.shopify.com/s/files/1/0679/9792/5684/products/8411061841655-9.jpg?v=1673064765,cdn.shopify.com,shopify,files/remote/cdn.shopify.com/8411061841655.jpg,0
8411061870518,https://images.btswholesaler.com/imgs/productos_cosmetica/imagenes/8411061870518_1.webp,images.btswholesaler.com,bts_cdn,files/remote/images.btswholesaler.com/8411061870518.webp,0
8411061876008,https://cdn.shopify.com/s/files/1/0679/9792/5684/files/N312887.jpg?v=1740615968,cdn.shopify.com,shopify,files/remote/cdn.shopify.com/8411061876008.jpg,0
8411061916933,https://cdn.shopify.com/s/files/1/0679/9792/5684/files/X123776.jpg?v=1740615978,cdn.shopify.com,shopify,files/remote/cdn.shopify.com/8411061916933.jpg,0
8411061916964,https://cdn.shopify.com/s/files/1/0679/9792/5684/files/I865385.jpg?v=1740615974,cdn.shopify.com,shopify,files/remote/cdn.shopify.com/8411061916964.jpg,0
8411061972656,https://cdn.shopify.com/s/files/1/0679/9792/5684/files/J79929.jpg?v=1740617756,cdn.shopify.com,shopify,files/remote/cdn.shopify.com/8411061972656.jpg,0
8411061974759,https://cdn.shopify.com/s/files/1/0679/9792/5684/files/L603919.jpg?v=1740617752,cdn.shopify.com,shopify,files/remote/cdn.shopify.com/8411061974759.jpg,0
8411061991886,https://cdn.shopify.com/s/files/1/0679/9792/5684/files/L324073.jpg?v=1740617839,cdn.shopify.com,shopify,files/remote/cdn.shopify.com/8411061991886.jpg,0
8411061996539,https://cdn.shopify.com/s/files/1/0679/9792/5684/files/Z723423.jpg?v=1740609830,cdn.shopify.com,shopify,files/remote/cdn.shopify.com/8411061996539.jpg,0
8411114057156,https://cdn.shopify.com/s/files/1/0679/9792/5684/files/Z143423.jpg?v=1740615141,cdn.shopify.com,shopify,files/remote/cdn.shopify.com/8411114057156.jpg,0
8411114057262,https://cdn.shopify.com/s/files/1/0679/9792/5684/files/N5128211.jpg?v=1740621076,cdn.shopify.com,shopify,files/remote/cdn.shopify.com/8411114057262.jpg,0
8411114057316,https://cdn.shopify.com/s/files/1/0679/9792/5684/files/W246761.jpg?v=1740615156,cdn.shopify.com,shopify,files/remote/cdn.shopify.com/8411114057316.jpg,0
8411114081564,https://images.btswholesaler.com/imgs/productos_cosmetica/imagenes/8411114081564_1.webp,images.btswholesaler.com,bts_cdn,files/remote/images.btswholesaler.com/8411114081564.webp,0
8411114085814,https://images.btswholesaler.com/imgs/productos_cosmetica/imagenes/8411114085814.webp,images.btswholesaler.com,bts_cdn,files/remote/images.btswholesaler.com/8411114085814.webp,0
8411114090108,https://images.btswholesaler.com/imgs/productos_cosmetica/imagenes/8411114090108.webp,images.btswholesaler.com,bts_cdn,files/remote/images.btswholesaler.com/8411114090108.webp,0
8411114090535,https://images.btswholesaler.com/imgs/productos_cosmetica/imagenes/8411114090535.webp,images.btswholesaler.com,bts_cdn,files/remote/images.btswholesaler.com/8411114090535.webp,0
8411114093390,https://images.btswholesaler.com/imgs/productos_cosmetica/imagenes/8411114093390.webp,images.btswholesaler.com,bts_cdn,files/remote/images.btswholesaler.com/8411114093390.webp,0
841317000020,https://cdn.shopify.com/s/files/1/0679/9792/5684/files/X267479.jpg?v=1740612619,cdn.shopify.com,shopify,files/remote/cdn.shopify.com/841317000020.jpg,0
841317000051,https://cdn.shopify.com/s/files/1/0679/9792/5684/files/Z990811.jpg?v=1740612615,cdn.shopify.com,shopify,files/remote/cdn.shopify.com/841317000051.jpg,0
8413400003489,https://cdn.shopify.com/s/files/1/0679/9792/5684/files/J87407.jpg?v=1740628771,cdn.shopify.com,shopify,files/remote/cdn.shopify.com/8413400003489.jpg,0
8413400004080,https://images.btswholesaler.com/imgs/productos_parafarmacia/imagenes/8413400004080_1.webp,images.btswholesaler.com,bts_cdn,files/remote/images.btswholesaler.com/8413400004080.webp,0
8413400004202,https://cdn.shopify.com/s/files/1/0679/9792/5684/files/Q643038.jpg?v=1740626843,cdn.shopify.com,shopify,files/remote/cdn.shopify.com/8413400004202.jpg,0
8413400009504,https://cdn.shopify.com/s/files/1/0679/9792/5684/files/Z963421.jpg?v=1740627333,cdn.shopify.com,shopify,files/remote/cdn.shopify.com/8413400009504.jpg,0
841493049868,https://cdn.shopify.com/s/files/1/0679/9792/5684/files/I498193.jpg?v=1740634143,cdn.shopify.com,shopify,files/remote/cdn.shopify.com/841493049868.jpg,0
841830100344,https://cdn.shopify.com/s/files/1/0679/9792/5684/files/P073220.jpg?v=1740633624,cdn.shopify.com,shopify,files/remote/cdn.shopify.com/841830100344.jpg,0
841830101280,https://cdn.shopify.com/s/files/1/0679/9792/5684/files/J003981.jpg?v=1740629685,cdn.shopify.com,shopify,files/remote/cdn.shopify.com/841830101280.jpg,0
8420090120051,https://cdn.shopify.com/s/files/1/0679/9792/5684/files/D006780.jpg?v=1740626575,cdn.shopify.com,shopify,files/remote/cdn.shopify.com/8420090120051.jpg,0
8420229962095,https://cdn.shopify.com/s/files/1/0679/9792/5684/files/I401593.jpg?v=1740622175,cdn.shopify.com,shopify,files/remote/cdn.shopify.com/8420229962095.jpg,0
8420229962118,https://cdn.shopify.com/s/files/1/0679/9792/5684/files/S788145.jpg?v=1740622179,cdn.shopify.com,shopify,files/remote/cdn.shopify.com/8420229962118.jpg,0
8420229962170,https://images.btswholesaler.com/imgs/productos_cosmetica/imagenes/8420229962170_1.webp,images.btswholesaler.com,bts_cdn,files/remote/images.btswholesaler.com/8420229962170.webp,0
8420282037648,https://cdn.shopify.com/s/files/1/0679/9792/5684/files/P032610.jpg?v=1740624799,cdn.shopify.com,shopify,files/remote/cdn.shopify.com/8420282037648.jpg,0
8420471011589,https://cdn.shopify.com/s/files/1/0679/9792/5684/files/D684695.jpg?v=1740635086,cdn.shopify.com,shopify,files/remote/cdn.shopify.com/8420471011589.jpg,0
8420471012661,https://cdn.shopify.com/s/files/1/0679/9792/5684/files/L603971.jpg?v=1740628859,cdn.shopify.com,shopify,files/remote/cdn.shopify.com/8420471012661.jpg,0
8422385700016,https://images.btswholesaler.com/imgs/productos_cosmetica/imagenes/8422385700016_1.webp,images.btswholesaler.com,bts_cdn,files/remote/images.btswholesaler.com/8422385700016.webp,0
8426017037464,https://cdn.shopify.com/s/files/1/0679/9792/5684/files/T814271.jpg?v=1740634696,cdn.shopify.com,shopify,files/remote/cdn.shopify.com/8426017037464.jpg,0
8427395011961,https://images.btswholesaler.com/imgs/productos_cosmetica/imagenes/8427395011961_1.webp,images.btswholesaler.com,bts_cdn,files/remote/images.btswholesaler.com/8427395011961.webp,0
8427395650009,https://images.btswholesaler.com/imgs/productos_cosmetica/imagenes/8427395650009.webp,images.btswholesaler.com,bts_cdn,files/remote/images.btswholesaler.com/8427395650009.webp,0
8427395900197,https://images.btswholesaler.com/imgs/productos_cosmetica/imagenes/8427395900197_1.webp,images.btswholesaler.com,bts_cdn,files/remote/images.btswholesaler.com/8427395900197.webp,0
8427395900296,https://cdn.shopify.com/s/files/1/0679/9792/5684/files/H078052.jpg?v=1740617281,cdn.shopify.com,shopify,files/remote/cdn.shopify.com/8427395900296.jpg,0
8427395940100,https://images.btswholesaler.com/imgs/productos_cosmetica/imagenes/8427395940100.webp,images.btswholesaler.com,bts_cdn,files/remote/images.btswholesaler.com/8427395940100.webp,0
8427395940278,https://cdn.shopify.com/s/files/1/0679/9792/5684/files/N4139210.jpg?v=1740609184,cdn.shopify.com,shopify,files/remote/cdn.shopify.com/8427395940278.jpg,0
8427395940285,https://images.btswholesaler.com/imgs/productos_cosmetica/imagenes/8427395940285.webp,images.btswholesaler.com,bts_cdn,files/remote/images.btswholesaler.com/8427395940285.webp,0
8429979417343,https://images.btswholesaler.com/imgs/productos_parafarmacia/imagenes/8429979417343.webp,images.btswholesaler.com,bts_cdn,files/remote/images.btswholesaler.com/8429979417343.webp,0
8429979417534,https://images.btswholesaler.com/imgs/productos_parafarmacia/imagenes/8429979417534.webp,images.btswholesaler.com,bts_cdn,files/remote/images.btswholesaler.com/8429979417534.webp,0
8429979417541,https://cdn.shopify.com/s/files/1/0679/9792/5684/files/Y275592.jpg?v=1740629067,cdn.shopify.com,shopify,files/remote/cdn.shopify.com/8429979417541.jpg,0
8429979426345,https://images.btswholesaler.com/imgs/productos_parafarmacia/imagenes/8429979426345_1.webp,images.btswholesaler.com,bts_cdn,files/remote/images.btswholesaler.com/8429979426345.webp,0
8429979439475,https://images.btswholesaler.com/imgs/productos_parafarmacia/imagenes/8429979439475.webp,images.btswholesaler.com,bts_cdn,files/remote/images.btswholesaler.com/8429979439475.webp,0
8429979439529,https://cdn.shopify.com/s/files/1/0679/9792/5684/files/W019758.jpg?v=1740626958,cdn.shopify.com,shopify,files/remote/cdn.shopify.com/8429979439529.jpg,0
8429979458223,https://images.btswholesaler.com/imgs/productos_parafarmacia/imagenes/8429979458223_1.webp,images.btswholesaler.com,bts_cdn,files/remote/images.btswholesaler.com/8429979458223.webp,0
8431754002729,https://cdn.shopify.com/s/files/1/0679/9792/5684/files/S608127.jpg?v=1740613096,cdn.shopify.com,shopify,files/remote/cdn.shopify.com/8431754002729.jpg,0
8431754342016,https://images.btswholesaler.com/imgs/productos_cosmetica/imagenes/8431754342016.webp,images.btswholesaler.com,bts_cdn,files/remote/images.btswholesaler.com/8431754342016.webp,0
8431754345024,https://cdn.shopify.com/s/files/1/0679/9792/5684/files/F67525.jpg?v=1740613107,cdn.shopify.com,shopify,files/remote/cdn.shopify.com/8431754345024.jpg,0
8431754347011,https://cdn.shopify.com/s/files/1/0679/9792/5684/files/H893251.jpg?v=1740613103,cdn.shopify.com,shopify,files/remote/cdn.shopify.com/8431754347011.jpg,0
8432225070148,https://images.btswholesaler.com/imgs/productos_cosmetica/imagenes/8432225129822.webp,images.btswholesaler.com,bts_cdn,files/remote/images.btswholesaler.com/8432225070148.webp,0
8432225074160,https://images.btswholesaler.com/imgs/productos_cosmetica/imagenes/8432225129778_1.webp,images.btswholesaler.com,bts_cdn,files/remote/images.btswholesaler.com/8432225074160.webp,0
8432225074184,https://images.btswholesaler.com/imgs/productos_cosmetica/imagenes/8432225129907.webp,images.btswholesaler.com,bts_cdn,files/remote/images.btswholesaler.com/8432225074184.webp,0
8432225076560,https://images.btswholesaler.com/imgs/productos_cosmetica/imagenes/8432225129877_1.webp,images.btswholesaler.com,bts_cdn,files/remote/images.btswholesaler.com/8432225076560.webp,0
8432225093901,https://cdn.shopify.com/s/files/1/0679/9792/5684/files/B216462.jpg?v=1740625150,cdn.shopify.com,shopify,files/remote/cdn.shopify.com/8432225093901.jpg,0
8432225096674,https://images.btswholesaler.com/imgs/productos_cosmetica/imagenes/8432225129860_1.webp,images.btswholesaler.com,bts_cdn,files/remote/images.btswholesaler.com/8432225096674.webp,0
8432225113586,https://images.btswholesaler.com/imgs/productos_cosmetica/imagenes/8432225113586_1.webp,images.btswholesaler.com,bts_cdn,files/remote/images.btswholesaler.com/8432225113586.webp,0
8432225113593,https://images.btswholesaler.com/imgs/productos_cosmetica/imagenes/8432225113593_1.webp,images.btswholesaler.com,bts_cdn,files/remote/images.btswholesaler.com/8432225113593.webp,0
8432225113678,https://images.btswholesaler.com/imgs/productos_cosmetica/imagenes/8432225113678_1.webp,images.btswholesaler.com,bts_cdn,files/remote/images.btswholesaler.com/8432225113678.webp,0
8432225113920,https://images.btswholesaler.com/imgs/productos_cosmetica/imagenes/8432225113920_1.webp,images.btswholesaler.com,bts_cdn,files/remote/images.btswholesaler.com/8432225113920.webp,0
8432225113937,https://images.btswholesaler.com/imgs/productos_cosmetica/imagenes/8432225113937_1.webp,images.btswholesaler.com,bts_cdn,files/remote/images.btswholesaler.com/8432225113937.webp,0
8432225114200,https://images.btswholesaler.com/imgs/productos_cosmetica/imagenes/8432225114200_1.webp,images.btswholesaler.com,bts_cdn,files/remote/images.btswholesaler.com/8432225114200.webp,0
8432225115023,https://images.btswholesaler.com/imgs/productos_cosmetica/imagenes/8432225115023_1.webp,images.btswholesaler.com,bts_cdn,files/remote/images.btswholesaler.com/8432225115023.webp,0
8432225115924,https://cdn.shopify.com/s/files/1/0679/9792/5684/files/B156462.jpg?v=1740625855,cdn.shopify.com,shopify,files/remote/cdn.shopify.com/8432225115924.jpg,0
8432225126753,https://cdn.shopify.com/s/files/1/0679/9792/5684/files/N6791213.jpg?v=1740626459,cdn.shopify.com,shopify,files/remote/cdn.shopify.com/8432225126753.jpg,0
8432225127859,https://images.btswholesaler.com/imgs/productos_cosmetica/imagenes/8432225127859_1.webp,images.btswholesaler.com,bts_cdn,files/remote/images.btswholesaler.com/8432225127859.webp,0
8432225127866,https://images.btswholesaler.com/imgs/productos_cosmetica/imagenes/8432225127866.webp,images.btswholesaler.com,bts_cdn,files/remote/images.btswholesaler.com/8432225127866.webp,0
8432225129846,https://images.btswholesaler.com/imgs/productos_cosmetica/imagenes/8432225129846_1.webp,images.btswholesaler.com,bts_cdn,files/remote/images.btswholesaler.com/8432225129846.webp,0
8432225137001,https://images.btswholesaler.com/imgs/productos_cosmetica/imagenes/8432225137001.webp,images.btswholesaler.com,bts_cdn,files/remote/images.btswholesaler.com/8432225137001.webp,0
8432225137018,https://images.btswholesaler.com/imgs/productos_cosmetica/imagenes/8432225137018.webp,images.btswholesaler.com,bts_cdn,files/remote/images.btswholesaler.com/8432225137018.webp,0
8433982003288,https://cdn.shopify.com/s/files/1/0679/9792/5684/files/B862224.jpg?v=1740634458,cdn.shopify.com,shopify,files/remote/cdn.shopify.com/8433982003288.jpg,0
8433982003721,https://cdn.shopify.com/s/files/1/0679/9792/5684/files/H565474.jpg?v=1740634436,cdn.shopify.com,shopify,files/remote/cdn.shopify.com/8433982003721.jpg,0
8433982005329,https://cdn.shopify.com/s/files/1/0679/9792/5684/files/B922227.jpg?v=1740617339,cdn.shopify.com,shopify,files/remote/cdn.shopify.com/8433982005329.jpg,0
8433982006449,https://cdn.shopify.com/s/files/1/0679/9792/5684/files/T045238.jpg?v=1740634433,cdn.shopify.com,shopify,files/remote/cdn.shopify.com/8433982006449.jpg,0
8433982007781,https://cdn.shopify.com/s/files/1/0679/9792/5684/files/T480237.jpg?v=1740634439,cdn.shopify.com,shopify,files/remote/cdn.shopify.com/8433982007781.jpg,0
8433982011535,https://cdn.shopify.com/s/files/1/0679/9792/5684/files/T614258.jpg?v=1740634442,cdn.shopify.com,shopify,files/remote/cdn.shopify.com/8433982011535.jpg,0
8433982011542,https://cdn.shopify.com/s/files/1/0679/9792/5684/files/J172281.jpg?v=1740634445,cdn.shopify.com,shopify,files/remote/cdn.shopify.com/8433982011542.jpg,0
8434853000047,https://images.btswholesaler.com/imgs/productos_cosmetica/imagenes/8434853000047.webp,images.btswholesaler.com,bts_cdn,files/remote/images.btswholesaler.com/8434853000047.webp,0
8434853003420,https://images.btswholesaler.com/imgs/productos_cosmetica/imagenes/8434853003420.webp,images.btswholesaler.com,bts_cdn,files/remote/images.btswholesaler.com/8434853003420.webp,0
8435137727087,https://cdn.shopify.com/s/files/1/0679/9792/5684/products/8435137727087-9.jpg?v=1671883994,cdn.shopify.com,shopify,files/remote/cdn.shopify.com/8435137727087.jpg,0
8435137727100,https://cdn.shopify.com/s/files/1/0679/9792/5684/products/8435137727100-9.jpg?v=1671883980,cdn.shopify.com,shopify,files/remote/cdn.shopify.com/8435137727100.jpg,0
8435137759811,https://cdn.shopify.com/s/files/1/0679/9792/5684/files/W846829.jpg?v=1740621371,cdn.shopify.com,shopify,files/remote/cdn.shopify.com/8435137759811.jpg,0
8435415006408,https://cdn.shopify.com/s/files/1/0679/9792/5684/products/8435415006408-9.jpg?v=1671903209,cdn.shopify.com,shopify,files/remote/cdn.shopify.com/8435415006408.jpg,0
8435415007542,https://cdn.shopify.com/s/files/1/0679/9792/5684/products/8435415007542-9.jpg?v=1673064845,cdn.shopify.com,shopify,files/remote/cdn.shopify.com/8435415007542.jpg,0
8435415007573,https://cdn.shopify.com/s/files/1/0679/9792/5684/files/T027726.jpg?v=1740636385,cdn.shopify.com,shopify,files/remote/cdn.shopify.com/8435415007573.jpg,0
8435415007665,https://cdn.shopify.com/s/files/1/0679/9792/5684/products/8435415036429-9.jpg?v=1671903185,cdn.shopify.com,shopify,files/remote/cdn.shopify.com/8435415007665.jpg,0
8435415017190,https://cdn.shopify.com/s/files/1/0679/9792/5684/files/V813462.jpg?v=1740619467,cdn.shopify.com,shopify,files/remote/cdn.shopify.com/8435415017190.jpg,0
8435415017206,https://cdn.shopify.com/s/files/1/0679/9792/5684/products/8435415017206-9.jpg?v=1673064240,cdn.shopify.com,shopify,files/remote/cdn.shopify.com/8435415017206.jpg,0
8435415017213,https://cdn.shopify.com/s/files/1/0679/9792/5684/files/B772230.jpg?v=1740612923,cdn.shopify.com,shopify,files/remote/cdn.shopify.com/8435415017213.jpg,0
8435415017237,https://cdn.shopify.com/s/files/1/0679/9792/5684/files/R769030.jpg?v=1740612920,cdn.shopify.com,shopify,files/remote/cdn.shopify.com/8435415017237.jpg,0
8435415017244,https://cdn.shopify.com/s/files/1/0679/9792/5684/products/8435415017244-9.jpg?v=1672228023,cdn.shopify.com,shopify,files/remote/cdn.shopify.com/8435415017244.jpg,0
8435415018685,https://images.btswholesaler.com/imgs/productos_cosmetica/imagenes/8435415085168.webp,images.btswholesaler.com,bts_cdn,files/remote/images.btswholesaler.com/8435415018685.webp,0
8435415022491,https://cdn.shopify.com/s/files/1/0679/9792/5684/files/N518546.jpg?v=1740612893,cdn.shopify.com,shopify,files/remote/cdn.shopify.com/8435415022491.jpg,0
8435415030885,https://cdn.shopify.com/s/files/1/0679/9792/5684/files/J036281.jpg?v=1740619483,cdn.shopify.com,shopify,files/remote/cdn.shopify.com/8435415030885.jpg,0
8435415030908,https://cdn.shopify.com/s/files/1/0679/9792/5684/files/Z725420.jpg?v=1740619492,cdn.shopify.com,shopify,files/remote/cdn.shopify.com/8435415030908.jpg,0
8435415032278,https://cdn.shopify.com/s/files/1/0679/9792/5684/products/8435415032278-9.jpg?v=1672490710,cdn.shopify.com,shopify,files/remote/cdn.shopify.com/8435415032278.jpg,0
8435415032360,https://cdn.shopify.com/s/files/1/0679/9792/5684/products/8435415032360-1.jpg?v=1671859589,cdn.shopify.com,shopify,files/remote/cdn.shopify.com/8435415032360.jpg,0
8435415033633,https://images.btswholesaler.com/imgs/productos_cosmetica/imagenes/8435415092128.webp,images.btswholesaler.com,bts_cdn,files/remote/images.btswholesaler.com/8435415033633.webp,0
8435415036337,https://images.btswholesaler.com/imgs/productos_cosmetica/imagenes/8435415099073_1.webp,images.btswholesaler.com,bts_cdn,files/remote/images.btswholesaler.com/8435415036337.webp,0
8435415050753,https://images.btswholesaler.com/imgs/productos_cosmetica/imagenes/8435415050753.webp,images.btswholesaler.com,bts_cdn,files/remote/images.btswholesaler.com/8435415050753.webp,0
8435415050760,https://images.btswholesaler.com/imgs/productos_cosmetica/imagenes/8435415050760.webp,images.btswholesaler.com,bts_cdn,files/remote/images.btswholesaler.com/8435415050760.webp,0
8435415050777,https://cdn.shopify.com/s/files/1/0679/9792/5684/files/D586863.jpg?v=1740612944,cdn.shopify.com,shopify,files/remote/cdn.shopify.com/8435415050777.jpg,0
8435415052382,https://cdn.shopify.com/s/files/1/0679/9792/5684/files/B976329.jpg?v=1740634663,cdn.shopify.com,shopify,files/remote/cdn.shopify.com/8435415052382.jpg,0
8435415055963,https://cdn.shopify.com/s/files/1/0679/9792/5684/files/D636731.jpg?v=1740619488,cdn.shopify.com,shopify,files/remote/cdn.shopify.com/8435415055963.jpg,0
8435415062213,https://images.btswholesaler.com/imgs/productos_cosmetica/imagenes/8435415062213.webp,images.btswholesaler.com,bts_cdn,files/remote/images.btswholesaler.com/8435415062213.webp,0
8435415065191,https://images.btswholesaler.com/imgs/productos_cosmetica/imagenes/8435415065191.webp,images.btswholesaler.com,bts_cdn,files/remote/images.btswholesaler.com/8435415065191.webp,0
8435415065207,https://images.btswholesaler.com/imgs/productos_cosmetica/imagenes/8435415065207.webp,images.btswholesaler.com,bts_cdn,files/remote/images.btswholesaler.com/8435415065207.webp,0
8435415076814,https://images.btswholesaler.com/imgs/productos_cosmetica/imagenes/8435415076814.webp,images.btswholesaler.com,bts_cdn,files/remote/images.btswholesaler.com/8435415076814.webp,0
8435415076821,https://cdn.shopify.com/s/files/1/0679/9792/5684/files/L925834.jpg?v=1740612906,cdn.shopify.com,shopify,files/remote/cdn.shopify.com/8435415076821.jpg,0
8435415076838,https://cdn.shopify.com/s/files/1/0679/9792/5684/files/V241875.jpg?v=1740612901,cdn.shopify.com,shopify,files/remote/cdn.shopify.com/8435415076838.jpg,0
8435415076906,https://images.btswholesaler.com/imgs/productos_cosmetica/imagenes/8435415076906.webp,images.btswholesaler.com,bts_cdn,files/remote/images.btswholesaler.com/8435415076906.webp,0
8435415076937,https://images.btswholesaler.com/imgs/productos_cosmetica/imagenes/8435415076937.webp,images.btswholesaler.com,bts_cdn,files/remote/images.btswholesaler.com/8435415076937.webp,0
8435415076944,https://images.btswholesaler.com/imgs/productos_cosmetica/imagenes/8435415076944.webp,images.btswholesaler.com,bts_cdn,files/remote/images.btswholesaler.com/8435415076944.webp,0
8435415077576,https://images.btswholesaler.com/imgs/productos_cosmetica/imagenes/8435415092067.webp,images.btswholesaler.com,bts_cdn,files/remote/images.btswholesaler.com/8435415077576.webp,0
8435415080378,https://images.btswholesaler.com/imgs/productos_cosmetica/imagenes/8435415080378.webp,images.btswholesaler.com,bts_cdn,files/remote/images.btswholesaler.com/8435415080378.webp,0
8435415080385,https://images.btswholesaler.com/imgs/productos_cosmetica/imagenes/8435415080385_1.webp,images.btswholesaler.com,bts_cdn,files/remote/images.btswholesaler.com/8435415080385.webp,0
8435415080408,https://images.btswholesaler.com/imgs/productos_cosmetica/imagenes/8435415080408.webp,images.btswholesaler.com,bts_cdn,files/remote/images.btswholesaler.com/8435415080408.webp,0
8435415080415,https://images.btswholesaler.com/imgs/productos_cosmetica/imagenes/8435415080415.webp,images.btswholesaler.com,bts_cdn,files/remote/images.btswholesaler.com/8435415080415.webp,0
8435415080422,https://images.btswholesaler.com/imgs/productos_cosmetica/imagenes/8435415080422.webp,images.btswholesaler.com,bts_cdn,files/remote/images.btswholesaler.com/8435415080422.webp,0
8435415082921,https://cdn.shopify.com/s/files/1/0679/9792/5684/files/P175229.jpg?v=1740636381,cdn.shopify.com,shopify,files/remote/cdn.shopify.com/8435415082921.jpg,0
8435415082938,https://images.btswholesaler.com/imgs/productos_cosmetica/imagenes/8435415082938.webp,images.btswholesaler.com,bts_cdn,files/remote/images.btswholesaler.com/8435415082938.webp,0
8435415091145,https://images.btswholesaler.com/imgs/productos_cosmetica/imagenes/8435415091145_1.webp,images.btswholesaler.com,bts_cdn,files/remote/images.btswholesaler.com/8435415091145.webp,0
8435415091152,https://cdn.shopify.com/s/files/1/0679/9792/5684/files/T079277.jpg?v=1740612916,cdn.shopify.com,shopify,files/remote/cdn.shopify.com/8435415091152.jpg,0
8435415091169,https://images.btswholesaler.com/imgs/productos_cosmetica/imagenes/8435415091169_1.webp,images.btswholesaler.com,bts_cdn,files/remote/images.btswholesaler.com/8435415091169.webp,0
8435415091190,https://images.btswholesaler.com/imgs/productos_cosmetica/imagenes/8435415091190.webp,images.btswholesaler.com,bts_cdn,files/remote/images.btswholesaler.com/8435415091190.webp,0
8435415091244,https://images.btswholesaler.com/imgs/productos_cosmetica/imagenes/8435415091244.webp,images.btswholesaler.com,bts_cdn,files/remote/images.btswholesaler.com/8435415091244.webp,0
8435415091251,https://images.btswholesaler.com/imgs/productos_cosmetica/imagenes/8435415091251.webp,images.btswholesaler.com,bts_cdn,files/remote/images.btswholesaler.com/8435415091251.webp,0
8435415091268,https://cdn.shopify.com/s/files/1/0679/9792/5684/files/B656448.jpg?v=1740612927,cdn.shopify.com,shopify,files/remote/cdn.shopify.com/8435415091268.jpg,0
8435415091275,https://images.btswholesaler.com/imgs/productos_cosmetica/imagenes/8435415091275.webp,images.btswholesaler.com,bts_cdn,files/remote/images.btswholesaler.com/8435415091275.webp,0
8435415091664,https://images.btswholesaler.com/imgs/productos_cosmetica/imagenes/8435415091664.webp,images.btswholesaler.com,bts_cdn,files/remote/images.btswholesaler.com/8435415091664.webp,0
8435415092081,https://images.btswholesaler.com/imgs/productos_cosmetica/imagenes/8435415092081.webp,images.btswholesaler.com,bts_cdn,files/remote/images.btswholesaler.com/8435415092081.webp,0
8435415092500,https://cdn.shopify.com/s/files/1/0679/9792/5684/files/B626463.jpg?v=1740612912,cdn.shopify.com,shopify,files/remote/cdn.shopify.com/8435415092500.jpg,0
8435415092760,https://images.btswholesaler.com/imgs/productos_cosmetica/imagenes/8435415092760.webp,images.btswholesaler.com,bts_cdn,files/remote/images.btswholesaler.com/8435415092760.webp,0
8435415098816,https://images.btswholesaler.com/imgs/productos_cosmetica/imagenes/8435415098816_1.webp,images.btswholesaler.com,bts_cdn,files/remote/images.btswholesaler.com/8435415098816.webp,0
8435415102339,https://images.btswholesaler.com/imgs/productos_cosmetica/imagenes/8435415102339.webp,images.btswholesaler.com,bts_cdn,files/remote/images.btswholesaler.com/8435415102339.webp,0
8435415102346,https://images.btswholesaler.com/imgs/productos_cosmetica/imagenes/8435415102346_1.webp,images.btswholesaler.com,bts_cdn,files/remote/images.btswholesaler.com/8435415102346.webp,0
8435415102353,https://images.btswholesaler.com/imgs/productos_cosmetica/imagenes/8435415102353_1.webp,images.btswholesaler.com,bts_cdn,files/remote/images.btswholesaler.com/8435415102353.webp,0
8435415102483,https://images.btswholesaler.com/imgs/productos_cosmetica/imagenes/8435415102483.webp,images.btswholesaler.com,bts_cdn,files/remote/images.btswholesaler.com/8435415102483.webp,0
8435415102537,https://images.btswholesaler.com/imgs/productos_cosmetica/imagenes/8435415102537.webp,images.btswholesaler.com,bts_cdn,files/remote/images.btswholesaler.com/8435415102537.webp,0
8435415102681,https://images.btswholesaler.com/imgs/productos_cosmetica/imagenes/8435415102681.webp,images.btswholesaler.com,bts_cdn,files/remote/images.btswholesaler.com/8435415102681.webp,0
8435415102704,https://images.btswholesaler.com/imgs/productos_cosmetica/imagenes/8435415102704.webp,images.btswholesaler.com,bts_cdn,files/remote/images.btswholesaler.com/8435415102704.webp,0
8435415102711,https://images.btswholesaler.com/imgs/productos_cosmetica/imagenes/8435415102711_1.webp,images.btswholesaler.com,bts_cdn,files/remote/images.btswholesaler.com/8435415102711.webp,0
8435415105309,https://images.btswholesaler.com/imgs/productos_cosmetica/imagenes/8435415105309.webp,images.btswholesaler.com,bts_cdn,files/remote/images.btswholesaler.com/8435415105309.webp,0
8435415109369,https://images.btswholesaler.com/imgs/productos_cosmetica/imagenes/8435415109369.webp,images.btswholesaler.com,bts_cdn,files/remote/images.btswholesaler.com/8435415109369.webp,0
8435415109390,https://images.btswholesaler.com/imgs/productos_cosmetica/imagenes/8435415109390.webp,images.btswholesaler.com,bts_cdn,files/remote/images.btswholesaler.com/8435415109390.webp,0
8435415113960,https://images.btswholesaler.com/imgs/productos_cosmetica/imagenes/8435415113960.webp,images.btswholesaler.com,bts_cdn,files/remote/images.btswholesaler.com/8435415113960.webp,0
8435415114004,https://images.btswholesaler.com/imgs/productos_cosmetica/imagenes/8435415114004.webp,images.btswholesaler.com,bts_cdn,files/remote/images.btswholesaler.com/8435415114004.webp,0
8435415114356,https://images.btswholesaler.com/imgs/productos_cosmetica/imagenes/8435415114356.webp,images.btswholesaler.com,bts_cdn,files/remote/images.btswholesaler.com/8435415114356.webp,0
8435415114783,https://images.btswholesaler.com/imgs/productos_cosmetica/imagenes/8435415114783_1.webp,images.btswholesaler.com,bts_cdn,files/remote/images.btswholesaler.com/8435415114783.webp,0
8436036430115,https://cdn.shopify.com/s/files/1/0679/9792/5684/files/G886841.jpg?v=1740628637,cdn.shopify.com,shopify,files/remote/cdn.shopify.com/8436036430115.jpg,0
8436038834416,https://images.btswholesaler.com/imgs/productos_cosmetica/imagenes/8436038834416.webp,images.btswholesaler.com,bts_cdn,files/remote/images.btswholesaler.com/8436038834416.webp,0
8436038834935,https://images.btswholesaler.com/imgs/productos_cosmetica/imagenes/8436038834935_1.webp,images.btswholesaler.com,bts_cdn,files/remote/images.btswholesaler.com/8436038834935.webp,0
8436542360470,https://cdn.shopify.com/s/files/1/0679/9792/5684/products/8436542360470-9.jpg?v=1671853090,cdn.shopify.com,shopify,files/remote/cdn.shopify.com/8436542360470.jpg,0
8436542360869,https://cdn.shopify.com/s/files/1/0679/9792/5684/products/8436542360869-9.jpg?v=1673058047,cdn.shopify.com,shopify,files/remote/cdn.shopify.com/8436542360869.jpg,0
8436542360876,https://cdn.shopify.com/s/files/1/0679/9792/5684/products/8436542360876-9.jpg?v=1671853110,cdn.shopify.com,shopify,files/remote/cdn.shopify.com/8436542360876.jpg,0
8436542361194,https://cdn.shopify.com/s/files/1/0679/9792/5684/products/8436542361194-9.jpg?v=1673058037,cdn.shopify.com,shopify,files/remote/cdn.shopify.com/8436542361194.jpg,0
8436542362535,https://cdn.shopify.com/s/files/1/0679/9792/5684/products/8436542362535-9.jpg?v=1671853305,cdn.shopify.com,shopify,files/remote/cdn.shopify.com/8436542362535.jpg,0
8436542367325,https://cdn.shopify.com/s/files/1/0679/9792/5684/files/B876312.jpg?v=1740634286,cdn.shopify.com,shopify,files/remote/cdn.shopify.com/8436542367325.jpg,0
8436542368704,https://cdn.shopify.com/s/files/1/0679/9792/5684/products/8436542368704-9.jpg?v=1671853163,cdn.shopify.com,shopify,files/remote/cdn.shopify.com/8436542368704.jpg,0
8436550509182,https://images.btswholesaler.com/imgs/productos_cosmetica/imagenes/8436550509182.webp,images.btswholesaler.com,bts_cdn,files/remote/images.btswholesaler.com/8436550509182.webp,0
8436563792229,https://cdn.shopify.com/s/files/1/0679/9792/5684/files/D436706.jpg?v=1740627783,cdn.shopify.com,shopify,files/remote/cdn.shopify.com/8436563792229.jpg,0
8436563792632,https://cdn.shopify.com/s/files/1/0679/9792/5684/files/N819290.jpg?v=1740628648,cdn.shopify.com,shopify,files/remote/cdn.shopify.com/8436563792632.jpg,0
8436581940282,https://cdn.shopify.com/s/files/1/0679/9792/5684/files/Q894438.jpg?v=1740621072,cdn.shopify.com,shopify,files/remote/cdn.shopify.com/8436581940282.jpg,0
8436581940312,https://cdn.shopify.com/s/files/1/0679/9792/5684/files/J279181.jpg?v=1740615113,cdn.shopify.com,shopify,files/remote/cdn.shopify.com/8436581940312.jpg,0
8436581940329,https://cdn.shopify.com/s/files/1/0679/9792/5684/files/A990037.jpg?v=1740615137,cdn.shopify.com,shopify,files/remote/cdn.shopify.com/8436581940329.jpg,0
8436581941968,https://cdn.shopify.com/s/files/1/0679/9792/5684/files/N1259210.jpg?v=1740621051,cdn.shopify.com,shopify,files/remote/cdn.shopify.com/8436581941968.jpg,0
8436581942101,https://cdn.shopify.com/s/files/1/0679/9792/5684/files/L725887.jpg?v=1740615152,cdn.shopify.com,shopify,files/remote/cdn.shopify.com/8436581942101.jpg,0
8436581942538,https://cdn.shopify.com/s/files/1/0679/9792/5684/files/L926172.jpg?v=1740615130,cdn.shopify.com,shopify,files/remote/cdn.shopify.com/8436581942538.jpg,0
8436581943894,https://cdn.shopify.com/s/files/1/0679/9792/5684/files/L926148.jpg?v=1740615148,cdn.shopify.com,shopify,files/remote/cdn.shopify.com/8436581943894.jpg,0
8436581944686,https://cdn.shopify.com/s/files/1/0679/9792/5684/files/N8546213.jpg?v=1740637207,cdn.shopify.com,shopify,files/remote/cdn.shopify.com/8436581944686.jpg,0
8436581944693,https://cdn.shopify.com/s/files/1/0679/9792/5684/files/J539381.jpg?v=1740637214,cdn.shopify.com,shopify,files/remote/cdn.shopify.com/8436581944693.jpg,0
8436581945874,https://cdn.shopify.com/s/files/1/0679/9792/5684/files/T374266.jpg?v=1740615501,cdn.shopify.com,shopify,files/remote/cdn.shopify.com/8436581945874.jpg,0
8436581945881,https://cdn.shopify.com/s/files/1/0679/9792/5684/files/V581796.jpg?v=1740615486,cdn.shopify.com,shopify,files/remote/cdn.shopify.com/8436581945881.jpg,0
8436581945898,https://cdn.shopify.com/s/files/1/0679/9792/5684/files/L925476.jpg?v=1740615494,cdn.shopify.com,shopify,files/remote/cdn.shopify.com/8436581945898.jpg,0
8436581945904,https://cdn.shopify.com/s/files/1/0679/9792/5684/files/L726163.jpg?v=1740621532,cdn.shopify.com,shopify,files/remote/cdn.shopify.com/8436581945904.jpg,0
8436581945911,https://cdn.shopify.com/s/files/1/0679/9792/5684/files/J327581.jpg?v=1740621520,cdn.shopify.com,shopify,files/remote/cdn.shopify.com/8436581945911.jpg,0
8436581946239,https://cdn.shopify.com/s/files/1/0679/9792/5684/files/B236397.jpg?v=1740615506,cdn.shopify.com,shopify,files/remote/cdn.shopify.com/8436581946239.jpg,0
8436581946246,https://cdn.shopify.com/s/files/1/0679/9792/5684/files/P493226.jpg?v=1740615491,cdn.shopify.com,shopify,files/remote/cdn.shopify.com/8436581946246.jpg,0
8436581946253,https://cdn.shopify.com/s/files/1/0679/9792/5684/files/V541794.jpg?v=1740615498,cdn.shopify.com,shopify,files/remote/cdn.shopify.com/8436581946253.jpg,0
8436581947038,https://cdn.shopify.com/s/files/1/0679/9792/5684/files/D8446103.jpg?v=1740615093,cdn.shopify.com,shopify,files/remote/cdn.shopify.com/8436581947038.jpg,0
8436581947113,https://cdn.shopify.com/s/files/1/0679/9792/5684/files/T454260.jpg?v=1740615122,cdn.shopify.com,shopify,files/remote/cdn.shopify.com/8436581947113.jpg,0
8436581947199,https://cdn.shopify.com/s/files/1/0679/9792/5684/files/F537551.jpg?v=1740615096,cdn.shopify.com,shopify,files/remote/cdn.shopify.com/8436581947199.jpg,0
8436581947441,https://cdn.shopify.com/s/files/1/0679/9792/5684/files/P865230.jpg?v=1740621064,cdn.shopify.com,shopify,files/remote/cdn.shopify.com/8436581947441.jpg,0
8436581947489,https://cdn.shopify.com/s/files/1/0679/9792/5684/files/N8888213.jpg?v=1740615126,cdn.shopify.com,shopify,files/remote/cdn.shopify.com/8436581947489.jpg,0
8436581947496,https://cdn.shopify.com/s/files/1/0679/9792/5684/files/V941925.jpg?v=1740621059,cdn.shopify.com,shopify,files/remote/cdn.shopify.com/8436581947496.jpg,0
8436581948004,https://cdn.shopify.com/s/files/1/0679/9792/5684/files/B636402.jpg?v=1740636858,cdn.shopify.com,shopify,files/remote/cdn.shopify.com/8436581948004.jpg,0
8436581948011,https://cdn.shopify.com/s/files/1/0679/9792/5684/files/Z843426.jpg?v=1740636862,cdn.shopify.com,shopify,files/remote/cdn.shopify.com/8436581948011.jpg,0
8436581949070,https://cdn.shopify.com/s/files/1/0679/9792/5684/files/B996462.jpg?v=1740621091,cdn.shopify.com,shopify,files/remote/cdn.shopify.com/8436581949070.jpg,0
8436581949292,https://cdn.shopify.com/s/files/1/0679/9792/5684/files/N3857213.jpg?v=1740621104,cdn.shopify.com,shopify,files/remote/cdn.shopify.com/8436581949292.jpg,0
8436581949308,https://cdn.shopify.com/s/files/1/0679/9792/5684/files/J543281.jpg?v=1740621095,cdn.shopify.com,shopify,files/remote/cdn.shopify.com/8436581949308.jpg,0
8436581949315,https://cdn.shopify.com/s/files/1/0679/9792/5684/files/T164277.jpg?v=1740621108,cdn.shopify.com,shopify,files/remote/cdn.shopify.com/8436581949315.jpg,0
8436611101089,https://cdn.shopify.com/s/files/1/0679/9792/5684/files/N8312213.jpg?v=1740615086,cdn.shopify.com,shopify,files/remote/cdn.shopify.com/8436611101089.jpg,0
8437000435051,https://www.oceanfragrances.com/Foto/8437000435051.jpg,www.oceanfragrances.com,oceanfragrances,files/remote/www.oceanfragrances.com/8437000435051.jpg,0
8437000435235,https://cdn.shopify.com/s/files/1/0679/9792/5684/files/B922236.jpg?v=1740628651,cdn.shopify.com,shopify,files/remote/cdn.shopify.com/8437000435235.jpg,0
8437006654289,https://images.btswholesaler.com/imgs/productos_cosmetica/imagenes/8437006654289.webp,images.btswholesaler.com,bts_cdn,files/remote/images.btswholesaler.com/8437006654289.webp,0
8437006654296,https://images.btswholesaler.com/imgs/productos_cosmetica/imagenes/8437006654296.webp,images.btswholesaler.com,bts_cdn,files/remote/images.btswholesaler.com/8437006654296.webp,0
8437014130676,https://cdn.shopify.com/s/files/1/0679/9792/5684/files/K550263.jpg?v=1740624787,cdn.shopify.com,shopify,files/remote/cdn.shopify.com/8437014130676.jpg,0
8437018498437,https://cdn.shopify.com/s/files/1/0679/9792/5684/files/T969276.jpg?v=1740637211,cdn.shopify.com,shopify,files/remote/cdn.shopify.com/8437018498437.jpg,0
8437018498444,https://cdn.shopify.com/s/files/1/0679/9792/5684/files/L726157.jpg?v=1740637201,cdn.shopify.com,shopify,files/remote/cdn.shopify.com/8437018498444.jpg,0
8437018498451,https://cdn.shopify.com/s/files/1/0679/9792/5684/files/B826461.jpg?v=1740637204,cdn.shopify.com,shopify,files/remote/cdn.shopify.com/8437018498451.jpg,0
8470001669421,https://images.btswholesaler.com/imgs/productos_parafarmacia/imagenes/8470001669421.webp,images.btswholesaler.com,bts_cdn,files/remote/images.btswholesaler.com/8470001669421.webp,0
8470002507951,https://images.btswholesaler.com/imgs/productos_parafarmacia/imagenes/8470002507951.webp,images.btswholesaler.com,bts_cdn,files/remote/images.btswholesaler.com/8470002507951.webp,0
8470003245913,https://images.btswholesaler.com/imgs/productos_parafarmacia/imagenes/8470003245913_1.webp,images.btswholesaler.com,bts_cdn,files/remote/images.btswholesaler.com/8470003245913.webp,0
8470003855181,https://images.btswholesaler.com/imgs/productos_parafarmacia/imagenes/8470003855181.webp,images.btswholesaler.com,bts_cdn,files/remote/images.btswholesaler.com/8470003855181.webp,0
849017005130,https://cdn.shopify.com/s/files/1/0679/9792/5684/files/V423582.jpg?v=1740620736,cdn.shopify.com,shopify,files/remote/cdn.shopify.com/849017005130.jpg,0
849017007011,https://cdn.shopify.com/s/files/1/0679/9792/5684/files/D2356110.jpg?v=1740620688,cdn.shopify.com,shopify,files/remote/cdn.shopify.com/849017007011.jpg,0
849017007127,https://cdn.shopify.com/s/files/1/0679/9792/5684/files/B846324.jpg?v=1740609194,cdn.shopify.com,shopify,files/remote/cdn.shopify.com/849017007127.jpg,0
849017007554,https://cdn.shopify.com/s/files/1/0679/9792/5684/files/B836376.jpg?v=1740636830,cdn.shopify.com,shopify,files/remote/cdn.shopify.com/849017007554.jpg,0
849017007639,https://cdn.shopify.com/s/files/1/0679/9792/5684/files/L724333.jpg?v=1740620692,cdn.shopify.com,shopify,files/remote/cdn.shopify.com/849017007639.jpg,0
849017007776,https://cdn.shopify.com/s/files/1/0679/9792/5684/files/Z497431.jpg?v=1740620720,cdn.shopify.com,shopify,files/remote/cdn.shopify.com/849017007776.jpg,0
849017007950,https://cdn.shopify.com/s/files/1/0679/9792/5684/files/V561753.jpg?v=1740636833,cdn.shopify.com,shopify,files/remote/cdn.shopify.com/849017007950.jpg,0
849017008254,https://cdn.shopify.com/s/files/1/0679/9792/5684/files/Z665421.jpg?v=1740619327,cdn.shopify.com,shopify,files/remote/cdn.shopify.com/849017008254.jpg,0
849017008971,https://cdn.shopify.com/s/files/1/0679/9792/5684/files/F212751.jpg?v=1740619331,cdn.shopify.com,shopify,files/remote/cdn.shopify.com/849017008971.jpg,0
849017009237,https://cdn.shopify.com/s/files/1/0679/9792/5684/files/L324847.jpg?v=1740621946,cdn.shopify.com,shopify,files/remote/cdn.shopify.com/849017009237.jpg,0
849017009244,https://cdn.shopify.com/s/files/1/0679/9792/5684/files/B546363.jpg?v=1740621938,cdn.shopify.com,shopify,files/remote/cdn.shopify.com/849017009244.jpg,0
849017009398,https://cdn.shopify.com/s/files/1/0679/9792/5684/files/Z187425.jpg?v=1740619335,cdn.shopify.com,shopify,files/remote/cdn.shopify.com/849017009398.jpg,0
849017009404,https://cdn.shopify.com/s/files/1/0679/9792/5684/files/F259351.jpg?v=1740619339,cdn.shopify.com,shopify,files/remote/cdn.shopify.com/849017009404.jpg,0
849017009411,https://cdn.shopify.com/s/files/1/0679/9792/5684/files/N3337211.jpg?v=1740619319,cdn.shopify.com,shopify,files/remote/cdn.shopify.com/849017009411.jpg,0
849017009435,https://cdn.shopify.com/s/files/1/0679/9792/5684/files/B826377.jpg?v=1740619323,cdn.shopify.com,shopify,files/remote/cdn.shopify.com/849017009435.jpg,0
849017009466,https://cdn.shopify.com/s/files/1/0679/9792/5684/files/N1732214.jpg?v=1740620680,cdn.shopify.com,shopify,files/remote/cdn.shopify.com/849017009466.jpg,0
849017010264,https://cdn.shopify.com/s/files/1/0679/9792/5684/files/Z845425.jpg?v=1740636967,cdn.shopify.com,shopify,files/remote/cdn.shopify.com/849017010264.jpg,0
849017011087,https://cdn.shopify.com/s/files/1/0679/9792/5684/files/L326315.jpg?v=1740618774,cdn.shopify.com,shopify,files/remote/cdn.shopify.com/849017011087.jpg,0
849017012244,https://cdn.shopify.com/s/files/1/0679/9792/5684/files/Z559431.jpg?v=1740620696,cdn.shopify.com,shopify,files/remote/cdn.shopify.com/849017012244.jpg,0
849017012732,https://cdn.shopify.com/s/files/1/0679/9792/5684/files/B116472.jpg?v=1740620732,cdn.shopify.com,shopify,files/remote/cdn.shopify.com/849017012732.jpg,0
849017013760,https://cdn.shopify.com/s/files/1/0679/9792/5684/files/P559231.jpg?v=1740634845,cdn.shopify.com,shopify,files/remote/cdn.shopify.com/849017013760.jpg,0
849017014477,https://cdn.shopify.com/s/files/1/0679/9792/5684/files/V841944.jpg?v=1740617866,cdn.shopify.com,shopify,files/remote/cdn.shopify.com/849017014477.jpg,0
849017014484,https://cdn.shopify.com/s/files/1/0679/9792/5684/files/B416472.jpg?v=1740617870,cdn.shopify.com,shopify,files/remote/cdn.shopify.com/849017014484.jpg,0
849017014552,https://cdn.shopify.com/s/files/1/0679/9792/5684/files/N1633214.jpg?v=1740620740,cdn.shopify.com,shopify,files/remote/cdn.shopify.com/849017014552.jpg,0
849017014583,https://cdn.shopify.com/s/files/1/0679/9792/5684/files/J574781.jpg?v=1740620728,cdn.shopify.com,shopify,files/remote/cdn.shopify.com/849017014583.jpg,0
850000028395,https://cdn.shopify.com/s/files/1/0679/9792/5684/files/F577951.jpg?v=1740631711,cdn.shopify.com,shopify,files/remote/cdn.shopify.com/850000028395.jpg,0
850005353447,https://cdn.shopify.com/s/files/1/0679/9792/5684/files/D776969.jpg?v=1740628976,cdn.shopify.com,shopify,files/remote/cdn.shopify.com/850005353447.jpg,0
850009608031,https://cdn.shopify.com/s/files/1/0679/9792/5684/files/N2227214.jpg?v=1740628641,cdn.shopify.com,shopify,files/remote/cdn.shopify.com/850009608031.jpg,0
850009608413,https://cdn.shopify.com/s/files/1/0679/9792/5684/files/D6206110.jpg?v=1740627742,cdn.shopify.com,shopify,files/remote/cdn.shopify.com/850009608413.jpg,0
850018802208,https://cdn.shopify.com/s/files/1/0679/9792/5684/files/T049253.jpg?v=1740626423,cdn.shopify.com,shopify,files/remote/cdn.shopify.com/850018802208.jpg,0
850018802451,https://images.btswholesaler.com/imgs/productos_cosmetica/imagenes/0850018802451.webp,images.btswholesaler.com,bts_cdn,files/remote/images.btswholesaler.com/850018802451.webp,0
850018802567,https://cdn.shopify.com/s/files/1/0679/9792/5684/files/D156951.jpg?v=1740626734,cdn.shopify.com,shopify,files/remote/cdn.shopify.com/850018802567.jpg,0
850018802581,https://cdn.shopify.com/s/files/1/0679/9792/5684/files/B736392.jpg?v=1740625972,cdn.shopify.com,shopify,files/remote/cdn.shopify.com/850018802581.jpg,0
850023122094,https://cdn.shopify.com/s/files/1/0679/9792/5684/files/J577981.jpg?v=1740628950,cdn.shopify.com,shopify,files/remote/cdn.shopify.com/850023122094.jpg,0
850040914092,https://cdn.shopify.com/s/files/1/0679/9792/5684/files/V761946.jpg?v=1740627090,cdn.shopify.com,shopify,files/remote/cdn.shopify.com/850040914092.jpg,0
850049716628,https://cdn.shopify.com/s/files/1/0679/9792/5684/files/P489230.jpg?v=1740614242,cdn.shopify.com,shopify,files/remote/cdn.shopify.com/850049716628.jpg,0
850049716871,https://cdn.shopify.com/s/files/1/0679/9792/5684/files/J571481.jpg?v=1740614232,cdn.shopify.com,shopify,files/remote/cdn.shopify.com/850049716871.jpg,0
850050062219,https://images.btswholesaler.com/imgs/productos_cosmetica/imagenes/0850050062219.webp,images.btswholesaler.com,bts_cdn,files/remote/images.btswholesaler.com/850050062219.webp,0
850050062349,https://images.btswholesaler.com/imgs/productos_cosmetica/imagenes/0850050062349.webp,images.btswholesaler.com,bts_cdn,files/remote/images.btswholesaler.com/850050062349.webp,0
850050174363,https://images.btswholesaler.com/imgs/productos_cosmetica/imagenes/0850050174363.webp,images.btswholesaler.com,bts_cdn,files/remote/images.btswholesaler.com/850050174363.webp,0
851035000042,https://cdn.shopify.com/s/files/1/0679/9792/5684/files/B46410.jpg?v=1740612008,cdn.shopify.com,shopify,files/remote/cdn.shopify.com/851035000042.jpg,0
851604006697,https://cdn.shopify.com/s/files/1/0679/9792/5684/files/J540081.jpg?v=1740635483,cdn.shopify.com,shopify,files/remote/cdn.shopify.com/851604006697.jpg,0
852578006072,https://cdn.shopify.com/s/files/1/0679/9792/5684/files/H720175.jpg?v=1740625994,cdn.shopify.com,shopify,files/remote/cdn.shopify.com/852578006072.jpg,0
852578006102,https://cdn.shopify.com/s/files/1/0679/9792/5684/files/F29625.jpg?v=1740625997,cdn.shopify.com,shopify,files/remote/cdn.shopify.com/852578006102.jpg,0
852578006133,https://cdn.shopify.com/s/files/1/0679/9792/5684/files/P592610.jpg?v=1740624732,cdn.shopify.com,shopify,files/remote/cdn.shopify.com/852578006133.jpg,0
852578006140,https://cdn.shopify.com/s/files/1/0679/9792/5684/files/Z592810.jpg?v=1740624728,cdn.shopify.com,shopify,files/remote/cdn.shopify.com/852578006140.jpg,0
852968008006,https://cdn.shopify.com/s/files/1/0679/9792/5684/files/R163038.jpg?v=1740628479,cdn.shopify.com,shopify,files/remote/cdn.shopify.com/852968008006.jpg,0
852968008976,https://cdn.shopify.com/s/files/1/0679/9792/5684/files/J53329.jpg?v=1740626000,cdn.shopify.com,shopify,files/remote/cdn.shopify.com/852968008976.jpg,0
856175003564,https://cdn.shopify.com/s/files/1/0679/9792/5684/files/Z043431.jpg?v=1740638052,cdn.shopify.com,shopify,files/remote/cdn.shopify.com/856175003564.jpg,0
856857007200,https://cdn.shopify.com/s/files/1/0679/9792/5684/files/V161679.jpg?v=1740620040,cdn.shopify.com,shopify,files/remote/cdn.shopify.com/856857007200.jpg,0
856857007217,https://cdn.shopify.com/s/files/1/0679/9792/5684/files/L724527.jpg?v=1740620037,cdn.shopify.com,shopify,files/remote/cdn.shopify.com/856857007217.jpg,0
856857007224,https://cdn.shopify.com/s/files/1/0679/9792/5684/files/P253224.jpg?v=1740620045,cdn.shopify.com,shopify,files/remote/cdn.shopify.com/856857007224.jpg,0
856857007231,https://cdn.shopify.com/s/files/1/0679/9792/5684/files/P639222.jpg?v=1740620049,cdn.shopify.com,shopify,files/remote/cdn.shopify.com/856857007231.jpg,0
85715000033,https://cdn.shopify.com/s/files/1/0679/9792/5684/files/N657299.jpg?v=1740612572,cdn.shopify.com,shopify,files/remote/cdn.shopify.com/85715000033.jpg,0
85715000538,https://cdn.shopify.com/s/files/1/0679/9792/5684/files/S143184.jpg?v=1740616941,cdn.shopify.com,shopify,files/remote/cdn.shopify.com/85715000538.jpg,0
85715000750,https://cdn.shopify.com/s/files/1/0679/9792/5684/files/T986246.jpg?v=1740608766,cdn.shopify.com,shopify,files/remote/cdn.shopify.com/85715000750.jpg,0
85715001597,https://cdn.shopify.com/s/files/1/0679/9792/5684/files/G911849.jpg?v=1740618964,cdn.shopify.com,shopify,files/remote/cdn.shopify.com/85715001597.jpg,0
85715003515,https://cdn.shopify.com/s/files/1/0679/9792/5684/files/G52838.jpg?v=1740614877,cdn.shopify.com,shopify,files/remote/cdn.shopify.com/85715003515.jpg,0
85715003713,https://cdn.shopify.com/s/files/1/0679/9792/5684/files/L692.jpg?v=1740611702,cdn.shopify.com,shopify,files/remote/cdn.shopify.com/85715003713.jpg,0
85715003737,https://cdn.shopify.com/s/files/1/0679/9792/5684/files/W62758.jpg?v=1740611709,cdn.shopify.com,shopify,files/remote/cdn.shopify.com/85715003737.jpg,0
85715003768,https://cdn.shopify.com/s/files/1/0679/9792/5684/files/G25850.jpg?v=1740618724,cdn.shopify.com,shopify,files/remote/cdn.shopify.com/85715003768.jpg,0
85715004802,https://cdn.shopify.com/s/files/1/0679/9792/5684/files/O56334.jpg?v=1740608777,cdn.shopify.com,shopify,files/remote/cdn.shopify.com/85715004802.jpg,0
85715067753,https://cdn.shopify.com/s/files/1/0679/9792/5684/files/R776220.jpg?v=1740608933,cdn.shopify.com,shopify,files/remote/cdn.shopify.com/85715067753.jpg,0
85715151018,https://cdn.shopify.com/s/files/1/0679/9792/5684/files/F170751.jpg?v=1740614203,cdn.shopify.com,shopify,files/remote/cdn.shopify.com/85715151018.jpg,0
85715151032,https://cdn.shopify.com/s/files/1/0679/9792/5684/files/L326013.jpg?v=1740614200,cdn.shopify.com,shopify,files/remote/cdn.shopify.com/85715151032.jpg,0
85715163103,https://cdn.shopify.com/s/files/1/0679/9792/5684/files/V591180.jpg?v=1740616949,cdn.shopify.com,shopify,files/remote/cdn.shopify.com/85715163103.jpg,0
85715163134,https://cdn.shopify.com/s/files/1/0679/9792/5684/products/085715163134-9.jpg?v=1671889581,cdn.shopify.com,shopify,files/remote/cdn.shopify.com/85715163134.jpg,0
85715166012,https://cdn.shopify.com/s/files/1/0679/9792/5684/products/085715166012-9.jpg?v=1673060957,cdn.shopify.com,shopify,files/remote/cdn.shopify.com/85715166012.jpg,0
85715166029,https://cdn.shopify.com/s/files/1/0679/9792/5684/products/085715166029-9.jpg?v=1673060951,cdn.shopify.com,shopify,files/remote/cdn.shopify.com/85715166029.jpg,0
85715166531,https://cdn.shopify.com/s/files/1/0679/9792/5684/products/085715166531-9.jpg?v=1671866476,cdn.shopify.com,shopify,files/remote/cdn.shopify.com/85715166531.jpg,0
85715167224,https://cdn.shopify.com/s/files/1/0679/9792/5684/files/U813213.jpg?v=1740608773,cdn.shopify.com,shopify,files/remote/cdn.shopify.com/85715167224.jpg,0
85715167583,https://images.btswholesaler.com/imgs/productos_cosmetica/imagenes/0085715167583_2.webp,images.btswholesaler.com,bts_cdn,files/remote/images.btswholesaler.com/85715167583.webp,0
85715167804,https://cdn.shopify.com/s/files/1/0679/9792/5684/files/L724161.jpg?v=1740608797,cdn.shopify.com,shopify,files/remote/cdn.shopify.com/85715167804.jpg,0
85715167811,https://cdn.shopify.com/s/files/1/0679/9792/5684/files/B126312.jpg?v=1740608790,cdn.shopify.com,shopify,files/remote/cdn.shopify.com/85715167811.jpg,0
85715167828,https://cdn.shopify.com/s/files/1/0679/9792/5684/files/P809220.jpg?v=1740608794,cdn.shopify.com,shopify,files/remote/cdn.shopify.com/85715167828.jpg,0
85715169624,https://cdn.shopify.com/s/files/1/0679/9792/5684/files/P219224.jpg?v=1740608755,cdn.shopify.com,shopify,files/remote/cdn.shopify.com/85715169624.jpg,0
85715169907,https://images.btswholesaler.com/imgs/productos_cosmetica/imagenes/0085715169907.webp,images.btswholesaler.com,bts_cdn,files/remote/images.btswholesaler.com/85715169907.webp,0
85715251633,https://cdn.shopify.com/s/files/1/0679/9792/5684/files/O42986.jpg?v=1740621763,cdn.shopify.com,shopify,files/remote/cdn.shopify.com/85715251633.jpg,0
85715251671,https://cdn.shopify.com/s/files/1/0679/9792/5684/files/E371514.jpg?v=1740621759,cdn.shopify.com,shopify,files/remote/cdn.shopify.com/85715251671.jpg,0
85715251794,https://cdn.shopify.com/s/files/1/0679/9792/5684/files/B347283.jpg?v=1740621751,cdn.shopify.com,shopify,files/remote/cdn.shopify.com/85715251794.jpg,0
85715261014,https://images.btswholesaler.com/imgs/productos_cosmetica/imagenes/0085715261014.webp,images.btswholesaler.com,bts_cdn,files/remote/images.btswholesaler.com/85715261014.webp,0
85715262622,https://cdn.shopify.com/s/files/1/0679/9792/5684/files/L526036.jpg?v=1740635297,cdn.shopify.com,shopify,files/remote/cdn.shopify.com/85715262622.jpg,0
85715268112,https://cdn.shopify.com/s/files/1/0679/9792/5684/files/R609029.jpg?v=1740612631,cdn.shopify.com,shopify,files/remote/cdn.shopify.com/85715268112.jpg,0
85715268518,https://images.btswholesaler.com/imgs/productos_cosmetica/imagenes/0085715268518.webp,images.btswholesaler.com,bts_cdn,files/remote/images.btswholesaler.com/85715268518.webp,0
85715268617,https://images.btswholesaler.com/imgs/productos_cosmetica/imagenes/0085715268617_1.webp,images.btswholesaler.com,bts_cdn,files/remote/images.btswholesaler.com/85715268617.webp,0
85715320216,https://cdn.shopify.com/s/files/1/0679/9792/5684/files/Q394159.jpg?v=1740612569,cdn.shopify.com,shopify,files/remote/cdn.shopify.com/85715320216.jpg,0
85715321732,https://cdn.shopify.com/s/files/1/0679/9792/5684/files/B196332.jpg?v=1740618968,cdn.shopify.com,shopify,files/remote/cdn.shopify.com/85715321732.jpg,0
85715331007,https://cdn.shopify.com/s/files/1/0679/9792/5684/files/Z613422.jpg?v=1740612565,cdn.shopify.com,shopify,files/remote/cdn.shopify.com/85715331007.jpg,0
85715331304,https://cdn.shopify.com/s/files/1/0679/9792/5684/files/L924644.jpg?v=1740612562,cdn.shopify.com,shopify,files/remote/cdn.shopify.com/85715331304.jpg,0
85715331502,https://cdn.shopify.com/s/files/1/0679/9792/5684/files/T534256.jpg?v=1740612558,cdn.shopify.com,shopify,files/remote/cdn.shopify.com/85715331502.jpg,0
857154002349,https://cdn.shopify.com/s/files/1/0679/9792/5684/files/D486798.jpg?v=1740626695,cdn.shopify.com,shopify,files/remote/cdn.shopify.com/857154002349.jpg,0
857154002455,https://cdn.shopify.com/s/files/1/0679/9792/5684/files/P751222.jpg?v=1740624591,cdn.shopify.com,shopify,files/remote/cdn.shopify.com/857154002455.jpg,0
85715564009,https://cdn.shopify.com/s/files/1/0679/9792/5684/files/U841212.jpg?v=1740614859,cdn.shopify.com,shopify,files/remote/cdn.shopify.com/85715564009.jpg,0
85715564207,https://cdn.shopify.com/s/files/1/0679/9792/5684/files/H460474.jpg?v=1740614866,cdn.shopify.com,shopify,files/remote/cdn.shopify.com/85715564207.jpg,0
85715566300,https://cdn.shopify.com/s/files/1/0679/9792/5684/files/Z601430.jpg?v=1740614863,cdn.shopify.com,shopify,files/remote/cdn.shopify.com/85715566300.jpg,0
85715571502,https://images.btswholesaler.com/imgs/productos_cosmetica/imagenes/0085715571502.webp,images.btswholesaler.com,bts_cdn,files/remote/images.btswholesaler.com/85715571502.webp,0
85715573629,https://cdn.shopify.com/s/files/1/0679/9792/5684/files/D105403.jpg?v=1740614880,cdn.shopify.com,shopify,files/remote/cdn.shopify.com/85715573629.jpg,0
85715671462,https://cdn.shopify.com/s/files/1/0679/9792/5684/files/J117981.jpg?v=1740611706,cdn.shopify.com,shopify,files/remote/cdn.shopify.com/85715671462.jpg,0
85715672964,https://cdn.shopify.com/s/files/1/0679/9792/5684/files/D4666103.jpg?v=1740636841,cdn.shopify.com,shopify,files/remote/cdn.shopify.com/85715672964.jpg,0
85715672971,https://cdn.shopify.com/s/files/1/0679/9792/5684/files/Z725429.jpg?v=1740636848,cdn.shopify.com,shopify,files/remote/cdn.shopify.com/85715672971.jpg,0
85715673800,https://cdn.shopify.com/s/files/1/0679/9792/5684/files/X27458.jpg?v=1740611695,cdn.shopify.com,shopify,files/remote/cdn.shopify.com/85715673800.jpg,0
85715673909,https://cdn.shopify.com/s/files/1/0679/9792/5684/files/K4836.jpg?v=1740611699,cdn.shopify.com,shopify,files/remote/cdn.shopify.com/85715673909.jpg,0
85715674043,https://cdn.shopify.com/s/files/1/0679/9792/5684/files/N8591213.jpg?v=1740636844,cdn.shopify.com,shopify,files/remote/cdn.shopify.com/85715674043.jpg,0
85715674050,https://cdn.shopify.com/s/files/1/0679/9792/5684/files/Z409431.jpg?v=1740611692,cdn.shopify.com,shopify,files/remote/cdn.shopify.com/85715674050.jpg,0
85715710307,https://cdn.shopify.com/s/files/1/0679/9792/5684/files/M661412.jpg?v=1740608862,cdn.shopify.com,shopify,files/remote/cdn.shopify.com/85715710307.jpg,0
85715801128,https://cdn.shopify.com/s/files/1/0679/9792/5684/files/X707251.jpg?v=1740618516,cdn.shopify.com,shopify,files/remote/cdn.shopify.com/85715801128.jpg,0
85715801753,https://cdn.shopify.com/s/files/1/0679/9792/5684/files/G068615.jpg?v=1740618508,cdn.shopify.com,shopify,files/remote/cdn.shopify.com/85715801753.jpg,0
85715801814,https://cdn.shopify.com/s/files/1/0679/9792/5684/files/K74757.jpg?v=1740618520,cdn.shopify.com,shopify,files/remote/cdn.shopify.com/85715801814.jpg,0
85715805812,https://cdn.shopify.com/s/files/1/0679/9792/5684/files/N316028.jpg?v=1740618541,cdn.shopify.com,shopify,files/remote/cdn.shopify.com/85715805812.jpg,0
85715806345,https://cdn.shopify.com/s/files/1/0679/9792/5684/files/Z105422.jpg?v=1740618552,cdn.shopify.com,shopify,files/remote/cdn.shopify.com/85715806345.jpg,0
85715807625,https://cdn.shopify.com/s/files/1/0679/9792/5684/files/Z317422.jpg?v=1740618564,cdn.shopify.com,shopify,files/remote/cdn.shopify.com/85715807625.jpg,0
85715807649,https://cdn.shopify.com/s/files/1/0679/9792/5684/files/D176775.jpg?v=1740618529,cdn.shopify.com,shopify,files/remote/cdn.shopify.com/85715807649.jpg,0
85715807670,https://cdn.shopify.com/s/files/1/0679/9792/5684/files/V881670.jpg?v=1740618537,cdn.shopify.com,shopify,files/remote/cdn.shopify.com/85715807670.jpg,0
85715950345,https://cdn.shopify.com/s/files/1/0679/9792/5684/files/D8766100.jpg?v=1740610557,cdn.shopify.com,shopify,files/remote/cdn.shopify.com/85715950345.jpg,0
85715950352,https://cdn.shopify.com/s/files/1/0679/9792/5684/files/N9699212.jpg?v=1740610626,cdn.shopify.com,shopify,files/remote/cdn.shopify.com/85715950352.jpg,0
85715950529,https://cdn.shopify.com/s/files/1/0679/9792/5684/files/V681927.jpg?v=1740636789,cdn.shopify.com,shopify,files/remote/cdn.shopify.com/85715950529.jpg,0
85715950581,https://cdn.shopify.com/s/files/1/0679/9792/5684/files/T394276.jpg?v=1740637634,cdn.shopify.com,shopify,files/remote/cdn.shopify.com/85715950581.jpg,0
85715952172,https://cdn.shopify.com/s/files/1/0679/9792/5684/files/V981903.jpg?v=1740610601,cdn.shopify.com,shopify,files/remote/cdn.shopify.com/85715952172.jpg,0
85715961129,https://cdn.shopify.com/s/files/1/0679/9792/5684/files/V861945.jpg?v=1740610622,cdn.shopify.com,shopify,files/remote/cdn.shopify.com/85715961129.jpg,0
85715961198,https://cdn.shopify.com/s/files/1/0679/9792/5684/files/J580781.jpg?v=1740610597,cdn.shopify.com,shopify,files/remote/cdn.shopify.com/85715961198.jpg,0
85715962157,https://images.btswholesaler.com/imgs/productos_cosmetica/imagenes/0085715962157.webp,images.btswholesaler.com,bts_cdn,files/remote/images.btswholesaler.com/85715962157.webp,0
85715962348,https://images.btswholesaler.com/imgs/productos_cosmetica/imagenes/0085715962348.webp,images.btswholesaler.com,bts_cdn,files/remote/images.btswholesaler.com/85715962348.webp,0
857519007187,https://cdn.shopify.com/s/files/1/0679/9792/5684/files/X643753.jpg?v=1740626645,cdn.shopify.com,shopify,files/remote/cdn.shopify.com/857519007187.jpg,0
857519007224,https://cdn.shopify.com/s/files/1/0679/9792/5684/files/B627282.jpg?v=1740626642,cdn.shopify.com,shopify,files/remote/cdn.shopify.com/857519007224.jpg,0
85805004675,https://cdn.shopify.com/s/files/1/0679/9792/5684/files/U5842.jpg?v=1740611207,cdn.shopify.com,shopify,files/remote/cdn.shopify.com/85805004675.jpg,0
85805032999,https://www.oceanfragrances.com/Foto/0085805032999.jpg,www.oceanfragrances.com,oceanfragrances,files/remote/www.oceanfragrances.com/85805032999.jpg,0
85805036577,https://cdn.shopify.com/s/files/1/0679/9792/5684/files/Q43391.jpg?v=1740611182,cdn.shopify.com,shopify,files/remote/cdn.shopify.com/85805036577.jpg,0
85805063665,https://cdn.shopify.com/s/files/1/0679/9792/5684/files/N68033.jpg?v=1740611193,cdn.shopify.com,shopify,files/remote/cdn.shopify.com/85805063665.jpg,0
85805066925,https://cdn.shopify.com/s/files/1/0679/9792/5684/products/085805066925-1.jpg?v=1673061902,cdn.shopify.com,shopify,files/remote/cdn.shopify.com/85805066925.jpg,0
85805100865,https://cdn.shopify.com/s/files/1/0679/9792/5684/files/V01656.jpg?v=1740611157,cdn.shopify.com,shopify,files/remote/cdn.shopify.com/85805100865.jpg,0
85805105655,https://cdn.shopify.com/s/files/1/0679/9792/5684/files/B82212.jpg?v=1740626888,cdn.shopify.com,shopify,files/remote/cdn.shopify.com/85805105655.jpg,0
85805136147,https://cdn.shopify.com/s/files/1/0679/9792/5684/products/085805550332-9.jpg?v=1671872857,cdn.shopify.com,shopify,files/remote/cdn.shopify.com/85805136147.jpg,0
85805151355,https://cdn.shopify.com/s/files/1/0679/9792/5684/files/D246824.jpg?v=1740630285,cdn.shopify.com,shopify,files/remote/cdn.shopify.com/85805151355.jpg,0
85805161088,https://cdn.shopify.com/s/files/1/0679/9792/5684/files/B46461.jpg?v=1740611315,cdn.shopify.com,shopify,files/remote/cdn.shopify.com/85805161088.jpg,0
85805165239,https://cdn.shopify.com/s/files/1/0679/9792/5684/files/R526215.jpg?v=1740611153,cdn.shopify.com,shopify,files/remote/cdn.shopify.com/85805165239.jpg,0
85805169336,https://cdn.shopify.com/s/files/1/0679/9792/5684/files/E595165.jpg?v=1740611307,cdn.shopify.com,shopify,files/remote/cdn.shopify.com/85805169336.jpg,0
85805191276,https://images.btswholesaler.com/imgs/productos_cosmetica/imagenes/0085805425302.webp,images.btswholesaler.com,bts_cdn,files/remote/images.btswholesaler.com/85805191276.webp,0
85805193720,https://cdn.shopify.com/s/files/1/0679/9792/5684/files/J56081.jpg?v=1740611261,cdn.shopify.com,shopify,files/remote/cdn.shopify.com/85805193720.jpg,0
85805199425,https://cdn.shopify.com/s/files/1/0679/9792/5684/files/W494834.jpg?v=1740611164,cdn.shopify.com,shopify,files/remote/cdn.shopify.com/85805199425.jpg,0
85805207250,https://cdn.shopify.com/s/files/1/0679/9792/5684/files/Y055569.jpg?v=1740627520,cdn.shopify.com,shopify,files/remote/cdn.shopify.com/85805207250.jpg,0
85805209490,https://cdn.shopify.com/s/files/1/0679/9792/5684/files/E811515.jpg?v=1740611253,cdn.shopify.com,shopify,files/remote/cdn.shopify.com/85805209490.jpg,0
85805210465,https://cdn.shopify.com/s/files/1/0679/9792/5684/files/T744271.jpg?v=1740611319,cdn.shopify.com,shopify,files/remote/cdn.shopify.com/85805210465.jpg,0
85805210472,https://images.btswholesaler.com/imgs/productos_cosmetica/imagenes/0085805210472.webp,images.btswholesaler.com,bts_cdn,files/remote/images.btswholesaler.com/85805210472.webp,0
85805220761,https://cdn.shopify.com/s/files/1/0679/9792/5684/files/F25477.jpg?v=1740627569,cdn.shopify.com,shopify,files/remote/cdn.shopify.com/85805220761.jpg,0
85805228422,https://cdn.shopify.com/s/files/1/0679/9792/5684/files/R625029.jpg?v=1740611343,cdn.shopify.com,shopify,files/remote/cdn.shopify.com/85805228422.jpg,0
85805238155,https://cdn.shopify.com/s/files/1/0679/9792/5684/products/085805238155-9.jpg?v=1671872798,cdn.shopify.com,shopify,files/remote/cdn.shopify.com/85805238155.jpg,0
85805240462,https://cdn.shopify.com/s/files/1/0679/9792/5684/files/B52233.jpg?v=1740626904,cdn.shopify.com,shopify,files/remote/cdn.shopify.com/85805240462.jpg,0
85805242435,https://images.btswholesaler.com/imgs/productos_cosmetica/imagenes/0085805242435.webp,images.btswholesaler.com,bts_cdn,files/remote/images.btswholesaler.com/85805242435.webp,0
85805243968,https://cdn.shopify.com/s/files/1/0679/9792/5684/files/J260681.jpg?v=1740628898,cdn.shopify.com,shopify,files/remote/cdn.shopify.com/85805243968.jpg,0
85805243975,https://cdn.shopify.com/s/files/1/0679/9792/5684/files/P211225.jpg?v=1740628907,cdn.shopify.com,shopify,files/remote/cdn.shopify.com/85805243975.jpg,0
85805248444,https://cdn.shopify.com/s/files/1/0679/9792/5684/files/Z677421.jpg?v=1740611248,cdn.shopify.com,shopify,files/remote/cdn.shopify.com/85805248444.jpg,0
85805248604,https://images.btswholesaler.com/imgs/productos_cosmetica/imagenes/0085805248604_1.webp,images.btswholesaler.com,bts_cdn,files/remote/images.btswholesaler.com/85805248604.webp,0
85805255657,https://images.btswholesaler.com/imgs/productos_cosmetica/imagenes/0085805255657.webp,images.btswholesaler.com,bts_cdn,files/remote/images.btswholesaler.com/85805255657.webp,0
85805255985,https://cdn.shopify.com/s/files/1/0679/9792/5684/files/V861885.jpg?v=1740611322,cdn.shopify.com,shopify,files/remote/cdn.shopify.com/85805255985.jpg,0
85805256388,https://cdn.shopify.com/s/files/1/0679/9792/5684/files/P611231.jpg?v=1740611067,cdn.shopify.com,shopify,files/remote/cdn.shopify.com/85805256388.jpg,0
85805259198,https://cdn.shopify.com/s/files/1/0679/9792/5684/files/J523381.jpg?v=1740635227,cdn.shopify.com,shopify,files/remote/cdn.shopify.com/85805259198.jpg,0
85805260231,https://cdn.shopify.com/s/files/1/0679/9792/5684/files/Z239430.jpg?v=1740627543,cdn.shopify.com,shopify,files/remote/cdn.shopify.com/85805260231.jpg,0
85805260309,https://cdn.shopify.com/s/files/1/0679/9792/5684/files/T669277.jpg?v=1740626885,cdn.shopify.com,shopify,files/remote/cdn.shopify.com/85805260309.jpg,0
85805260323,https://cdn.shopify.com/s/files/1/0679/9792/5684/files/L726213.jpg?v=1740626875,cdn.shopify.com,shopify,files/remote/cdn.shopify.com/85805260323.jpg,0
85805261085,https://cdn.shopify.com/s/files/1/0679/9792/5684/files/I818492.jpg?v=1740611083,cdn.shopify.com,shopify,files/remote/cdn.shopify.com/85805261085.jpg,0
85805283070,https://images.btswholesaler.com/imgs/productos_cosmetica/imagenes/0085805283070.webp,images.btswholesaler.com,bts_cdn,files/remote/images.btswholesaler.com/85805283070.webp,0
85805304508,https://cdn.shopify.com/s/files/1/0679/9792/5684/files/P15614.jpg?v=1740628075,cdn.shopify.com,shopify,files/remote/cdn.shopify.com/85805304508.jpg,0
85805378622,https://cdn.shopify.com/s/files/1/0679/9792/5684/files/V321948.jpg?v=1740611071,cdn.shopify.com,shopify,files/remote/cdn.shopify.com/85805378622.jpg,0
85805378639,https://cdn.shopify.com/s/files/1/0679/9792/5684/files/F580551.jpg?v=1740611063,cdn.shopify.com,shopify,files/remote/cdn.shopify.com/85805378639.jpg,0
85805405441,https://cdn.shopify.com/s/files/1/0679/9792/5684/files/U85858.jpg?v=1740627546,cdn.shopify.com,shopify,files/remote/cdn.shopify.com/85805405441.jpg,0
85805410995,https://images.btswholesaler.com/imgs/productos_cosmetica/imagenes/0085805410995.webp,images.btswholesaler.com,bts_cdn,files/remote/images.btswholesaler.com/85805410995.webp,0
85805466619,https://cdn.shopify.com/s/files/1/0679/9792/5684/files/P49229.jpg?v=1740611303,cdn.shopify.com,shopify,files/remote/cdn.shopify.com/85805466619.jpg,0
85805515744,https://cdn.shopify.com/s/files/1/0679/9792/5684/files/F3477.jpg?v=1740627565,cdn.shopify.com,shopify,files/remote/cdn.shopify.com/85805515744.jpg,0
85805520700,https://cdn.shopify.com/s/files/1/0679/9792/5684/products/085805520700-9.jpg?v=1671830298,cdn.shopify.com,shopify,files/remote/cdn.shopify.com/85805520700.jpg,0
85805525262,https://images.btswholesaler.com/imgs/productos_cosmetica/imagenes/0085805525262.webp,images.btswholesaler.com,bts_cdn,files/remote/images.btswholesaler.com/85805525262.webp,0
85805542689,https://cdn.shopify.com/s/files/1/0679/9792/5684/files/O85912.jpg?v=1740635224,cdn.shopify.com,shopify,files/remote/cdn.shopify.com/85805542689.jpg,0
85805544829,https://cdn.shopify.com/s/files/1/0679/9792/5684/files/N096032.jpg?v=1740611171,cdn.shopify.com,shopify,files/remote/cdn.shopify.com/85805544829.jpg,0
85805548780,https://cdn.shopify.com/s/files/1/0679/9792/5684/files/Q542092.jpg?v=1740636801,cdn.shopify.com,shopify,files/remote/cdn.shopify.com/85805548780.jpg,0
85805552275,https://cdn.shopify.com/s/files/1/0679/9792/5684/files/B412233.jpg?v=1740627558,cdn.shopify.com,shopify,files/remote/cdn.shopify.com/85805552275.jpg,0
85805556419,https://cdn.shopify.com/s/files/1/0679/9792/5684/files/G72836.jpg?v=1740611101,cdn.shopify.com,shopify,files/remote/cdn.shopify.com/85805556419.jpg,0
85805556426,https://cdn.shopify.com/s/files/1/0679/9792/5684/files/H517975.jpg?v=1740635241,cdn.shopify.com,shopify,files/remote/cdn.shopify.com/85805556426.jpg,0
85805557317,https://cdn.shopify.com/s/files/1/0679/9792/5684/files/X907479.jpg?v=1740611329,cdn.shopify.com,shopify,files/remote/cdn.shopify.com/85805557317.jpg,0
85805557324,https://cdn.shopify.com/s/files/1/0679/9792/5684/files/T777725.jpg?v=1740611332,cdn.shopify.com,shopify,files/remote/cdn.shopify.com/85805557324.jpg,0
85805557355,https://cdn.shopify.com/s/files/1/0679/9792/5684/products/085805557355-1.jpg?v=1671863509,cdn.shopify.com,shopify,files/remote/cdn.shopify.com/85805557355.jpg,0
85805558420,https://cdn.shopify.com/s/files/1/0679/9792/5684/files/G952613.jpg?v=1740611226,cdn.shopify.com,shopify,files/remote/cdn.shopify.com/85805558420.jpg,0
85805580483,https://images.btswholesaler.com/imgs/productos_cosmetica/imagenes/0085805580483.webp,images.btswholesaler.com,bts_cdn,files/remote/images.btswholesaler.com/85805580483.webp,0
85805758745,https://cdn.shopify.com/s/files/1/0679/9792/5684/files/T9251.jpg?v=1740611284,cdn.shopify.com,shopify,files/remote/cdn.shopify.com/85805758745.jpg,0
85805784546,https://cdn.shopify.com/s/files/1/0679/9792/5684/files/J4181.jpg?v=1740611273,cdn.shopify.com,shopify,files/remote/cdn.shopify.com/85805784546.jpg,0
85805785147,https://cdn.shopify.com/s/files/1/0679/9792/5684/files/L572.jpg?v=1740611097,cdn.shopify.com,shopify,files/remote/cdn.shopify.com/85805785147.jpg,0
85805785345,https://cdn.shopify.com/s/files/1/0679/9792/5684/files/V1620.jpg?v=1740611090,cdn.shopify.com,shopify,files/remote/cdn.shopify.com/85805785345.jpg,0
858511001166,https://cdn.shopify.com/s/files/1/0679/9792/5684/files/D126998.jpg?v=1740625858,cdn.shopify.com,shopify,files/remote/cdn.shopify.com/858511001166.jpg,0
858511001197,https://cdn.shopify.com/s/files/1/0679/9792/5684/files/P349228.jpg?v=1740625861,cdn.shopify.com,shopify,files/remote/cdn.shopify.com/858511001197.jpg,0
858511001289,https://cdn.shopify.com/s/files/1/0679/9792/5684/files/D0666102.jpg?v=1740626231,cdn.shopify.com,shopify,files/remote/cdn.shopify.com/858511001289.jpg,0
858511001500,https://images.btswholesaler.com/imgs/productos_cosmetica/imagenes/0858511001500.webp,images.btswholesaler.com,bts_cdn,files/remote/images.btswholesaler.com/858511001500.webp,0
859968000603,https://cdn.shopify.com/s/files/1/0679/9792/5684/products/859968000603-9.jpg?v=1671876871,cdn.shopify.com,shopify,files/remote/cdn.shopify.com/859968000603.jpg,0
859999906905,https://cdn.shopify.com/s/files/1/0679/9792/5684/files/P002610.jpg?v=1740628488,cdn.shopify.com,shopify,files/remote/cdn.shopify.com/859999906905.jpg,0
860003552803,https://cdn.shopify.com/s/files/1/0679/9792/5684/files/T409266.jpg?v=1740623076,cdn.shopify.com,shopify,files/remote/cdn.shopify.com/860003552803.jpg,0
860004550327,https://cdn.shopify.com/s/files/1/0679/9792/5684/files/P613229.jpg?v=1740617332,cdn.shopify.com,shopify,files/remote/cdn.shopify.com/860004550327.jpg,0
860004550341,https://cdn.shopify.com/s/files/1/0679/9792/5684/files/F480651.jpg?v=1740616340,cdn.shopify.com,shopify,files/remote/cdn.shopify.com/860004550341.jpg,0
860004550365,https://cdn.shopify.com/s/files/1/0679/9792/5684/files/F511951.jpg?v=1740616359,cdn.shopify.com,shopify,files/remote/cdn.shopify.com/860004550365.jpg,0
860004550372,https://cdn.shopify.com/s/files/1/0679/9792/5684/files/Z613429.jpg?v=1740617328,cdn.shopify.com,shopify,files/remote/cdn.shopify.com/860004550372.jpg,0
860004550389,https://cdn.shopify.com/s/files/1/0679/9792/5684/files/B776451.jpg?v=1740616363,cdn.shopify.com,shopify,files/remote/cdn.shopify.com/860004550389.jpg,0
8681008055289,https://cdn.shopify.com/s/files/1/0679/9792/5684/files/V701655.jpg?v=1740624090,cdn.shopify.com,shopify,files/remote/cdn.shopify.com/8681008055289.jpg,0
869519000020,https://cdn.shopify.com/s/files/1/0679/9792/5684/files/P56273.jpg?v=1740626758,cdn.shopify.com,shopify,files/remote/cdn.shopify.com/869519000020.jpg,0
8711700634342,https://cdn.shopify.com/s/files/1/0679/9792/5684/files/D406137.jpg?v=1740634513,cdn.shopify.com,shopify,files/remote/cdn.shopify.com/8711700634342.jpg,0
8717644367209,https://cdn.shopify.com/s/files/1/0679/9792/5684/files/A239986.jpg?v=1740612747,cdn.shopify.com,shopify,files/remote/cdn.shopify.com/8717644367209.jpg,0
8719134039719,https://cdn.shopify.com/s/files/1/0679/9792/5684/products/8719134039719-9.jpg?v=1671849443,cdn.shopify.com,shopify,files/remote/cdn.shopify.com/8719134039719.jpg,0
8719134050790,https://cdn.shopify.com/s/files/1/0679/9792/5684/products/8719134050790-1.jpg?v=1672150126,cdn.shopify.com,shopify,files/remote/cdn.shopify.com/8719134050790.jpg,0
8719134071764,https://cdn.shopify.com/s/files/1/0679/9792/5684/products/8719134071764-9.jpg?v=1672150120,cdn.shopify.com,shopify,files/remote/cdn.shopify.com/8719134071764.jpg,0
8719134098655,https://cdn.shopify.com/s/files/1/0679/9792/5684/products/8719134098655-1.jpg?v=1673056610,cdn.shopify.com,shopify,files/remote/cdn.shopify.com/8719134098655.jpg,0
8719134183610,https://images.btswholesaler.com/imgs/productos_cosmetica/imagenes/8719134183610.webp,images.btswholesaler.com,bts_cdn,files/remote/images.btswholesaler.com/8719134183610.webp,0
873509015147,https://images.btswholesaler.com/imgs/productos_cosmetica/imagenes/0873509015147.webp,images.btswholesaler.com,bts_cdn,files/remote/images.btswholesaler.com/873509015147.webp,0
874034005689,https://cdn.shopify.com/s/files/1/0679/9792/5684/products/874034005689-9.jpg?v=1671881857,cdn.shopify.com,shopify,files/remote/cdn.shopify.com/874034005689.jpg,0
874034007430,https://images.btswholesaler.com/imgs/productos_cosmetica/imagenes/0874034007430.webp,images.btswholesaler.com,bts_cdn,files/remote/images.btswholesaler.com/874034007430.webp,0
874034011864,https://cdn.shopify.com/s/files/1/0679/9792/5684/files/N882290.jpg?v=1740610239,cdn.shopify.com,shopify,files/remote/cdn.shopify.com/874034011864.jpg,0
874034013424,https://images.btswholesaler.com/imgs/productos_cosmetica/imagenes/0874034013424.webp,images.btswholesaler.com,bts_cdn,files/remote/images.btswholesaler.com/874034013424.webp,0
8800240579838,https://images.btswholesaler.com/imgs/productos_cosmetica/imagenes/8800240579838.webp,images.btswholesaler.com,bts_cdn,files/remote/images.btswholesaler.com/8800240579838.webp,0
8800256109661,https://images.btswholesaler.com/imgs/productos_cosmetica/imagenes/8800256109661.webp,images.btswholesaler.com,bts_cdn,files/remote/images.btswholesaler.com/8800256109661.webp,0
8800256112234,https://images.btswholesaler.com/imgs/productos_cosmetica/imagenes/8800256112234.webp,images.btswholesaler.com,bts_cdn,files/remote/images.btswholesaler.com/8800256112234.webp,0
8800256114399,https://images.btswholesaler.com/imgs/productos_cosmetica/imagenes/8800289474873.webp,images.btswholesaler.com,bts_cdn,files/remote/images.btswholesaler.com/8800256114399.webp,0
8800256115365,https://images.btswholesaler.com/imgs/productos_cosmetica/imagenes/8800256115365.webp,images.btswholesaler.com,bts_cdn,files/remote/images.btswholesaler.com/8800256115365.webp,0
8800256118991,https://images.btswholesaler.com/imgs/productos_cosmetica/imagenes/8800256118991.webp,images.btswholesaler.com,bts_cdn,files/remote/images.btswholesaler.com/8800256118991.webp,0
8800256119035,https://images.btswholesaler.com/imgs/productos_cosmetica/imagenes/8800256119035.webp,images.btswholesaler.com,bts_cdn,files/remote/images.btswholesaler.com/8800256119035.webp,0
8800289461101,https://images.btswholesaler.com/imgs/productos_cosmetica/imagenes/8800289461101.webp,images.btswholesaler.com,bts_cdn,files/remote/images.btswholesaler.com/8800289461101.webp,0
8800289470448,https://images.btswholesaler.com/imgs/productos_cosmetica/imagenes/8800289470448.webp,images.btswholesaler.com,bts_cdn,files/remote/images.btswholesaler.com/8800289470448.webp,0
8801619047859,https://cdn.shopify.com/s/files/1/0679/9792/5684/files/L126030.jpg?v=1740628734,cdn.shopify.com,shopify,files/remote/cdn.shopify.com/8801619047859.jpg,0
8801619047866,https://cdn.shopify.com/s/files/1/0679/9792/5684/files/V521904.jpg?v=1740628730,cdn.shopify.com,shopify,files/remote/cdn.shopify.com/8801619047866.jpg,0
8801619047873,https://cdn.shopify.com/s/files/1/0679/9792/5684/files/F507551.jpg?v=1740628737,cdn.shopify.com,shopify,files/remote/cdn.shopify.com/8801619047873.jpg,0
8801619051825,https://cdn.shopify.com/s/files/1/0679/9792/5684/files/V341802.jpg?v=1740628326,cdn.shopify.com,shopify,files/remote/cdn.shopify.com/8801619051825.jpg,0
8801619051832,https://cdn.shopify.com/s/files/1/0679/9792/5684/files/N0348212.jpg?v=1740628329,cdn.shopify.com,shopify,files/remote/cdn.shopify.com/8801619051832.jpg,0
8801619051849,https://cdn.shopify.com/s/files/1/0679/9792/5684/files/L925348.jpg?v=1740628333,cdn.shopify.com,shopify,files/remote/cdn.shopify.com/8801619051849.jpg,0
8801619051856,https://cdn.shopify.com/s/files/1/0679/9792/5684/files/D036936.jpg?v=1740628337,cdn.shopify.com,shopify,files/remote/cdn.shopify.com/8801619051856.jpg,0
8809255786392,https://images.btswholesaler.com/imgs/productos_parafarmacia/imagenes/8809255786392.webp,images.btswholesaler.com,bts_cdn,files/remote/images.btswholesaler.com/8809255786392.webp,0
8809581451216,https://cdn.shopify.com/s/files/1/0679/9792/5684/files/D336823.jpg?v=1740629017,cdn.shopify.com,shopify,files/remote/cdn.shopify.com/8809581451216.jpg,0
8809581454767,https://cdn.shopify.com/s/files/1/0679/9792/5684/files/B896352.jpg?v=1740628673,cdn.shopify.com,shopify,files/remote/cdn.shopify.com/8809581454767.jpg,0
8809581454798,https://cdn.shopify.com/s/files/1/0679/9792/5684/files/D476823.jpg?v=1740628677,cdn.shopify.com,shopify,files/remote/cdn.shopify.com/8809581454798.jpg,0
8809581458604,https://cdn.shopify.com/s/files/1/0679/9792/5684/files/J35307.jpg?v=1740627817,cdn.shopify.com,shopify,files/remote/cdn.shopify.com/8809581458604.jpg,0
8809640730559,https://images.btswholesaler.com/imgs/productos_cosmetica/imagenes/8809640734731.webp,images.btswholesaler.com,bts_cdn,files/remote/images.btswholesaler.com/8809640730559.webp,0
8809640730696,https://images.btswholesaler.com/imgs/productos_cosmetica/imagenes/8809640730696_2.webp,images.btswholesaler.com,bts_cdn,files/remote/images.btswholesaler.com/8809640730696.webp,0
8809640732829,https://images.btswholesaler.com/imgs/productos_cosmetica/imagenes/8809640732829_2.webp,images.btswholesaler.com,bts_cdn,files/remote/images.btswholesaler.com/8809640732829.webp,0
8809640733550,https://images.btswholesaler.com/imgs/productos_cosmetica/imagenes/8809640733550_2.webp,images.btswholesaler.com,bts_cdn,files/remote/images.btswholesaler.com/8809640733550.webp,0
8809640734427,https://images.btswholesaler.com/imgs/productos_cosmetica/imagenes/8809640734427_2.webp,images.btswholesaler.com,bts_cdn,files/remote/images.btswholesaler.com/8809640734427.webp,0
8809657114960,https://images.btswholesaler.com/imgs/productos_cosmetica/imagenes/8809657114960.webp,images.btswholesaler.com,bts_cdn,files/remote/images.btswholesaler.com/8809657114960.webp,0
8809695678363,https://images.btswholesaler.com/imgs/productos_cosmetica/imagenes/8809695678363.webp,images.btswholesaler.com,bts_cdn,files/remote/images.btswholesaler.com/8809695678363.webp,0
8809738310960,https://images.btswholesaler.com/imgs/productos_cosmetica/imagenes/8809738310960.webp,images.btswholesaler.com,bts_cdn,files/remote/images.btswholesaler.com/8809738310960.webp,0
8809738314678,https://images.btswholesaler.com/imgs/productos_cosmetica/imagenes/8809738314678.webp,images.btswholesaler.com,bts_cdn,files/remote/images.btswholesaler.com/8809738314678.webp,0
8809738315866,https://images.btswholesaler.com/imgs/productos_cosmetica/imagenes/8809968130130.webp,images.btswholesaler.com,bts_cdn,files/remote/images.btswholesaler.com/8809738315866.webp,0
8809738316139,https://images.btswholesaler.com/imgs/productos_cosmetica/imagenes/8809738316139.webp,images.btswholesaler.com,bts_cdn,files/remote/images.btswholesaler.com/8809738316139.webp,0
8809738316986,https://images.btswholesaler.com/imgs/productos_cosmetica/imagenes/8809738316986.webp,images.btswholesaler.com,bts_cdn,files/remote/images.btswholesaler.com/8809738316986.webp,0
8809738316993,https://images.btswholesaler.com/imgs/productos_cosmetica/imagenes/8809738316993.webp,images.btswholesaler.com,bts_cdn,files/remote/images.btswholesaler.com/8809738316993.webp,0
8809747928705,https://cdn.shopify.com/s/files/1/0679/9792/5684/files/V681705.jpg?v=1740627825,cdn.shopify.com,shopify,files/remote/cdn.shopify.com/8809747928705.jpg,0
8809891184613,https://images.btswholesaler.com/imgs/productos_cosmetica/imagenes/8809891184613.webp,images.btswholesaler.com,bts_cdn,files/remote/images.btswholesaler.com/8809891184613.webp,0
8809937360629,https://images.btswholesaler.com/imgs/productos_cosmetica/imagenes/8809937360971_1.webp,images.btswholesaler.com,bts_cdn,files/remote/images.btswholesaler.com/8809937360629.webp,0
8809937361060,https://images.btswholesaler.com/imgs/productos_cosmetica/imagenes/8809937361060.webp,images.btswholesaler.com,bts_cdn,files/remote/images.btswholesaler.com/8809937361060.webp,0
8809937361480,https://images.btswholesaler.com/imgs/productos_cosmetica/imagenes/8809937361480.webp,images.btswholesaler.com,bts_cdn,files/remote/images.btswholesaler.com/8809937361480.webp,0
8809960356170,https://images.btswholesaler.com/imgs/productos_cosmetica/imagenes/8809960356170.webp,images.btswholesaler.com,bts_cdn,files/remote/images.btswholesaler.com/8809960356170.webp,0
8809982769866,https://images.btswholesaler.com/imgs/productos_cosmetica/imagenes/8809982769866_1.webp,images.btswholesaler.com,bts_cdn,files/remote/images.btswholesaler.com/8809982769866.webp,0
88300000012,https://cdn.shopify.com/s/files/1/0679/9792/5684/files/J7181.jpg?v=1740617642,cdn.shopify.com,shopify,files/remote/cdn.shopify.com/88300000012.jpg,0
88300049493,https://cdn.shopify.com/s/files/1/0679/9792/5684/files/B6582.jpg?v=1740609811,cdn.shopify.com,shopify,files/remote/cdn.shopify.com/88300049493.jpg,0
88300100514,https://cdn.shopify.com/s/files/1/0679/9792/5684/products/088300100514-9.jpg?v=1671880712,cdn.shopify.com,shopify,files/remote/cdn.shopify.com/88300100514.jpg,0
88300102518,https://cdn.shopify.com/s/files/1/0679/9792/5684/files/L7252.jpg?v=1740609726,cdn.shopify.com,shopify,files/remote/cdn.shopify.com/88300102518.jpg,0
88300103300,https://cdn.shopify.com/s/files/1/0679/9792/5684/files/L300.jpg?v=1740609801,cdn.shopify.com,shopify,files/remote/cdn.shopify.com/88300103300.jpg,0
88300103409,https://cdn.shopify.com/s/files/1/0679/9792/5684/products/088300103409-9.jpg?v=1671881003,cdn.shopify.com,shopify,files/remote/cdn.shopify.com/88300103409.jpg,0
88300104680,https://cdn.shopify.com/s/files/1/0679/9792/5684/files/D06121.jpg?v=1740622942,cdn.shopify.com,shopify,files/remote/cdn.shopify.com/88300104680.jpg,0
88300106509,https://cdn.shopify.com/s/files/1/0679/9792/5684/files/B6516.jpg?v=1740617729,cdn.shopify.com,shopify,files/remote/cdn.shopify.com/88300106509.jpg,0
88300106516,https://cdn.shopify.com/s/files/1/0679/9792/5684/files/M0428.jpg?v=1740617722,cdn.shopify.com,shopify,files/remote/cdn.shopify.com/88300106516.jpg,0
88300106530,https://cdn.shopify.com/s/files/1/0679/9792/5684/files/F7151.jpg?v=1740617718,cdn.shopify.com,shopify,files/remote/cdn.shopify.com/88300106530.jpg,0
88300108404,https://cdn.shopify.com/s/files/1/0679/9792/5684/files/Z3434.jpg?v=1740609729,cdn.shopify.com,shopify,files/remote/cdn.shopify.com/88300108404.jpg,0
88300139477,https://cdn.shopify.com/s/files/1/0679/9792/5684/files/K4872.jpg?v=1740609771,cdn.shopify.com,shopify,files/remote/cdn.shopify.com/88300139477.jpg,0
88300139491,https://cdn.shopify.com/s/files/1/0679/9792/5684/files/V61116.jpg?v=1740609764,cdn.shopify.com,shopify,files/remote/cdn.shopify.com/88300139491.jpg,0
88300147953,https://cdn.shopify.com/s/files/1/0679/9792/5684/files/N43211.jpg?v=1740609767,cdn.shopify.com,shopify,files/remote/cdn.shopify.com/88300147953.jpg,0
88300178315,https://cdn.shopify.com/s/files/1/0679/9792/5684/files/Y0408.jpg?v=1740617707,cdn.shopify.com,shopify,files/remote/cdn.shopify.com/88300178315.jpg,0
88300178339,https://cdn.shopify.com/s/files/1/0679/9792/5684/files/T4263.jpg?v=1740617694,cdn.shopify.com,shopify,files/remote/cdn.shopify.com/88300178339.jpg,0
88300178445,https://cdn.shopify.com/s/files/1/0679/9792/5684/files/B96492.jpg?v=1740634527,cdn.shopify.com,shopify,files/remote/cdn.shopify.com/88300178445.jpg,0
88300188468,https://cdn.shopify.com/s/files/1/0679/9792/5684/files/O03512.jpg?v=1740636243,cdn.shopify.com,shopify,files/remote/cdn.shopify.com/88300188468.jpg,0
88300196807,https://cdn.shopify.com/s/files/1/0679/9792/5684/files/F0951.jpg?v=1740609791,cdn.shopify.com,shopify,files/remote/cdn.shopify.com/88300196807.jpg,0
88300196845,https://cdn.shopify.com/s/files/1/0679/9792/5684/files/R43036.jpg?v=1740609713,cdn.shopify.com,shopify,files/remote/cdn.shopify.com/88300196845.jpg,0
88300196869,https://cdn.shopify.com/s/files/1/0679/9792/5684/files/Z5421.jpg?v=1740609794,cdn.shopify.com,shopify,files/remote/cdn.shopify.com/88300196869.jpg,0
88300196883,https://cdn.shopify.com/s/files/1/0679/9792/5684/products/088300196890-9.jpg?v=1671881254,cdn.shopify.com,shopify,files/remote/cdn.shopify.com/88300196883.jpg,0
88300196913,https://cdn.shopify.com/s/files/1/0679/9792/5684/files/I1793.jpg?v=1740617711,cdn.shopify.com,shopify,files/remote/cdn.shopify.com/88300196913.jpg,0
88300196937,https://cdn.shopify.com/s/files/1/0679/9792/5684/products/088300196944-9.jpg?v=1673064048,cdn.shopify.com,shopify,files/remote/cdn.shopify.com/88300196937.jpg,0
88300603084,https://cdn.shopify.com/s/files/1/0679/9792/5684/products/088300603084-9.jpg?v=1671881011,cdn.shopify.com,shopify,files/remote/cdn.shopify.com/88300603084.jpg,0
88300605705,https://www.oceanfragrances.com/Foto/0088300605705.jpg,www.oceanfragrances.com,oceanfragrances,files/remote/www.oceanfragrances.com/88300605705.jpg,0
88300606702,https://cdn.shopify.com/s/files/1/0679/9792/5684/products/088300606702-1.jpg?v=1673063971,cdn.shopify.com,shopify,files/remote/cdn.shopify.com/88300606702.jpg,0
883991110862,https://cdn.shopify.com/s/files/1/0679/9792/5684/files/F512151.jpg?v=1740636936,cdn.shopify.com,shopify,files/remote/cdn.shopify.com/883991110862.jpg,0
884486456311,https://cdn.shopify.com/s/files/1/0679/9792/5684/products/884486456311-1.jpg?v=1671908710,cdn.shopify.com,shopify,files/remote/cdn.shopify.com/884486456311.jpg,0
884486456380,https://cdn.shopify.com/s/files/1/0679/9792/5684/products/884486456380-1.jpg?v=1671908716,cdn.shopify.com,shopify,files/remote/cdn.shopify.com/884486456380.jpg,0
886266091132,https://cdn.shopify.com/s/files/1/0679/9792/5684/files/P195223.jpg?v=1740623239,cdn.shopify.com,shopify,files/remote/cdn.shopify.com/886266091132.jpg,0
886266091224,https://cdn.shopify.com/s/files/1/0679/9792/5684/files/Z505429.jpg?v=1740623242,cdn.shopify.com,shopify,files/remote/cdn.shopify.com/886266091224.jpg,0
886266092122,https://cdn.shopify.com/s/files/1/0679/9792/5684/files/N7288211.jpg?v=1740635278,cdn.shopify.com,shopify,files/remote/cdn.shopify.com/886266092122.jpg,0
886266301132,https://cdn.shopify.com/s/files/1/0679/9792/5684/files/T006246.jpg?v=1740618741,cdn.shopify.com,shopify,files/remote/cdn.shopify.com/886266301132.jpg,0
886266321130,https://cdn.shopify.com/s/files/1/0679/9792/5684/files/J37929.jpg?v=1740618769,cdn.shopify.com,shopify,files/remote/cdn.shopify.com/886266321130.jpg,0
886266331115,https://cdn.shopify.com/s/files/1/0679/9792/5684/files/Z327430.jpg?v=1740618753,cdn.shopify.com,shopify,files/remote/cdn.shopify.com/886266331115.jpg,0
886266331139,https://cdn.shopify.com/s/files/1/0679/9792/5684/files/B976347.jpg?v=1740618757,cdn.shopify.com,shopify,files/remote/cdn.shopify.com/886266331139.jpg,0
886266371043,https://cdn.shopify.com/s/files/1/0679/9792/5684/files/X043736.jpg?v=1740611738,cdn.shopify.com,shopify,files/remote/cdn.shopify.com/886266371043.jpg,0
886266401047,https://cdn.shopify.com/s/files/1/0679/9792/5684/files/L125108.jpg?v=1740623281,cdn.shopify.com,shopify,files/remote/cdn.shopify.com/886266401047.jpg,0
886266441043,https://cdn.shopify.com/s/files/1/0679/9792/5684/files/V161727.jpg?v=1740611788,cdn.shopify.com,shopify,files/remote/cdn.shopify.com/886266441043.jpg,0
886266451035,https://cdn.shopify.com/s/files/1/0679/9792/5684/files/P515231.jpg?v=1740623266,cdn.shopify.com,shopify,files/remote/cdn.shopify.com/886266451035.jpg,0
886266461034,https://cdn.shopify.com/s/files/1/0679/9792/5684/files/Z515431.jpg?v=1740623269,cdn.shopify.com,shopify,files/remote/cdn.shopify.com/886266461034.jpg,0
886266481117,https://cdn.shopify.com/s/files/1/0679/9792/5684/files/T164278.jpg?v=1740611779,cdn.shopify.com,shopify,files/remote/cdn.shopify.com/886266481117.jpg,0
886266481131,https://cdn.shopify.com/s/files/1/0679/9792/5684/files/N9662213.jpg?v=1740611783,cdn.shopify.com,shopify,files/remote/cdn.shopify.com/886266481131.jpg,0
886266491130,https://cdn.shopify.com/s/files/1/0679/9792/5684/files/P001230.jpg?v=1740611757,cdn.shopify.com,shopify,files/remote/cdn.shopify.com/886266491130.jpg,0
886266491147,https://cdn.shopify.com/s/files/1/0679/9792/5684/files/L325999.jpg?v=1740611753,cdn.shopify.com,shopify,files/remote/cdn.shopify.com/886266491147.jpg,0
886266492120,https://cdn.shopify.com/s/files/1/0679/9792/5684/files/L526302.jpg?v=1740635282,cdn.shopify.com,shopify,files/remote/cdn.shopify.com/886266492120.jpg,0
886266501112,https://cdn.shopify.com/s/files/1/0679/9792/5684/files/T969274.jpg?v=1740611734,cdn.shopify.com,shopify,files/remote/cdn.shopify.com/886266501112.jpg,0
886266511142,https://cdn.shopify.com/s/files/1/0679/9792/5684/files/T881246.jpg?v=1740611761,cdn.shopify.com,shopify,files/remote/cdn.shopify.com/886266511142.jpg,0
886266512125,https://cdn.shopify.com/s/files/1/0679/9792/5684/files/L124114.jpg?v=1740635286,cdn.shopify.com,shopify,files/remote/cdn.shopify.com/886266512125.jpg,0
886266591113,https://cdn.shopify.com/s/files/1/0679/9792/5684/files/L926062.jpg?v=1740623250,cdn.shopify.com,shopify,files/remote/cdn.shopify.com/886266591113.jpg,0
886266591137,https://cdn.shopify.com/s/files/1/0679/9792/5684/files/R803036.jpg?v=1740623253,cdn.shopify.com,shopify,files/remote/cdn.shopify.com/886266591137.jpg,0
886266591144,https://cdn.shopify.com/s/files/1/0679/9792/5684/files/L403680.jpg?v=1740623246,cdn.shopify.com,shopify,files/remote/cdn.shopify.com/886266591144.jpg,0
886266681043,https://cdn.shopify.com/s/files/1/0679/9792/5684/files/J40629.jpg?v=1740623291,cdn.shopify.com,shopify,files/remote/cdn.shopify.com/886266681043.jpg,0
886266761042,https://cdn.shopify.com/s/files/1/0679/9792/5684/files/T086246.jpg?v=1740623230,cdn.shopify.com,shopify,files/remote/cdn.shopify.com/886266761042.jpg,0
886266921149,https://cdn.shopify.com/s/files/1/0679/9792/5684/files/D024644.jpg?v=1740611793,cdn.shopify.com,shopify,files/remote/cdn.shopify.com/886266921149.jpg,0
886266980023,https://cdn.shopify.com/s/files/1/0679/9792/5684/files/T169278.jpg?v=1740618745,cdn.shopify.com,shopify,files/remote/cdn.shopify.com/886266980023.jpg,0
886266980030,https://cdn.shopify.com/s/files/1/0679/9792/5684/files/V061938.jpg?v=1740623258,cdn.shopify.com,shopify,files/remote/cdn.shopify.com/886266980030.jpg,0
887167167629,https://cdn.shopify.com/s/files/1/0679/9792/5684/products/887167167629-9.jpg?v=1671831047,cdn.shopify.com,shopify,files/remote/cdn.shopify.com/887167167629.jpg,0
887167322387,https://cdn.shopify.com/s/files/1/0679/9792/5684/products/887167322387-9.jpg?v=1671831122,cdn.shopify.com,shopify,files/remote/cdn.shopify.com/887167322387.jpg,0
887167341852,https://cdn.shopify.com/s/files/1/0679/9792/5684/products/887167341852-9.jpg?v=1673049869,cdn.shopify.com,shopify,files/remote/cdn.shopify.com/887167341852.jpg,0
887167381872,https://cdn.shopify.com/s/files/1/0679/9792/5684/files/T935237.jpg?v=1740628146,cdn.shopify.com,shopify,files/remote/cdn.shopify.com/887167381872.jpg,0
887167381926,https://cdn.shopify.com/s/files/1/0679/9792/5684/files/R401028.jpg?v=1740629157,cdn.shopify.com,shopify,files/remote/cdn.shopify.com/887167381926.jpg,0
887167393271,https://cdn.shopify.com/s/files/1/0679/9792/5684/products/887167393271-9.jpg?v=1673049834,cdn.shopify.com,shopify,files/remote/cdn.shopify.com/887167393271.jpg,0
887167415942,https://images.btswholesaler.com/imgs/productos_cosmetica/imagenes/0887167539594.webp,images.btswholesaler.com,bts_cdn,files/remote/images.btswholesaler.com/887167415942.webp,0
887167421981,https://images.btswholesaler.com/imgs/productos_cosmetica/imagenes/0887167421981.webp,images.btswholesaler.com,bts_cdn,files/remote/images.btswholesaler.com/887167421981.webp,0
887167466715,https://images.btswholesaler.com/imgs/productos_cosmetica/imagenes/0887167466715_1.webp,images.btswholesaler.com,bts_cdn,files/remote/images.btswholesaler.com/887167466715.webp,0
887167466722,https://images.btswholesaler.com/imgs/productos_cosmetica/imagenes/0887167466722_1.webp,images.btswholesaler.com,bts_cdn,files/remote/images.btswholesaler.com/887167466722.webp,0
887167513082,https://cdn.shopify.com/s/files/1/0679/9792/5684/files/L324385.jpg?v=1740627644,cdn.shopify.com,shopify,files/remote/cdn.shopify.com/887167513082.jpg,0
887167589230,https://images.btswholesaler.com/imgs/productos_cosmetica/imagenes/0887167589230.webp,images.btswholesaler.com,bts_cdn,files/remote/images.btswholesaler.com/887167589230.webp,0
887167615182,https://images.btswholesaler.com/imgs/productos_cosmetica/imagenes/0887167615182.webp,images.btswholesaler.com,bts_cdn,files/remote/images.btswholesaler.com/887167615182.webp,0
887167618527,https://images.btswholesaler.com/imgs/productos_cosmetica/imagenes/0887167618527.webp,images.btswholesaler.com,bts_cdn,files/remote/images.btswholesaler.com/887167618527.webp,0
887167646407,https://images.btswholesaler.com/imgs/productos_cosmetica/imagenes/0887167646407.webp,images.btswholesaler.com,bts_cdn,files/remote/images.btswholesaler.com/887167646407.webp,0
887167727793,https://images.btswholesaler.com/imgs/productos_cosmetica/imagenes/0887167727793.webp,images.btswholesaler.com,bts_cdn,files/remote/images.btswholesaler.com/887167727793.webp,0
888066000055,https://cdn.shopify.com/s/files/1/0679/9792/5684/files/Q43336.jpg?v=1740616249,cdn.shopify.com,shopify,files/remote/cdn.shopify.com/888066000055.jpg,0
888066000161,https://cdn.shopify.com/s/files/1/0679/9792/5684/products/888066000161-9.jpg?v=1671882269,cdn.shopify.com,shopify,files/remote/cdn.shopify.com/888066000161.jpg,0
888066000512,https://cdn.shopify.com/s/files/1/0679/9792/5684/products/888066000512-9.jpg?v=1671882261,cdn.shopify.com,shopify,files/remote/cdn.shopify.com/888066000512.jpg,0
888066008457,https://cdn.shopify.com/s/files/1/0679/9792/5684/files/E435189.jpg?v=1740624379,cdn.shopify.com,shopify,files/remote/cdn.shopify.com/888066008457.jpg,0
888066015509,https://cdn.shopify.com/s/files/1/0679/9792/5684/files/J66381.jpg?v=1740621864,cdn.shopify.com,shopify,files/remote/cdn.shopify.com/888066015509.jpg,0
888066022569,https://cdn.shopify.com/s/files/1/0679/9792/5684/files/Q291184.jpg?v=1740616272,cdn.shopify.com,shopify,files/remote/cdn.shopify.com/888066022569.jpg,0
888066023788,https://cdn.shopify.com/s/files/1/0679/9792/5684/files/V851181.jpg?v=1740624383,cdn.shopify.com,shopify,files/remote/cdn.shopify.com/888066023788.jpg,0
888066023955,https://cdn.shopify.com/s/files/1/0679/9792/5684/files/N254216.jpg?v=1740616276,cdn.shopify.com,shopify,files/remote/cdn.shopify.com/888066023955.jpg,0
888066030212,https://cdn.shopify.com/s/files/1/0679/9792/5684/files/E051339.jpg?v=1740637102,cdn.shopify.com,shopify,files/remote/cdn.shopify.com/888066030212.jpg,0
888066048538,https://cdn.shopify.com/s/files/1/0679/9792/5684/files/D260257.jpg?v=1740616256,cdn.shopify.com,shopify,files/remote/cdn.shopify.com/888066048538.jpg,0
888066048958,https://cdn.shopify.com/s/files/1/0679/9792/5684/files/E371367.jpg?v=1740624412,cdn.shopify.com,shopify,files/remote/cdn.shopify.com/888066048958.jpg,0
888066050685,https://cdn.shopify.com/s/files/1/0679/9792/5684/files/X427310.jpg?v=1740624396,cdn.shopify.com,shopify,files/remote/cdn.shopify.com/888066050685.jpg,0
888066065832,https://cdn.shopify.com/s/files/1/0679/9792/5684/files/Z851429.jpg?v=1740635983,cdn.shopify.com,shopify,files/remote/cdn.shopify.com/888066065832.jpg,0
888066069618,https://cdn.shopify.com/s/files/1/0679/9792/5684/files/T884263.jpg?v=1740616246,cdn.shopify.com,shopify,files/remote/cdn.shopify.com/888066069618.jpg,0
888066070799,https://cdn.shopify.com/s/files/1/0679/9792/5684/files/N4325213.jpg?v=1740635976,cdn.shopify.com,shopify,files/remote/cdn.shopify.com/888066070799.jpg,0
888066073028,https://cdn.shopify.com/s/files/1/0679/9792/5684/files/J111981.jpg?v=1740632543,cdn.shopify.com,shopify,files/remote/cdn.shopify.com/888066073028.jpg,0
888066082563,https://cdn.shopify.com/s/files/1/0679/9792/5684/files/Z239422.jpg?v=1740632547,cdn.shopify.com,shopify,files/remote/cdn.shopify.com/888066082563.jpg,0
888066086370,https://cdn.shopify.com/s/files/1/0679/9792/5684/files/Z975428.jpg?v=1740629831,cdn.shopify.com,shopify,files/remote/cdn.shopify.com/888066086370.jpg,0
888066086943,https://cdn.shopify.com/s/files/1/0679/9792/5684/files/B576333.jpg?v=1740632558,cdn.shopify.com,shopify,files/remote/cdn.shopify.com/888066086943.jpg,0
888066086981,https://cdn.shopify.com/s/files/1/0679/9792/5684/files/T024268.jpg?v=1740632554,cdn.shopify.com,shopify,files/remote/cdn.shopify.com/888066086981.jpg,0
888066087933,https://cdn.shopify.com/s/files/1/0679/9792/5684/files/E491535.jpg?v=1740634939,cdn.shopify.com,shopify,files/remote/cdn.shopify.com/888066087933.jpg,0
888066096669,https://cdn.shopify.com/s/files/1/0679/9792/5684/files/P239222.jpg?v=1740631795,cdn.shopify.com,shopify,files/remote/cdn.shopify.com/888066096669.jpg,0
888066106139,https://cdn.shopify.com/s/files/1/0679/9792/5684/files/K325191.jpg?v=1740632551,cdn.shopify.com,shopify,files/remote/cdn.shopify.com/888066106139.jpg,0
888066130486,https://cdn.shopify.com/s/files/1/0679/9792/5684/files/L924962.jpg?v=1740624404,cdn.shopify.com,shopify,files/remote/cdn.shopify.com/888066130486.jpg,0
888066141222,https://cdn.shopify.com/s/files/1/0679/9792/5684/files/F312451.jpg?v=1740624408,cdn.shopify.com,shopify,files/remote/cdn.shopify.com/888066141222.jpg,0
8886467027093,https://cdn.shopify.com/s/files/1/0679/9792/5684/files/J528581.jpg?v=1740631696,cdn.shopify.com,shopify,files/remote/cdn.shopify.com/8886467027093.jpg,0
8886467027109,https://cdn.shopify.com/s/files/1/0679/9792/5684/files/T429276.jpg?v=1740631693,cdn.shopify.com,shopify,files/remote/cdn.shopify.com/8886467027109.jpg,0
8886467049477,https://cdn.shopify.com/s/files/1/0679/9792/5684/files/P613220.jpg?v=1740636232,cdn.shopify.com,shopify,files/remote/cdn.shopify.com/8886467049477.jpg,0
8886467049750,https://cdn.shopify.com/s/files/1/0679/9792/5684/files/V121923.jpg?v=1740637817,cdn.shopify.com,shopify,files/remote/cdn.shopify.com/8886467049750.jpg,0
8886467073403,https://cdn.shopify.com/s/files/1/0679/9792/5684/files/Z151430.jpg?v=1740635638,cdn.shopify.com,shopify,files/remote/cdn.shopify.com/8886467073403.jpg,0
8886467073410,https://cdn.shopify.com/s/files/1/0679/9792/5684/files/J507581.jpg?v=1740635649,cdn.shopify.com,shopify,files/remote/cdn.shopify.com/8886467073410.jpg,0
8886467073427,https://cdn.shopify.com/s/files/1/0679/9792/5684/files/T379275.jpg?v=1740635653,cdn.shopify.com,shopify,files/remote/cdn.shopify.com/8886467073427.jpg,0
8886467073434,https://cdn.shopify.com/s/files/1/0679/9792/5684/files/D5316105.jpg?v=1740635646,cdn.shopify.com,shopify,files/remote/cdn.shopify.com/8886467073434.jpg,0
8886467073441,https://cdn.shopify.com/s/files/1/0679/9792/5684/files/F418451.jpg?v=1740635642,cdn.shopify.com,shopify,files/remote/cdn.shopify.com/8886467073441.jpg,0
888874001152,https://cdn.shopify.com/s/files/1/0679/9792/5684/products/888874001152-9.jpg?v=1671863899,cdn.shopify.com,shopify,files/remote/cdn.shopify.com/888874001152.jpg,0
888874002401,https://images.btswholesaler.com/imgs/productos_cosmetica/imagenes/0888874002401.webp,images.btswholesaler.com,bts_cdn,files/remote/images.btswholesaler.com/888874002401.webp,0
888874006829,https://images.btswholesaler.com/imgs/productos_cosmetica/imagenes/0888874006829.webp,images.btswholesaler.com,bts_cdn,files/remote/images.btswholesaler.com/888874006829.webp,0
888874007420,https://images.btswholesaler.com/imgs/productos_cosmetica/imagenes/0888874007420.webp,images.btswholesaler.com,bts_cdn,files/remote/images.btswholesaler.com/888874007420.webp,0
888874007628,https://images.btswholesaler.com/imgs/productos_cosmetica/imagenes/0888874007628_1.webp,images.btswholesaler.com,bts_cdn,files/remote/images.btswholesaler.com/888874007628.webp,0
8901030841132,https://cdn.shopify.com/s/files/1/0679/9792/5684/files/J484981.jpg?v=1740635530,cdn.shopify.com,shopify,files/remote/cdn.shopify.com/8901030841132.jpg,0
8901360291515,https://cdn.shopify.com/s/files/1/0679/9792/5684/files/T454276.jpg?v=1740619203,cdn.shopify.com,shopify,files/remote/cdn.shopify.com/8901360291515.jpg,0
8901360291614,https://cdn.shopify.com/s/files/1/0679/9792/5684/files/D0366107.jpg?v=1740619207,cdn.shopify.com,shopify,files/remote/cdn.shopify.com/8901360291614.jpg,0
8901360291713,https://cdn.shopify.com/s/files/1/0679/9792/5684/files/N7619213.jpg?v=1740612754,cdn.shopify.com,shopify,files/remote/cdn.shopify.com/8901360291713.jpg,0
8901360291812,https://cdn.shopify.com/s/files/1/0679/9792/5684/files/B736458.jpg?v=1740612751,cdn.shopify.com,shopify,files/remote/cdn.shopify.com/8901360291812.jpg,0
8904442800551,https://cdn.shopify.com/s/files/1/0679/9792/5684/files/L326185.jpg?v=1740631665,cdn.shopify.com,shopify,files/remote/cdn.shopify.com/8904442800551.jpg,0
8904442800568,https://cdn.shopify.com/s/files/1/0679/9792/5684/files/B896463.jpg?v=1740631668,cdn.shopify.com,shopify,files/remote/cdn.shopify.com/8904442800568.jpg,0
8904442800643,https://cdn.shopify.com/s/files/1/0679/9792/5684/files/V801927.jpg?v=1740631672,cdn.shopify.com,shopify,files/remote/cdn.shopify.com/8904442800643.jpg,0
8906096160029,https://cdn.shopify.com/s/files/1/0679/9792/5684/files/F564551.jpg?v=1740618609,cdn.shopify.com,shopify,files/remote/cdn.shopify.com/8906096160029.jpg,0
8906096160647,https://cdn.shopify.com/s/files/1/0679/9792/5684/files/J564081.jpg?v=1740611471,cdn.shopify.com,shopify,files/remote/cdn.shopify.com/8906096160647.jpg,0
8906096160654,https://cdn.shopify.com/s/files/1/0679/9792/5684/files/T229278.jpg?v=1740611475,cdn.shopify.com,shopify,files/remote/cdn.shopify.com/8906096160654.jpg,0
8906096160982,https://cdn.shopify.com/s/files/1/0679/9792/5684/files/Z291431.jpg?v=1740623148,cdn.shopify.com,shopify,files/remote/cdn.shopify.com/8906096160982.jpg,0
8906096160999,https://cdn.shopify.com/s/files/1/0679/9792/5684/files/T204278.jpg?v=1740611463,cdn.shopify.com,shopify,files/remote/cdn.shopify.com/8906096160999.jpg,0
8906096161156,https://cdn.shopify.com/s/files/1/0679/9792/5684/files/V421938.jpg?v=1740611479,cdn.shopify.com,shopify,files/remote/cdn.shopify.com/8906096161156.jpg,0
8906096161231,https://cdn.shopify.com/s/files/1/0679/9792/5684/files/V781938.jpg?v=1740611483,cdn.shopify.com,shopify,files/remote/cdn.shopify.com/8906096161231.jpg,0
8906096161248,https://cdn.shopify.com/s/files/1/0679/9792/5684/files/B376470.jpg?v=1740618612,cdn.shopify.com,shopify,files/remote/cdn.shopify.com/8906096161248.jpg,0
8906096161330,https://cdn.shopify.com/s/files/1/0679/9792/5684/files/F564651.jpg?v=1740623152,cdn.shopify.com,shopify,files/remote/cdn.shopify.com/8906096161330.jpg,0
8906096161347,https://cdn.shopify.com/s/files/1/0679/9792/5684/files/V401940.jpg?v=1740611467,cdn.shopify.com,shopify,files/remote/cdn.shopify.com/8906096161347.jpg,0
8906096161354,https://cdn.shopify.com/s/files/1/0679/9792/5684/files/D5216109.jpg?v=1740611488,cdn.shopify.com,shopify,files/remote/cdn.shopify.com/8906096161354.jpg,0
8906096161453,https://cdn.shopify.com/s/files/1/0679/9792/5684/files/B236469.jpg?v=1740618624,cdn.shopify.com,shopify,files/remote/cdn.shopify.com/8906096161453.jpg,0
8906096161460,https://cdn.shopify.com/s/files/1/0679/9792/5684/files/J564581.jpg?v=1740618631,cdn.shopify.com,shopify,files/remote/cdn.shopify.com/8906096161460.jpg,0
8906096161477,https://cdn.shopify.com/s/files/1/0679/9792/5684/files/L526258.jpg?v=1740618627,cdn.shopify.com,shopify,files/remote/cdn.shopify.com/8906096161477.jpg,0
8906096161583,https://cdn.shopify.com/s/files/1/0679/9792/5684/files/L526256.jpg?v=1740623141,cdn.shopify.com,shopify,files/remote/cdn.shopify.com/8906096161583.jpg,0
8906096161606,https://cdn.shopify.com/s/files/1/0679/9792/5684/files/P291231.jpg?v=1740618599,cdn.shopify.com,shopify,files/remote/cdn.shopify.com/8906096161606.jpg,0
8906096161613,https://cdn.shopify.com/s/files/1/0679/9792/5684/files/F567351.jpg?v=1740618604,cdn.shopify.com,shopify,files/remote/cdn.shopify.com/8906096161613.jpg,0
8906096161644,https://cdn.shopify.com/s/files/1/0679/9792/5684/files/P347231.jpg?v=1740611455,cdn.shopify.com,shopify,files/remote/cdn.shopify.com/8906096161644.jpg,0
8906096161767,https://cdn.shopify.com/s/files/1/0679/9792/5684/files/F564051.jpg?v=1740611451,cdn.shopify.com,shopify,files/remote/cdn.shopify.com/8906096161767.jpg,0
8906096162320,https://cdn.shopify.com/s/files/1/0679/9792/5684/files/P281231.jpg?v=1740623125,cdn.shopify.com,shopify,files/remote/cdn.shopify.com/8906096162320.jpg,0
8906096162337,https://cdn.shopify.com/s/files/1/0679/9792/5684/files/Z281431.jpg?v=1740623129,cdn.shopify.com,shopify,files/remote/cdn.shopify.com/8906096162337.jpg,0
8906096162344,https://cdn.shopify.com/s/files/1/0679/9792/5684/files/V481938.jpg?v=1740623134,cdn.shopify.com,shopify,files/remote/cdn.shopify.com/8906096162344.jpg,0
8906096162351,https://cdn.shopify.com/s/files/1/0679/9792/5684/files/N0778214.jpg?v=1740623138,cdn.shopify.com,shopify,files/remote/cdn.shopify.com/8906096162351.jpg,0
8906096162368,https://cdn.shopify.com/s/files/1/0679/9792/5684/files/J564181.jpg?v=1740623156,cdn.shopify.com,shopify,files/remote/cdn.shopify.com/8906096162368.jpg,0
8906096162375,https://cdn.shopify.com/s/files/1/0679/9792/5684/files/T209278.jpg?v=1740623159,cdn.shopify.com,shopify,files/remote/cdn.shopify.com/8906096162375.jpg,0
899219002024,https://cdn.shopify.com/s/files/1/0679/9792/5684/files/N515297.jpg?v=1740611410,cdn.shopify.com,shopify,files/remote/cdn.shopify.com/899219002024.jpg,0
9003877901181,https://images.btswholesaler.com/imgs/productos_cosmetica/imagenes/9003877901181.webp,images.btswholesaler.com,bts_cdn,files/remote/images.btswholesaler.com/9003877901181.webp,0
9007867006405,https://images.btswholesaler.com/imgs/productos_parafarmacia/imagenes/9007867006405.webp,images.btswholesaler.com,bts_cdn,files/remote/images.btswholesaler.com/9007867006405.webp,0
9007867210697,https://cdn.shopify.com/s/files/1/0679/9792/5684/files/H802651.jpg?v=1740626354,cdn.shopify.com,shopify,files/remote/cdn.shopify.com/9007867210697.jpg,0
9007867257128,https://images.btswholesaler.com/imgs/productos_cosmetica/imagenes/9007867257128.webp,images.btswholesaler.com,bts_cdn,files/remote/images.btswholesaler.com/9007867257128.webp,0
9007867257135,https://cdn.shopify.com/s/files/1/0679/9792/5684/files/N186032.jpg?v=1740626358,cdn.shopify.com,shopify,files/remote/cdn.shopify.com/9007867257135.jpg,0
9007867270776,https://images.btswholesaler.com/imgs/productos_cosmetica/imagenes/9007867270776.webp,images.btswholesaler.com,bts_cdn,files/remote/images.btswholesaler.com/9007867270776.webp,0
9007867270783,https://cdn.shopify.com/s/files/1/0679/9792/5684/files/U119213.jpg?v=1740626351,cdn.shopify.com,shopify,files/remote/cdn.shopify.com/9007867270783.jpg,0
9007867715727,https://images.btswholesaler.com/imgs/productos_cosmetica/imagenes/9007867715727.webp,images.btswholesaler.com,bts_cdn,files/remote/images.btswholesaler.com/9007867715727.webp,0
9007867736890,https://images.btswholesaler.com/imgs/productos_cosmetica/imagenes/9007867736890.webp,images.btswholesaler.com,bts_cdn,files/remote/images.btswholesaler.com/9007867736890.webp,0
9007867737989,https://images.btswholesaler.com/imgs/productos_cosmetica/imagenes/9007867737989.webp,images.btswholesaler.com,bts_cdn,files/remote/images.btswholesaler.com/9007867737989.webp,0
9007867750902,https://cdn.shopify.com/s/files/1/0679/9792/5684/files/G140837.jpg?v=1740627703,cdn.shopify.com,shopify,files/remote/cdn.shopify.com/9007867750902.jpg,0
9007867760918,https://images.btswholesaler.com/imgs/productos_cosmetica/imagenes/9007867760918.webp,images.btswholesaler.com,bts_cdn,files/remote/images.btswholesaler.com/9007867760918.webp,0
9007867761823,https://images.btswholesaler.com/imgs/productos_cosmetica/imagenes/9007867761823.webp,images.btswholesaler.com,bts_cdn,files/remote/images.btswholesaler.com/9007867761823.webp,0
91000007106,https://cdn.shopify.com/s/files/1/0679/9792/5684/files/J180981.jpg?v=1740633375,cdn.shopify.com,shopify,files/remote/cdn.shopify.com/91000007106.jpg,0
9300000000002,https://cdn.shopify.com/s/files/1/0679/9792/5684/files/N266213.jpg?v=1740615437,cdn.shopify.com,shopify,files/remote/cdn.shopify.com/9300000000002.jpg,0
9339341001416,https://cdn.shopify.com/s/files/1/0679/9792/5684/products/9339341001416-1.jpg?v=1671905813,cdn.shopify.com,shopify,files/remote/cdn.shopify.com/9339341001416.jpg,0
9339341004202,https://cdn.shopify.com/s/files/1/0679/9792/5684/products/9339341004202-1.jpg?v=1671905730,cdn.shopify.com,shopify,files/remote/cdn.shopify.com/9339341004202.jpg,0
9339341006329,https://images.btswholesaler.com/imgs/productos_cosmetica/imagenes/9339341018339.webp,images.btswholesaler.com,bts_cdn,files/remote/images.btswholesaler.com/9339341006329.webp,0
9339341017073,https://cdn.shopify.com/s/files/1/0679/9792/5684/files/A193186.jpg?v=1740624552,cdn.shopify.com,shopify,files/remote/cdn.shopify.com/9339341017073.jpg,0
9340800002028,https://cdn.shopify.com/s/files/1/0679/9792/5684/files/J212081.jpg?v=1740627238,cdn.shopify.com,shopify,files/remote/cdn.shopify.com/9340800002028.jpg,0
9349830003999,https://cdn.shopify.com/s/files/1/0679/9792/5684/files/J335381.jpg?v=1740637646,cdn.shopify.com,shopify,files/remote/cdn.shopify.com/9349830003999.jpg,0
9349830025083,https://cdn.shopify.com/s/files/1/0679/9792/5684/files/D206938.jpg?v=1740636029,cdn.shopify.com,shopify,files/remote/cdn.shopify.com/9349830025083.jpg,0
9349830025649,https://cdn.shopify.com/s/files/1/0679/9792/5684/files/N3994211.jpg?v=1740617320,cdn.shopify.com,shopify,files/remote/cdn.shopify.com/9349830025649.jpg,0
9349830025748,https://cdn.shopify.com/s/files/1/0679/9792/5684/files/L925340.jpg?v=1740634379,cdn.shopify.com,shopify,files/remote/cdn.shopify.com/9349830025748.jpg,0
9349830025755,https://cdn.shopify.com/s/files/1/0679/9792/5684/files/P705226.jpg?v=1740633475,cdn.shopify.com,shopify,files/remote/cdn.shopify.com/9349830025755.jpg,0
9349830026363,https://cdn.shopify.com/s/files/1/0679/9792/5684/files/N6739211.jpg?v=1740618318,cdn.shopify.com,shopify,files/remote/cdn.shopify.com/9349830026363.jpg,0
9349830026370,https://cdn.shopify.com/s/files/1/0679/9792/5684/files/B136389.jpg?v=1740610544,cdn.shopify.com,shopify,files/remote/cdn.shopify.com/9349830026370.jpg,0
9349830027988,https://cdn.shopify.com/s/files/1/0679/9792/5684/files/L325341.jpg?v=1740622233,cdn.shopify.com,shopify,files/remote/cdn.shopify.com/9349830027988.jpg,0
9407613,https://cdn.shopify.com/s/files/1/0679/9792/5684/files/E475168.jpg?v=1740633259,cdn.shopify.com,shopify,files/remote/cdn.shopify.com/9407613.jpg,0
94100006970,https://cdn.shopify.com/s/files/1/0679/9792/5684/files/K44724.jpg?v=1740633191,cdn.shopify.com,shopify,files/remote/cdn.shopify.com/94100006970.jpg,0
9410510,https://cdn.shopify.com/s/files/1/0679/9792/5684/files/M265415.jpg?v=1740633214,cdn.shopify.com,shopify,files/remote/cdn.shopify.com/9410510.jpg,0
9418318,https://cdn.shopify.com/s/files/1/0679/9792/5684/files/N427034.jpg?v=1740633346,cdn.shopify.com,shopify,files/remote/cdn.shopify.com/9418318.jpg,0
9473218,https://cdn.shopify.com/s/files/1/0679/9792/5684/files/C881016.jpg?v=1740633255,cdn.shopify.com,shopify,files/remote/cdn.shopify.com/9473218.jpg,0
94800350373,https://cdn.shopify.com/s/files/1/0679/9792/5684/files/U571212.jpg?v=1740629823,cdn.shopify.com,shopify,files/remote/cdn.shopify.com/94800350373.jpg,0
94922794642,https://cdn.shopify.com/s/files/1/0679/9792/5684/files/L21343.jpg?v=1740618572,cdn.shopify.com,shopify,files/remote/cdn.shopify.com/94922794642.jpg,0
94922794772,https://cdn.shopify.com/s/files/1/0679/9792/5684/files/D40272.jpg?v=1740618575,cdn.shopify.com,shopify,files/remote/cdn.shopify.com/94922794772.jpg,0
96076316,https://cdn.shopify.com/s/files/1/0679/9792/5684/files/D280221.jpg?v=1740631200,cdn.shopify.com,shopify,files/remote/cdn.shopify.com/96076316.jpg,0
96137215,https://images.btswholesaler.com/imgs/productos_cosmetica/imagenes/0000096137215_1.webp,images.btswholesaler.com,bts_cdn,files/remote/images.btswholesaler.com/96137215.webp,0
96192467,https://cdn.shopify.com/s/files/1/0679/9792/5684/files/I772985.jpg?v=1740632746,cdn.shopify.com,shopify,files/remote/cdn.shopify.com/96192467.jpg,0
96193570,https://cdn.shopify.com/s/files/1/0679/9792/5684/files/H434575.jpg?v=1740632722,cdn.shopify.com,shopify,files/remote/cdn.shopify.com/96193570.jpg,0
96212318,https://cdn.shopify.com/s/files/1/0679/9792/5684/files/P355231.jpg?v=1740629502,cdn.shopify.com,shopify,files/remote/cdn.shopify.com/96212318.jpg,0
98132129225,https://cdn.shopify.com/s/files/1/0679/9792/5684/products/098132129225-1_1.jpg?v=1671820979,cdn.shopify.com,shopify,files/remote/cdn.shopify.com/98132129225.jpg,0
98132129232,https://cdn.shopify.com/s/files/1/0679/9792/5684/products/098132129232-1_1.jpg?v=1671820983,cdn.shopify.com,shopify,files/remote/cdn.shopify.com/98132129232.jpg,0
98132132102,https://cdn.shopify.com/s/files/1/0679/9792/5684/products/098132132102-1.jpg?v=1673045295,cdn.shopify.com,shopify,files/remote/cdn.shopify.com/98132132102.jpg,0
98132236831,https://cdn.shopify.com/s/files/1/0679/9792/5684/products/098132236831-1_1.jpg?v=1671820992,cdn.shopify.com,shopify,files/remote/cdn.shopify.com/98132236831.jpg,0
98132427864,https://cdn.shopify.com/s/files/1/0679/9792/5684/products/098132427864-1_1.jpg?v=1673044546,cdn.shopify.com,shopify,files/remote/cdn.shopify.com/98132427864.jpg,0
98132494651,https://cdn.shopify.com/s/files/1/0679/9792/5684/products/098132494651-1_1.jpg?v=1673044506,cdn.shopify.com,shopify,files/remote/cdn.shopify.com/98132494651.jpg,0
98132494668,https://cdn.shopify.com/s/files/1/0679/9792/5684/products/098132494668-1_1.jpg?v=1671820938,cdn.shopify.com,shopify,files/remote/cdn.shopify.com/98132494668.jpg,0
98132494675,https://cdn.shopify.com/s/files/1/0679/9792/5684/products/098132494675-1_1.jpg?v=1671820943,cdn.shopify.com,shopify,files/remote/cdn.shopify.com/98132494675.jpg,0
98132499625,https://cdn.shopify.com/s/files/1/0679/9792/5684/products/098132499625-1_1.jpg?v=1672153566,cdn.shopify.com,shopify,files/remote/cdn.shopify.com/98132499625.jpg,0
98132573936,https://cdn.shopify.com/s/files/1/0679/9792/5684/files/T424262.jpg?v=1740629254,cdn.shopify.com,shopify,files/remote/cdn.shopify.com/98132573936.jpg,0
98691026201,https://cdn.shopify.com/s/files/1/0679/9792/5684/files/T839255.jpg?v=1740613954,cdn.shopify.com,shopify,files/remote/cdn.shopify.com/98691026201.jpg,0
98691030482,https://cdn.shopify.com/s/files/1/0679/9792/5684/files/R647037.jpg?v=1740620206,cdn.shopify.com,shopify,files/remote/cdn.shopify.com/98691030482.jpg,0
98691037603,https://cdn.shopify.com/s/files/1/0679/9792/5684/files/D794658.jpg?v=1740620198,cdn.shopify.com,shopify,files/remote/cdn.shopify.com/98691037603.jpg,0
98691045448,https://cdn.shopify.com/s/files/1/0679/9792/5684/files/D6986.jpg?v=1740619756,cdn.shopify.com,shopify,files/remote/cdn.shopify.com/98691045448.jpg,0
98691046223,https://cdn.shopify.com/s/files/1/0679/9792/5684/files/K085191.jpg?v=1740613951,cdn.shopify.com,shopify,files/remote/cdn.shopify.com/98691046223.jpg,0
98691046254,https://cdn.shopify.com/s/files/1/0679/9792/5684/files/X923752.jpg?v=1740620202,cdn.shopify.com,shopify,files/remote/cdn.shopify.com/98691046254.jpg,0
9911100199918,https://cdn.shopify.com/s/files/1/0679/9792/5684/files/N2948213.jpg?v=1740620279,cdn.shopify.com,shopify,files/remote/cdn.shopify.com/9911100199918.jpg,0
9911100200010,https://cdn.shopify.com/s/files/1/0679/9792/5684/files/D906735.jpg?v=1740623687,cdn.shopify.com,shopify,files/remote/cdn.shopify.com/9911100200010.jpg,0
9911100200041,https://cdn.shopify.com/s/files/1/0679/9792/5684/files/L524198.jpg?v=1740623683,cdn.shopify.com,shopify,files/remote/cdn.shopify.com/9911100200041.jpg,0
9922200199913,https://cdn.shopify.com/s/files/1/0679/9792/5684/files/Z933430.jpg?v=1740634731,cdn.shopify.com,shopify,files/remote/cdn.shopify.com/9922200199913.jpg,0
9922200199920,https://cdn.shopify.com/s/files/1/0679/9792/5684/files/V161928.jpg?v=1740634700,cdn.shopify.com,shopify,files/remote/cdn.shopify.com/9922200199920.jpg,0
9922200199937,https://cdn.shopify.com/s/files/1/0679/9792/5684/files/F546951.jpg?v=1740634716,cdn.shopify.com,shopify,files/remote/cdn.shopify.com/9922200199937.jpg,0
9922200199944,https://cdn.shopify.com/s/files/1/0679/9792/5684/files/T334277.jpg?v=1740634712,cdn.shopify.com,shopify,files/remote/cdn.shopify.com/9922200199944.jpg,0
9922200199951,https://cdn.shopify.com/s/files/1/0679/9792/5684/files/Z939430.jpg?v=1740634735,cdn.shopify.com,shopify,files/remote/cdn.shopify.com/9922200199951.jpg,0
